App,Category,Rating,Reviews,Size,Installs,Type,Price,Content Rating,Genres,Last Updated,Current Ver,Android Ver,Avg_Compound,Avg_Positive,Avg_Neutral,Avg_Negative,Sentiment,Positive_Count,Neutral_Count,Negative_Count,Total_Reviews
Photo Editor & Candy Camera & Grid & ScrapBook,ART_AND_DESIGN,4.1,159,19.0,10000,Free,0.0,Everyone,Art & Design,"January 7, 2018",1.0.0,4.0.3 and up,,,,,Unknown,,,,
Coloring book moana,ART_AND_DESIGN,3.9,967,14.0,500000,Free,0.0,Everyone,Art & Design;Pretend Play,"January 15, 2018",2.0.0,4.0.3 and up,0.20147727272727273,0.5414090909090908,0.2848181818181818,0.17377272727272727,Positive,26.0,6.0,12.0,44.0
"U Launcher Lite – FREE Live Cool Themes, Hide Apps",ART_AND_DESIGN,4.7,87510,8.7,5000000,Free,0.0,Everyone,Art & Design,"August 1, 2018",1.2.4,4.0.3 and up,,,,,Unknown,,,,
Sketch - Draw & Paint,ART_AND_DESIGN,4.5,215644,25.0,50000000,Free,0.0,Teen,Art & Design,"June 8, 2018",Varies with device,4.2 and up,,,,,Unknown,,,,
Pixel Draw - Number Art Coloring Book,ART_AND_DESIGN,4.3,967,2.8,100000,Free,0.0,Everyone,Art & Design;Creativity,"June 20, 2018",1.1,4.4 and up,,,,,Unknown,,,,
Paper flowers instructions,ART_AND_DESIGN,4.4,167,5.6,50000,Free,0.0,Everyone,Art & Design,"March 26, 2017",1.0,2.3 and up,,,,,Unknown,,,,
Smoke Effect Photo Maker - Smoke Editor,ART_AND_DESIGN,3.8,178,19.0,50000,Free,0.0,Everyone,Art & Design,"April 26, 2018",1.1,4.0.3 and up,,,,,Unknown,,,,
Infinite Painter,ART_AND_DESIGN,4.1,36815,29.0,1000000,Free,0.0,Everyone,Art & Design,"June 14, 2018",6.1.61.1,4.2 and up,,,,,Unknown,,,,
Garden Coloring Book,ART_AND_DESIGN,4.4,13791,33.0,1000000,Free,0.0,Everyone,Art & Design,"September 20, 2017",2.9.2,3.0 and up,0.5219744444444444,0.5411777777777778,0.40149999999999997,0.057355555555555555,Positive,75.0,8.0,7.0,90.0
Kids Paint Free - Drawing Fun,ART_AND_DESIGN,4.7,121,3.1,10000,Free,0.0,Everyone,Art & Design;Creativity,"July 3, 2018",2.8,4.0.3 and up,,,,,Unknown,,,,
Text on Photo - Fonteee,ART_AND_DESIGN,4.4,13880,28.0,1000000,Free,0.0,Everyone,Art & Design,"October 27, 2017",1.0.4,4.1 and up,,,,,Unknown,,,,
Name Art Photo Editor - Focus n Filters,ART_AND_DESIGN,4.4,8788,12.0,1000000,Free,0.0,Everyone,Art & Design,"July 31, 2018",1.0.15,4.0 and up,,,,,Unknown,,,,
Tattoo Name On My Photo Editor,ART_AND_DESIGN,4.2,44829,20.0,10000000,Free,0.0,Teen,Art & Design,"April 2, 2018",3.8,4.1 and up,,,,,Unknown,,,,
Mandala Coloring Book,ART_AND_DESIGN,4.6,4326,21.0,100000,Free,0.0,Everyone,Art & Design,"June 26, 2018",1.0.4,4.4 and up,,,,,Unknown,,,,
3D Color Pixel by Number - Sandbox Art Coloring,ART_AND_DESIGN,4.4,1518,37.0,100000,Free,0.0,Everyone,Art & Design,"August 3, 2018",1.2.3,2.3 and up,,,,,Unknown,,,,
Photo Designer - Write your name with shapes,ART_AND_DESIGN,4.7,3632,5.5,500000,Free,0.0,Everyone,Art & Design,"July 31, 2018",3.1,4.1 and up,,,,,Unknown,,,,
350 Diy Room Decor Ideas,ART_AND_DESIGN,4.5,27,17.0,10000,Free,0.0,Everyone,Art & Design,"November 7, 2017",1.0,2.3 and up,,,,,Unknown,,,,
FlipaClip - Cartoon animation,ART_AND_DESIGN,4.3,194216,39.0,5000000,Free,0.0,Everyone,Art & Design,"August 3, 2018",2.2.5,4.0.3 and up,0.911825,0.38575000000000004,0.56125,0.05325,Positive,4.0,0.0,0.0,4.0
ibis Paint X,ART_AND_DESIGN,4.6,224399,31.0,10000000,Free,0.0,Everyone,Art & Design,"July 30, 2018",5.5.4,4.1 and up,,,,,Unknown,,,,
Logo Maker - Small Business,ART_AND_DESIGN,4.0,450,14.0,100000,Free,0.0,Everyone,Art & Design,"April 20, 2018",4.0,4.1 and up,,,,,Unknown,,,,
Boys Photo Editor - Six Pack & Men's Suit,ART_AND_DESIGN,4.1,654,12.0,100000,Free,0.0,Everyone,Art & Design,"March 20, 2018",1.1,4.0.3 and up,0.2291421052631579,0.5108421052631579,0.3815,0.1076578947368421,Positive,25.0,7.0,6.0,38.0
Superheroes Wallpapers | 4K Backgrounds,ART_AND_DESIGN,4.7,7699,4.2,500000,Free,0.0,Everyone 10+,Art & Design,"July 12, 2018",2.2.6.2,4.0.3 and up,,,,,Unknown,,,,
HD Mickey Minnie Wallpapers,ART_AND_DESIGN,4.7,118,23.0,50000,Free,0.0,Everyone,Art & Design,"July 7, 2018",1.1.3,4.1 and up,,,,,Unknown,,,,
Harley Quinn wallpapers HD,ART_AND_DESIGN,4.8,192,6.0,10000,Free,0.0,Everyone,Art & Design,"April 25, 2018",1.5,3.0 and up,,,,,Unknown,,,,
Colorfit - Drawing & Coloring,ART_AND_DESIGN,4.7,20260,25.0,500000,Free,0.0,Everyone,Art & Design;Creativity,"October 11, 2017",1.0.8,4.0.3 and up,0.5928894736842105,0.300921052631579,0.6047368421052631,0.09436842105263157,Positive,34.0,1.0,3.0,38.0
Animated Photo Editor,ART_AND_DESIGN,4.1,203,6.1,100000,Free,0.0,Everyone,Art & Design,"March 21, 2018",1.03,4.0.3 and up,0.28359142857142855,0.5163714285714286,0.36934285714285714,0.11428571428571428,Positive,21.0,10.0,4.0,35.0
Pencil Sketch Drawing,ART_AND_DESIGN,3.9,136,4.6,10000,Free,0.0,Everyone,Art & Design,"July 12, 2018",6.0,2.3 and up,,,,,Unknown,,,,
Easy Realistic Drawing Tutorial,ART_AND_DESIGN,4.1,223,4.2,100000,Free,0.0,Everyone,Art & Design,"August 22, 2017",1.0,2.3 and up,,,,,Unknown,,,,
Pink Silver Bow Keyboard Theme,ART_AND_DESIGN,4.2,1120,9.2,100000,Free,0.0,Everyone,Art & Design,"July 12, 2018",6.7.12.2018,4.0.3 and up,,,,,Unknown,,,,
Art Drawing Ideas,ART_AND_DESIGN,4.1,227,5.2,50000,Free,0.0,Everyone,Art & Design,"May 31, 2018",1.2,2.3 and up,,,,,Unknown,,,,
Anime Manga Coloring Book,ART_AND_DESIGN,4.5,5035,11.0,100000,Free,0.0,Everyone,Art & Design,"July 19, 2018",2.20,4.0 and up,0.5375833333333333,0.5067916666666666,0.4405833333333333,0.052625,Positive,20.0,2.0,2.0,24.0
Easy Origami Ideas,ART_AND_DESIGN,4.2,1015,11.0,100000,Free,0.0,Everyone,Art & Design,"January 6, 2018",1.1.0,4.1 and up,0.0845264705882353,0.2923529411764706,0.516,0.19164705882352942,Positive,18.0,6.0,10.0,34.0
I Creative Idea,ART_AND_DESIGN,4.7,353,4.2,10000,Free,0.0,Teen,Art & Design,"April 27, 2018",1.6,4.1 and up,,,,,Unknown,,,,
How to draw Ladybug and Cat Noir,ART_AND_DESIGN,3.8,564,9.2,100000,Free,0.0,Everyone,Art & Design,"July 11, 2018",2.1,4.1 and up,,,,,Unknown,,,,
UNICORN - Color By Number & Pixel Art Coloring,ART_AND_DESIGN,4.7,8145,24.0,500000,Free,0.0,Everyone,Art & Design;Creativity,"August 2, 2018",1.0.9,4.4 and up,,,,,Unknown,,,,
PIP Camera - PIP Collage Maker,ART_AND_DESIGN,4.7,158,11.0,10000,Free,0.0,Everyone,Art & Design,"November 29, 2017",1.3,4.0.3 and up,,,,,Unknown,,,,
How To Color Disney Princess - Coloring Pages,ART_AND_DESIGN,4.0,591,9.4,500000,Free,0.0,Everyone,Art & Design,"March 31, 2018",1,4.0 and up,,,,,Unknown,,,,
Drawing Clothes Fashion Ideas,ART_AND_DESIGN,4.2,117,15.0,10000,Free,0.0,Everyone,Art & Design,"July 20, 2018",2.0.1,4.0.3 and up,,,,,Unknown,,,,
Sad Poetry Photo Frames 2018,ART_AND_DESIGN,4.5,176,10.0,100000,Free,0.0,Everyone,Art & Design,"April 2, 2018",1.0,4.0.3 and up,,,,,Unknown,,,,
Paint Splash!,ART_AND_DESIGN,3.8,2206,1.2,100000,Free,0.0,Everyone,Art & Design;Creativity,"April 15, 2018",1.46,4.1 and up,,,,,Unknown,,,,
Popsicle Sticks and Similar DIY Craft Ideas,ART_AND_DESIGN,4.2,26,12.0,10000,Free,0.0,Everyone,Art & Design,"January 3, 2018",1.0.0,4.1 and up,,,,,Unknown,,,,
"Canva: Poster, banner, card maker & graphic design",ART_AND_DESIGN,4.7,174531,24.0,10000000,Free,0.0,Everyone,Art & Design,"July 31, 2018",1.6.1,4.1 and up,0.5162868421052632,0.31257894736842107,0.6070263157894736,0.08047368421052631,Positive,31.0,2.0,5.0,38.0
Install images with music to make video without Net - 2018,ART_AND_DESIGN,4.6,1070,26.0,100000,Free,0.0,Everyone,Art & Design,"November 14, 2017",1.6,4.1 and up,,,,,Unknown,,,,
Little Teddy Bear Colouring Book Game,ART_AND_DESIGN,4.2,85,8.0,100000,Free,0.0,Everyone,Art & Design,"December 17, 2017",2.0.0,4.1 and up,,,,,Unknown,,,,
How To Draw Food,ART_AND_DESIGN,4.3,845,7.9,100000,Free,0.0,Everyone,Art & Design,"May 28, 2018",1.0,2.3 and up,,,,,Unknown,,,,
Monster Truck Stunt 3D 2019,AUTO_AND_VEHICLES,4.2,367,25.0,100000,Free,0.0,Everyone,Auto & Vehicles,"May 10, 2018",1.0,4.0.3 and up,,,,,Unknown,,,,
Real Tractor Farming,AUTO_AND_VEHICLES,4.0,1598,56.0,1000000,Free,0.0,Everyone,Auto & Vehicles,"July 26, 2018",11.0,4.1 and up,,,,,Unknown,,,,
Ultimate F1 Racing Championship,AUTO_AND_VEHICLES,3.8,284,57.0,100000,Free,0.0,Everyone,Auto & Vehicles,"July 26, 2018",3.0,4.1 and up,,,,,Unknown,,,,
American Muscle Car Race,AUTO_AND_VEHICLES,3.9,129,35.0,100000,Free,0.0,Everyone,Auto & Vehicles,"July 26, 2018",3.0,4.1 and up,,,,,Unknown,,,,
Offroad Oil Tanker Driver Transport Truck 2019,AUTO_AND_VEHICLES,4.3,542,33.0,100000,Free,0.0,Everyone,Auto & Vehicles,"July 31, 2018",4.0,4.1 and up,,,,,Unknown,,,,
Tickets SDA 2018 and Exam from the State Traffic Safety Inspectorate with Drom.ru,AUTO_AND_VEHICLES,4.9,10479,33.0,100000,Free,0.0,Everyone,Auto & Vehicles,"July 18, 2018",1.7.1,4.0 and up,,,,,Unknown,,,,
Gas Prices (Germany only),AUTO_AND_VEHICLES,4.4,805,5.6,50000,Free,0.0,Everyone,Auto & Vehicles,"July 29, 2018",2.5.1,4.4 and up,,,,,Unknown,,,,
Extreme Rally Championship,AUTO_AND_VEHICLES,4.2,129,54.0,100000,Free,0.0,Everyone,Auto & Vehicles,"July 26, 2018",3.0,4.1 and up,,,,,Unknown,,,,
Restart Navigator,AUTO_AND_VEHICLES,4.0,1403,0.201,100000,Free,0.0,Everyone,Auto & Vehicles,"August 26, 2014",1.0.1,2.2 and up,,,,,Unknown,,,,
"REG - Check the regnumber, find information about Swedish vehicles",AUTO_AND_VEHICLES,3.9,3971,3.6,100000,Free,0.0,Everyone,Auto & Vehicles,"July 30, 2018",2.493,4.4 and up,,,,,Unknown,,,,
CityBus Lviv,AUTO_AND_VEHICLES,4.6,534,5.7,10000,Free,0.0,Everyone,Auto & Vehicles,"July 8, 2018",1.9.1,4.0.3 and up,,,,,Unknown,,,,
CDL Practice Test 2018 Edition,AUTO_AND_VEHICLES,4.9,7774,17.0,100000,Free,0.0,Everyone,Auto & Vehicles,"July 3, 2018",1.7,4.2 and up,0.4604166666666667,0.30183333333333334,0.6410416666666666,0.057125,Positive,20.0,3.0,1.0,24.0
"ezETC (ETC balance inquiry, meter trial, real-time traffic)",AUTO_AND_VEHICLES,4.3,38846,8.6,1000000,Free,0.0,Everyone,Auto & Vehicles,"July 28, 2018",2.20 Build 02,4.1 and up,,,,,Unknown,,,,
Free VIN Report for Used Cars,AUTO_AND_VEHICLES,4.6,2431,2.4,100000,Free,0.0,Everyone,Auto & Vehicles,"June 12, 2018",1.37,4.0 and up,0.5276914285714286,0.3631714285714286,0.6070571428571429,0.029771428571428574,Positive,26.0,8.0,1.0,35.0
DMV Permit Practice Test 2018 Edition,AUTO_AND_VEHICLES,4.9,6090,27.0,100000,Free,0.0,Everyone,Auto & Vehicles,"July 3, 2018",1.7,4.2 and up,0.6323205882352941,0.33691176470588236,0.5983235294117647,0.0646470588235294,Positive,32.0,1.0,1.0,34.0
Check Vehicle Tax,AUTO_AND_VEHICLES,3.9,295,2.7,10000,Free,0.0,Everyone,Auto & Vehicles,"July 30, 2018",0.2.1,4.4 and up,,,,,Unknown,,,,
Used Cars Mexico,AUTO_AND_VEHICLES,4.0,190,2.5,50000,Free,0.0,Everyone,Auto & Vehicles,"October 14, 2016",1.0,2.3 and up,,,,,Unknown,,,,
Used cars for sale - Trovit,AUTO_AND_VEHICLES,4.2,52530,7.0,5000000,Free,0.0,Everyone,Auto & Vehicles,"July 16, 2018",4.47.3,4.0.3 and up,,,,,Unknown,,,,
"Fines of the State Traffic Safety Inspectorate are official: inspection, payment of fines",AUTO_AND_VEHICLES,4.8,116986,35.0,5000000,Free,0.0,Everyone,Auto & Vehicles,"August 2, 2018",1.9.7,4.0.3 and up,,,,,Unknown,,,,
SK Enca Direct Malls - Used Cars Search,AUTO_AND_VEHICLES,3.6,1379,16.0,500000,Free,0.0,Everyone,Auto & Vehicles,"August 2, 2018",2.2.21,4.2 and up,,,,,Unknown,,,,
"Android Auto - Maps, Media, Messaging & Voice",AUTO_AND_VEHICLES,4.2,271920,16.0,10000000,Free,0.0,Teen,Auto & Vehicles,"July 11, 2018",Varies with device,5.0 and up,0.7355096774193548,0.2521935483870968,0.6839677419354838,0.06387096774193549,Positive,29.0,0.0,2.0,31.0
Tickets SDA 2019 + Exam RF,AUTO_AND_VEHICLES,4.8,7021,17.0,500000,Free,0.0,Everyone,Auto & Vehicles,"July 27, 2018",1.79,4.0 and up,,,,,Unknown,,,,
Super Cars Wallpapers And Backgrounds,AUTO_AND_VEHICLES,4.6,197,3.4,50000,Free,0.0,Everyone,Auto & Vehicles,"June 14, 2018",1.3,4.0 and up,,,,,Unknown,,,,
"Police Lights, Sirens & Follow Me",AUTO_AND_VEHICLES,4.5,737,8.9,100000,Free,0.0,Everyone,Auto & Vehicles,"June 8, 2018",2.3.5.1,4.1 and up,,,,,Unknown,,,,
Police Detector (Speed Camera Radar),AUTO_AND_VEHICLES,4.3,3574,3.9,1000000,Free,0.0,Everyone 10+,Auto & Vehicles,"July 4, 2018",1.6,4.0 and up,,,,,Unknown,,,,
Best Car Wallpapers,AUTO_AND_VEHICLES,4.5,994,2.9,100000,Free,0.0,Everyone,Auto & Vehicles,"March 27, 2018",1.6,4.1 and up,-0.03326666666666667,0.16233333333333333,0.5043333333333333,0.3333333333333333,Negative,1.0,1.0,1.0,3.0
Tickets + PDA 2018 Exam,AUTO_AND_VEHICLES,4.9,197136,38.0,1000000,Free,0.0,Everyone,Auto & Vehicles,"July 15, 2018",8.31,4.1 and up,,,,,Unknown,,,,
Pick Your Part Garage,AUTO_AND_VEHICLES,3.9,142,32.0,50000,Free,0.0,Everyone,Auto & Vehicles,"July 24, 2018",1.1.5.0,6.0 and up,,,,,Unknown,,,,
PakWheels: Buy & Sell Cars,AUTO_AND_VEHICLES,4.4,15168,37.0,1000000,Free,0.0,Everyone,Auto & Vehicles,"July 27, 2018",10.0.2,4.2 and up,,,,,Unknown,,,,
Supervision service,AUTO_AND_VEHICLES,4.0,2155,15.0,500000,Free,0.0,Everyone,Auto & Vehicles,"July 30, 2018",1.10.3,5.0 and up,,,,,Unknown,,,,
Speed Camera Detector - Traffic & Speed Alert,AUTO_AND_VEHICLES,4.3,138,5.4,100000,Free,0.0,Everyone,Auto & Vehicles,"July 23, 2018",1.0,4.0.3 and up,,,,,Unknown,,,,
Used car search Goo net whole car Go to net,AUTO_AND_VEHICLES,3.7,5414,18.0,1000000,Free,0.0,Everyone,Auto & Vehicles,"July 23, 2018",3.20.1,4.4 and up,,,,,Unknown,,,,
BEST CAR SOUNDS,AUTO_AND_VEHICLES,4.3,348,38.0,100000,Free,0.0,Everyone,Auto & Vehicles,"July 29, 2018",1.0.3,2.3 and up,0.33494594594594596,0.5253243243243244,0.4264054054054054,0.04827027027027027,Positive,26.0,9.0,2.0,37.0
RST - Sale of cars on the PCT,AUTO_AND_VEHICLES,3.2,250,1.1,100000,Free,0.0,Everyone,Auto & Vehicles,"April 27, 2018",1.4,4.0.3 and up,,,,,Unknown,,,,
SMS Park,AUTO_AND_VEHICLES,4.5,3617,7.9,100000,Free,0.0,Everyone,Auto & Vehicles,"May 16, 2018",2.8.2,4.1 and up,,,,,Unknown,,,,
SKencar,AUTO_AND_VEHICLES,3.7,4806,35.0,1000000,Free,0.0,Everyone,Auto & Vehicles,"July 31, 2018",4.0.3,4.0.3 and up,,,,,Unknown,,,,
auto fines,AUTO_AND_VEHICLES,4.6,31433,17.0,1000000,Free,0.0,Everyone,Auto & Vehicles,"August 2, 2018",1.40,4.0.3 and up,,,,,Unknown,,,,
"Used car is the first car - used car purchase, used car quotation, dealer information to",AUTO_AND_VEHICLES,4.6,5097,19.0,1000000,Free,0.0,Everyone,Auto & Vehicles,"July 23, 2018",1.5.18,4.0.3 and up,,,,,Unknown,,,,
All of the parking lot - National Park application (parking lot search / parking sharing / discount payment),AUTO_AND_VEHICLES,4.0,1754,14.0,500000,Free,0.0,Everyone,Auto & Vehicles,"June 2, 2018",2.3.4,4.0 and up,,,,,Unknown,,,,
Inquiry Fines and Debits of Vehicles,AUTO_AND_VEHICLES,4.4,2680,2.2,500000,Free,0.0,Everyone,Auto & Vehicles,"March 20, 2018",1.03,4.0.3 and up,,,,,Unknown,,,,
Gas Station,AUTO_AND_VEHICLES,4.0,1288,4.5,100000,Free,0.0,Everyone,Auto & Vehicles,"April 21, 2018",2.17,4.0 and up,,,,,Unknown,,,,
Hush - Beauty for Everyone,BEAUTY,4.7,18900,17.0,500000,Free,0.0,Everyone,Beauty,"August 2, 2018",6.10.1,5.0 and up,,,,,Unknown,,,,
"ipsy: Makeup, Beauty, and Tips",BEAUTY,4.9,49790,14.0,1000000,Free,0.0,Everyone,Beauty,"November 9, 2017",2.3.0,4.1 and up,,,,,Unknown,,,,
Natural recipes for your beauty,BEAUTY,4.7,1150,9.8,100000,Free,0.0,Everyone,Beauty,"May 15, 2018",4.0,4.1 and up,,,,,Unknown,,,,
"BestCam Selfie-selfie, beauty camera, photo editor",BEAUTY,3.9,1739,21.0,500000,Free,0.0,Everyone,Beauty,"July 12, 2018",1.0.6,4.0.3 and up,-0.04854040404040404,0.26294949494949493,0.4684040404040404,0.2686363636363636,Negative,30.0,33.0,36.0,99.0
Beauty Selfie Camera,BEAUTY,4.2,2225,52.0,500000,Free,0.0,Everyone,Beauty,"February 28, 2018",1.6,4.1 and up,,,,,Unknown,,,,
Hairstyles step by step,BEAUTY,4.6,4369,14.0,100000,Free,0.0,Everyone,Beauty,"July 25, 2018",1.9,4.0.3 and up,0.5325271604938272,0.6440740740740741,0.33871604938271604,0.017209876543209875,Positive,74.0,3.0,4.0,81.0
Filters for Selfie,BEAUTY,4.3,8572,25.0,1000000,Free,0.0,Everyone,Beauty,"May 10, 2018",1.1.0,4.0 and up,0.15336666666666668,0.3551746031746032,0.46204761904761904,0.1827777777777778,Positive,33.0,12.0,18.0,63.0
Tie - Always be happy,BEAUTY,4.7,964,9.0,50000,Free,0.0,Everyone,Beauty,"June 21, 2018",4.0,4.2 and up,,,,,Unknown,,,,
Prom MakeUp Tutorial,BEAUTY,4.8,104,12.0,10000,Free,0.0,Everyone,Beauty,"June 26, 2018",1.3,4.0.3 and up,,,,,Unknown,,,,
Sweet Selfie Beauty Camera,BEAUTY,4.3,601,35.0,100000,Free,0.0,Everyone,Beauty,"June 2, 2018",2.0.0,4.0 and up,,,,,Unknown,,,,
Colors of white in Urdu,BEAUTY,4.5,36,6.7,10000,Free,0.0,Everyone,Beauty,"July 26, 2018",6.0,4.0 and up,,,,,Unknown,,,,
Selfie Camera Photo Editor & Filter & Sticker,BEAUTY,4.1,187,30.0,50000,Free,0.0,Teen,Beauty,"July 24, 2018",3.0.1,4.0.3 and up,,,,,Unknown,,,,
Eyes Makeup Beauty Tips,BEAUTY,4.2,30,2.9,10000,Free,0.0,Everyone,Beauty,"April 9, 2018",3.3.9,4.0.3 and up,,,,,Unknown,,,,
Photo Editor 2018,BEAUTY,4.5,134,17.0,10000,Free,0.0,Everyone,Beauty,"March 1, 2018",1.20,4.0.3 and up,,,,,Unknown,,,,
Step By Step Eyes Makeup Tutorial,BEAUTY,4.4,74,2.9,10000,Free,0.0,Everyone,Beauty,"April 5, 2018",2.3.09,4.0.3 and up,,,,,Unknown,,,,
Mirror Camera (Mirror + Selfie Camera),BEAUTY,4.1,9315,2.6,1000000,Free,0.0,Everyone,Beauty,"November 21, 2017",1.4.2,4.0 and up,,,,,Unknown,,,,
Beauty Tips - Beauty Tips in Sinhala,BEAUTY,4.4,75,4.2,50000,Free,0.0,Everyone,Beauty,"October 18, 2017",1.0.0,4.0.3 and up,,,,,Unknown,,,,
Haircut Tutorials/Haircut Videos,BEAUTY,4.6,38,7.1,10000,Free,0.0,Everyone,Beauty,"May 29, 2018",1.0,4.0 and up,,,,,Unknown,,,,
"Sephora: Skin Care, Beauty Makeup & Fragrance Shop",BEAUTY,4.5,26834,57.0,1000000,Free,0.0,Everyone,Beauty,"July 24, 2018",18.5,5.0 and up,,,,,Unknown,,,,
"Sticker Camera - Selfie Filters, Beauty Camera",BEAUTY,3.9,2277,22.0,500000,Free,0.0,Everyone,Beauty,"July 12, 2018",1.1.0,4.0.3 and up,,,,,Unknown,,,,
Filters for B Live,BEAUTY,4.4,2280,24.0,500000,Free,0.0,Everyone,Beauty,"May 14, 2018",1.1.0,4.0 and up,0.22072666666666668,0.3799666666666667,0.5303666666666667,0.08966666666666666,Positive,16.0,11.0,3.0,30.0
Facial Wrinkle Reduction,BEAUTY,4.6,184,21.0,10000,Free,0.0,Everyone,Beauty,"July 2, 2018",1.5,4.1 and up,,,,,Unknown,,,,
Makeup Videos,BEAUTY,3.8,9,3.4,5000,Free,0.0,Everyone,Beauty,"June 7, 2018",1.0,4.0 and up,,,,,Unknown,,,,
Discover Color,BEAUTY,4.0,364,6.4,100000,Free,0.0,Everyone,Beauty,"May 24, 2018",1.1,4.0.3 and up,,,,,Unknown,,,,
Eyeliner step by step 2018,BEAUTY,4.3,18,3.2,5000,Free,0.0,Everyone,Beauty,"June 1, 2018",1.2.13,4.0.3 and up,,,,,Unknown,,,,
Dresses Ideas & Fashions +3000,BEAUTY,4.5,473,8.2,100000,Free,0.0,Mature 17+,Beauty,"March 1, 2017",1.0.2.0,1.6 and up,0.41758965517241375,0.6051724137931035,0.3614137931034483,0.033448275862068964,Positive,24.0,4.0,1.0,29.0
Step By Step Hairstyles For Women,BEAUTY,4.1,66,2.9,10000,Free,0.0,Everyone,Beauty,"April 5, 2018",3.1.89,4.0.3 and up,,,,,Unknown,,,,
Rainbow Camera,BEAUTY,3.7,3871,23.0,1000000,Free,0.0,Everyone,Beauty,"July 30, 2018",2.2.0,4.0 and up,,,,,Unknown,,,,
Methods of teeth whitening,BEAUTY,4.7,257,4.6,50000,Free,0.0,Everyone,Beauty,"August 7, 2017",1.0,4.0.3 and up,,,,,Unknown,,,,
Girls hairstyles 2018,BEAUTY,4.2,62,3.1,10000,Free,0.0,Everyone,Beauty,"May 28, 2018",1.9.2,4.0.3 and up,,,,,Unknown,,,,
E-Book Read - Read Book for free,BOOKS_AND_REFERENCE,4.5,1857,4.9,50000,Free,0.0,Everyone,Books & Reference,"August 3, 2018",1.3.2,4.4 and up,,,,,Unknown,,,,
Download free book with green book,BOOKS_AND_REFERENCE,4.6,4478,9.5,100000,Free,0.0,Everyone 10+,Books & Reference,"July 31, 2017",1.1,4.0 and up,,,,,Unknown,,,,
Free Panda Radio Music,BOOKS_AND_REFERENCE,4.5,418,4.2,100000,Free,0.0,Everyone,Books & Reference,"March 27, 2018",2.1,4.1 and up,0.20481666666666667,0.3785,0.6215,0.0,Neutral,3.0,3.0,0.0,6.0
Book store,BOOKS_AND_REFERENCE,4.4,22486,5.4,1000000,Free,0.0,Teen,Books & Reference,"June 6, 2018",3.2.1,4.0 and up,,,,,Unknown,,,,
English Grammar Complete Handbook,BOOKS_AND_REFERENCE,4.6,1435,2.8,500000,Free,0.0,Everyone,Books & Reference,"January 21, 2018",1.0,4.0 and up,,,,,Unknown,,,,
Free Books - Spirit Fanfiction and Stories,BOOKS_AND_REFERENCE,4.8,116507,5.0,1000000,Free,0.0,Teen,Books & Reference,"August 1, 2018",2.0.075,4.0.3 and up,,,,,Unknown,,,,
AlReader -any text book reader,BOOKS_AND_REFERENCE,4.6,90468,5.9,5000000,Free,0.0,Everyone,Books & Reference,"May 27, 2018",1.911805270,2.3 and up,0.4158487179487179,0.29625641025641025,0.6424102564102565,0.061358974358974354,Positive,28.0,5.0,6.0,39.0
Offline English Dictionary,BOOKS_AND_REFERENCE,4.2,860,13.0,100000,Free,0.0,Everyone,Books & Reference,"July 17, 2018",1.0,4.0.3 and up,,,,,Unknown,,,,
Oxford Dictionary of English : Free,BOOKS_AND_REFERENCE,4.1,363934,7.1,10000000,Free,0.0,Everyone,Books & Reference,"July 11, 2018",9.1.363,4.1 and up,,,,,Unknown,,,,
Offline: English to Tagalog Dictionary,BOOKS_AND_REFERENCE,4.7,967,6.7,500000,Free,0.0,Everyone,Books & Reference,"August 4, 2018",1.1.6,4.0.3 and up,,,,,Unknown,,,,
FamilySearch Tree,BOOKS_AND_REFERENCE,4.3,17506,17.0,1000000,Free,0.0,Everyone,Books & Reference,"July 20, 2018",2.3.18,4.1 and up,0.39261666666666667,0.3736333333333333,0.5671999999999999,0.059133333333333336,Positive,24.0,2.0,4.0,30.0
Cloud of Books,BOOKS_AND_REFERENCE,3.3,1862,19.0,1000000,Free,0.0,Everyone,Books & Reference,"April 27, 2018",2.2.5,4.1 and up,,,,,Unknown,,,,
Recipes of Prophetic Medicine for free,BOOKS_AND_REFERENCE,4.6,2084,6.7,500000,Free,0.0,Everyone,Books & Reference,"May 17, 2018",15.0,2.3 and up,,,,,Unknown,,,,
ReadEra – free ebook reader,BOOKS_AND_REFERENCE,4.8,47303,21.0,1000000,Free,0.0,Everyone,Books & Reference,"June 2, 2018",18.05.31+530,4.1 and up,,,,,Unknown,,,,
Ebook Reader,BOOKS_AND_REFERENCE,4.1,85842,37.0,5000000,Free,0.0,Everyone,Books & Reference,"June 25, 2018",5.0.6,4.0 and up,0.5118641025641025,0.4361794871794872,0.5103589743589744,0.05348717948717948,Positive,36.0,1.0,2.0,39.0
Litnet - E-books,BOOKS_AND_REFERENCE,4.6,7831,15.0,100000,Free,0.0,Teen,Books & Reference,"July 4, 2018",1.2.3,4.0 and up,,,,,Unknown,,,,
Read books online,BOOKS_AND_REFERENCE,4.1,91615,23.0,5000000,Free,0.0,Mature 17+,Books & Reference,"June 29, 2018",3.12,4.1 and up,,,,,Unknown,,,,
English to Urdu Dictionary,BOOKS_AND_REFERENCE,4.6,4620,19.0,500000,Free,0.0,Everyone,Books & Reference,"November 23, 2017",2.0,4.0.3 and up,,,,,Unknown,,,,
eBoox: book reader fb2 epub zip,BOOKS_AND_REFERENCE,4.7,21336,23.0,1000000,Free,0.0,Everyone,Books & Reference,"June 20, 2018",1.28,3.0 and up,,,,,Unknown,,,,
English Persian Dictionary,BOOKS_AND_REFERENCE,4.5,26875,73.0,500000,Free,0.0,Everyone,Books & Reference,"August 1, 2018",6.0.8,4.0.3 and up,,,,,Unknown,,,,
Flybook,BOOKS_AND_REFERENCE,3.9,1778,4.9,500000,Free,0.0,Mature 17+,Books & Reference,"October 16, 2014",1.0.3,2.1 and up,,,,,Unknown,,,,
All Maths Formulas,BOOKS_AND_REFERENCE,4.4,2709,6.8,1000000,Free,0.0,Everyone,Books & Reference,"July 11, 2018",1.9,4.4 and up,0.3777060606060606,0.5143030303030304,0.3983030303030303,0.08739393939393938,Positive,25.0,4.0,4.0,33.0
English translation from Bengali,BOOKS_AND_REFERENCE,4.5,527,2.9,100000,Free,0.0,Everyone,Books & Reference,"March 31, 2018",14.0,4.0 and up,,,,,Unknown,,,,
Pdf Book Download - Read Pdf Book,BOOKS_AND_REFERENCE,4.4,1322,3.5,100000,Free,0.0,Everyone,Books & Reference,"May 28, 2018",6.0,4.0.3 and up,,,,,Unknown,,,,
Free Book Reader,BOOKS_AND_REFERENCE,3.4,1680,4.0,100000,Free,0.0,Everyone,Books & Reference,"August 20, 2016",3.05,4.0.3 and up,,,,,Unknown,,,,
eBoox new: Reader for fb2 epub zip books,BOOKS_AND_REFERENCE,4.9,2739,21.0,50000,Free,0.0,Everyone,Books & Reference,"July 17, 2018",2.0,3.0 and up,,,,,Unknown,,,,
"Only 30 days in English, the guideline is guaranteed",BOOKS_AND_REFERENCE,4.6,1065,2.3,500000,Free,0.0,Everyone,Books & Reference,"June 16, 2018",1.5,3.0 and up,,,,,Unknown,,,,
English-Myanmar Dictionary,BOOKS_AND_REFERENCE,4.4,8788,10.0,1000000,Free,0.0,Everyone,Books & Reference,"July 28, 2018",2.5.3,4.0 and up,0.43410789473684214,0.5733684210526316,0.41276315789473683,0.013894736842105264,Positive,33.0,4.0,1.0,38.0
Golden Dictionary (EN-AR),BOOKS_AND_REFERENCE,4.4,51269,6.1,1000000,Free,0.0,Everyone,Books & Reference,"July 19, 2018",7.0.4.6,4.2 and up,0.3031621621621622,0.5097567567567568,0.4561351351351351,0.03410810810810811,Positive,25.0,9.0,3.0,37.0
All Language Translator Free,BOOKS_AND_REFERENCE,4.4,30105,2.1,1000000,Free,0.0,Everyone,Books & Reference,"July 29, 2018",1.15,4.0.3 and up,0.4404633333333334,0.5407666666666666,0.4355333333333333,0.023700000000000002,Positive,24.0,4.0,2.0,30.0
Azpen eReader,BOOKS_AND_REFERENCE,3.5,156,42.0,500000,Free,0.0,Everyone,Books & Reference,"February 15, 2018",3.1.7.9,2.2 and up,0.2509217391304348,0.38582608695652176,0.4767391304347826,0.13743478260869565,Positive,14.0,3.0,6.0,23.0
English Dictionary - Offline,BOOKS_AND_REFERENCE,4.4,341157,30.0,10000000,Free,0.0,Everyone 10+,Books & Reference,"March 20, 2018",3.9.1,4.2 and up,,,,,Unknown,,,,
ADP Mobile Solutions,BUSINESS,4.3,85185,29.0,5000000,Free,0.0,Everyone,Business,"July 17, 2018",3.4.2,5.0 and up,,,,,Unknown,,,,
OfficeSuite : Free Office + PDF Editor,BUSINESS,4.3,1002861,35.0,100000000,Free,0.0,Everyone,Business,"August 2, 2018",9.7.14188,4.1 and up,,,,,Unknown,,,,
USPS MOBILE®,BUSINESS,3.9,16589,9.1,1000000,Free,0.0,Everyone,Business,"June 14, 2018",4.9.10,4.0.3 and up,,,,,Unknown,,,,
Job Search by ZipRecruiter,BUSINESS,4.8,148945,25.0,1000000,Free,0.0,Everyone,Business,"July 19, 2018",5.2.8,5.0 and up,,,,,Unknown,,,,
Curriculum vitae App CV Builder Free Resume Maker,BUSINESS,4.5,4458,3.9,500000,Free,0.0,Everyone,Business,"July 8, 2018",3.3,4.1 and up,0.4877447368421053,0.40192105263157896,0.5495,0.04863157894736842,Positive,30.0,5.0,3.0,38.0
Google Primer,BUSINESS,4.4,62272,18.0,10000000,Free,0.0,Everyone,Business,"June 26, 2018",3.550.2,4.1 and up,0.5326500000000001,1.0,0.0,0.0,Positive,2.0,0.0,0.0,2.0
Alba Heaven - Alvarez Job Portal Services,BUSINESS,4.0,8941,12.0,5000000,Free,0.0,Everyone,Business,"July 31, 2018",4.6.30,4.0.3 and up,,,,,Unknown,,,,
SuperLivePro,BUSINESS,4.3,46353,21.0,1000000,Free,0.0,Everyone,Business,"April 13, 2016",2.8,1.5 and up,,,,,Unknown,,,,
Polaris Office for LG,BUSINESS,4.2,30847,55.0,5000000,Free,0.0,Everyone,Business,"February 8, 2018",7.3.21,4.1 and up,,,,,Unknown,,,,
Call Blocker,BUSINESS,4.6,188841,3.2,5000000,Free,0.0,Everyone,Business,"June 21, 2018",1.1.13,4.0 and up,0.17136666666666667,0.20066666666666666,0.628,0.17133333333333334,Positive,2.0,0.0,1.0,3.0
Plugin:AOT v5.0,BUSINESS,3.1,4034,0.023,100000,Free,0.0,Everyone,Business,"September 11, 2015",3.0.1.11 (Build 311),2.2 and up,,,,,Unknown,,,,
Kariyer.net,BUSINESS,3.9,45964,16.0,1000000,Free,0.0,Everyone,Business,"July 18, 2018",5.1.5,4.1 and up,,,,,Unknown,,,,
Become a Job - Find a job or advertise,BUSINESS,4.1,6903,14.0,1000000,Free,0.0,Everyone,Business,"July 10, 2018",2.3.6,4.1 and up,,,,,Unknown,,,,
ZOOM Cloud Meetings,BUSINESS,4.4,31614,37.0,10000000,Free,0.0,Everyone,Business,"July 20, 2018",4.1.28165.0716,4.0 and up,,,,,Unknown,,,,
"IndiaMART: Search Products, Buy, Sell & Trade",BUSINESS,4.5,207372,11.0,5000000,Free,0.0,Everyone,Business,"August 2, 2018",12.2.4,4.0 and up,,,,,Unknown,,,,
ViettelPost express delivery,BUSINESS,4.4,1225,25.0,100000,Free,0.0,Everyone,Business,"August 1, 2018",1.0.6.8,4.1 and up,,,,,Unknown,,,,
MyASUS - Service Center,BUSINESS,4.4,380837,7.3,10000000,Free,0.0,Everyone,Business,"July 4, 2018",3.4.5,4.2 and up,,,,,Unknown,,,,
Job Korea - Career Jobs,BUSINESS,4.3,10600,6.5,1000000,Free,0.0,Everyone,Business,"August 1, 2018",2.5.6,4.0 and up,,,,,Unknown,,,,
"104 Looking for a job - looking for a job, looking for a job, looking for a part-time job, health checkup, resume, treatment room",BUSINESS,4.4,74359,25.0,1000000,Free,0.0,Everyone,Business,"July 27, 2018",1.12.5,4.0 and up,,,,,Unknown,,,,
Myanmar 2D/3D,BUSINESS,4.6,822,3.1,100000,Free,0.0,Everyone,Business,"June 8, 2018",1.5,4.0.3 and up,,,,,Unknown,,,,
sABN,BUSINESS,4.4,2287,1.5,1000000,Free,0.0,Everyone,Business,"March 26, 2018",4.9,2.2 and up,,,,,Unknown,,,,
ATI Cargoes and Transportation,BUSINESS,4.7,4162,7.5,100000,Free,0.0,Everyone,Business,"July 24, 2018",0.9.4,4.0.3 and up,,,,,Unknown,,,,
Secure Folder,BUSINESS,3.8,14760,8.6,50000000,Free,0.0,Everyone,Business,"January 31, 2018",1.1.07.6,7.0 and up,,,,,Unknown,,,,
Tiny Scanner - PDF Scanner App,BUSINESS,4.7,286897,39.0,10000000,Free,0.0,Everyone,Business,"May 30, 2017",1.2.6,3.0 and up,,,,,Unknown,,,,
Fast Scanner : Free PDF Scan,BUSINESS,4.5,103755,14.0,10000000,Free,0.0,Everyone,Business,"July 11, 2018",3.9.2,4.1 and up,0.5447648648648649,0.4126351351351351,0.5713378378378379,0.016027027027027026,Positive,61.0,11.0,2.0,74.0
Mobile Doc Scanner (MDScan) Lite,BUSINESS,4.2,46505,19.0,1000000,Free,0.0,Everyone,Business,"August 2, 2018",3.4.49,4.1 and up,,,,,Unknown,,,,
TurboScan: scan documents and receipts in PDF,BUSINESS,4.7,11442,6.8,100000,Paid,4.99,Everyone,Business,"March 25, 2018",1.5.2,4.0 and up,,,,,Unknown,,,,
Tiny Scanner Pro: PDF Doc Scan,BUSINESS,4.8,10295,39.0,100000,Paid,4.99,Everyone,Business,"April 11, 2017",3.4.6,3.0 and up,,,,,Unknown,,,,
Zenefits,BUSINESS,4.2,296,14.0,50000,Free,0.0,Everyone,Business,"June 15, 2018",3.2.1,4.1 and up,,,,,Unknown,,,,
Google Ads,BUSINESS,4.3,29313,20.0,5000000,Free,0.0,Everyone,Business,"July 30, 2018",1.12.0,4.0.3 and up,0.2869138888888889,0.4071388888888889,0.5304444444444445,0.06243055555555556,Positive,48.0,8.0,16.0,72.0
FreshBooks Classic,BUSINESS,4.1,1802,26.0,100000,Free,0.0,Everyone,Business,"April 18, 2018",1.7.14,4.2 and up,0.26267402597402595,0.2282337662337662,0.6607792207792208,0.11106493506493506,Positive,50.0,10.0,17.0,77.0
Insightly CRM,BUSINESS,3.8,1383,51.0,100000,Free,0.0,Everyone,Business,"July 12, 2018",3.24.1,5.0 and up,,,,,Unknown,,,,
QuickBooks Accounting: Invoicing & Expenses,BUSINESS,4.3,23175,41.0,1000000,Free,0.0,Everyone,Business,"July 13, 2018",18.7,4.1 and up,,,,,Unknown,,,,
HipChat - Chat Built for Teams,BUSINESS,3.8,5868,20.0,500000,Free,0.0,Everyone,Business,"July 3, 2018",3.19.005,4.1 and up,-0.14166060606060607,0.04565151515151515,0.8508939393939394,0.10346969696969696,Neutral,8.0,31.0,27.0,66.0
"MailChimp - Email, Marketing Automation",BUSINESS,4.1,5448,12.0,500000,Free,0.0,Everyone,Business,"July 25, 2018",4.9.1,5.0 and up,,,,,Unknown,,,,
Crew - Free Messaging and Scheduling,BUSINESS,4.6,4159,48.0,500000,Free,0.0,Everyone,Business,"July 20, 2018",6.1.2,4.0.3 and up,0.6113275,0.47043749999999995,0.4879125,0.041612500000000004,Positive,76.0,0.0,4.0,80.0
Asana: organize team projects,BUSINESS,4.3,20815,10.0,1000000,Free,0.0,Everyone,Business,"July 26, 2018",6.4.4,5.0 and up,0.49117906976744186,0.30990697674418605,0.579953488372093,0.11016279069767441,Positive,38.0,0.0,5.0,43.0
Google Analytics,BUSINESS,4.5,78662,22.0,1000000,Free,0.0,Everyone,Business,"February 13, 2018",3.7.5,4.4 and up,,,,,Unknown,,,,
AdWords Express,BUSINESS,4.1,7149,11.0,1000000,Free,0.0,Everyone,Business,"July 31, 2018",2.6.158,4.0 and up,0.145438,0.25896,0.6613,0.07974,Neutral,19.0,24.0,7.0,50.0
Accounting App - Zoho Books,BUSINESS,4.5,3079,8.5,100000,Free,0.0,Everyone,Business,"August 2, 2018",5.20.7,4.1 and up,0.4424676056338028,0.5173380281690141,0.4505492957746479,0.03211267605633803,Positive,59.0,8.0,4.0,71.0
Invoice & Time Tracking - Zoho,BUSINESS,4.6,5800,8.6,100000,Free,0.0,Everyone,Business,"August 2, 2018",5.20.7,4.1 and up,,,,,Unknown,,,,
Invoice 2go — Professional Invoices and Estimates,BUSINESS,4.2,16422,28.0,1000000,Free,0.0,Everyone,Business,"August 1, 2018",10.46.2,4.1 and up,,,,,Unknown,,,,
Cisco Webex Meetings,BUSINESS,4.4,108741,28.0,10000000,Free,0.0,Everyone,Business,"July 20, 2018",11.1.0,4.3 and up,0.3236769230769231,0.2154871794871795,0.705974358974359,0.07846153846153846,Positive,25.0,6.0,8.0,39.0
ScreenMeet. Easy Phone Meeting,BUSINESS,4.0,624,9.0,100000,Free,0.0,Everyone,Business,"March 22, 2018",1.2.287,5.0 and up,,,,,Unknown,,,,
Cisco Webex Teams,BUSINESS,4.2,1661,46.0,100000,Free,0.0,Everyone,Business,"August 2, 2018",3.0.4651,4.4 and up,0.2262025,0.270675,0.64415,0.085275,Positive,24.0,6.0,10.0,40.0
Start Meeting,BUSINESS,4.1,308,14.0,50000,Free,0.0,Everyone,Business,"May 29, 2018",3.1.4.0,4.0.3 and up,,,,,Unknown,,,,
ClickMeeting Webinars,BUSINESS,3.8,5211,26.0,1000000,Free,0.0,Everyone,Business,"July 30, 2018",3.3.0,4.0 and up,,,,,Unknown,,,,
BlueJeans for Android,BUSINESS,3.9,1058,23.0,500000,Free,0.0,Everyone,Business,"June 29, 2018",2.22.397,5.0 and up,,,,,Unknown,,,,
Verify - Receipts & Expenses,BUSINESS,4.5,413,29.0,10000,Free,0.0,Everyone,Business,"July 25, 2018",2.0.19,5.0 and up,,,,,Unknown,,,,
Manga Master - Best manga & comic reader,COMICS,4.6,24005,4.9,500000,Free,0.0,Adults only 18+,Comics,"July 4, 2018",1.1.7.0,4.1 and up,,,,,Unknown,,,,
GANMA! - All original stories free of charge for all original comics,COMICS,4.7,57106,27.0,1000000,Free,0.0,Teen,Comics,"July 23, 2018",2.11.3,4.1 and up,,,,,Unknown,,,,
Röhrich Werner Soundboard,COMICS,4.7,2249,32.0,500000,Free,0.0,Everyone,Comics,"November 16, 2017",1.08,4.0.3 and up,,,,,Unknown,,,,
Unicorn Pokez - Color By Number,COMICS,4.8,516,12.0,50000,Free,0.0,Everyone,Comics;Creativity,"August 3, 2018",1.0.6,4.4 and up,,,,,Unknown,,,,
MangaToon - Comics updated Daily,COMICS,3.9,834,15.0,50000,Free,0.0,Mature 17+,Comics,"August 1, 2018",1.0.8,4.1 and up,,,,,Unknown,,,,
Manga Net – Best Online Manga Reader,COMICS,4.1,1010,11.0,50000,Free,0.0,Mature 17+,Comics,"July 7, 2018",1.5,4.1 and up,,,,,Unknown,,,,
Manga Rock - Best Manga Reader,COMICS,4.4,238970,28.0,1000000,Free,0.0,Teen,Comics,"July 9, 2018",3.4.3_world,5.0 and up,,,,,Unknown,,,,
Manga - read Thai translation,COMICS,4.6,302,2.2,10000,Free,0.0,Teen,Comics,"July 3, 2018",1.0,4.0 and up,,,,,Unknown,,,,
The Vietnam Story - Fun Stories,COMICS,4.5,438,3.4,10000,Free,0.0,Everyone,Comics,"December 27, 2017",1.0,2.3 and up,,,,,Unknown,,,,
Dragon Ball Wallpaper - Ringtones,COMICS,4.7,73,8.3,10000,Free,0.0,Everyone,Comics,"July 23, 2018",1.9,4.0.3 and up,,,,,Unknown,,,,
Funny Jokes Photos,COMICS,4.4,39,4.3,10000,Free,0.0,Everyone 10+,Comics,"July 3, 2018",1.1,4.2 and up,,,,,Unknown,,,,
Truyện Vui Tý Quậy,COMICS,4.5,144,4.7,10000,Free,0.0,Everyone,Comics,"July 19, 2018",3.0,4.0.3 and up,,,,,Unknown,,,,
Comic Es - Shojo manga / love comics free of charge ♪ ♪,COMICS,3.9,2181,10.0,100000,Free,0.0,Teen,Comics,"March 5, 2018",1.2.12,4.0.3 and up,,,,,Unknown,,,,
comico Popular Original Cartoon Updated Everyday Comico,COMICS,3.2,93965,15.0,5000000,Free,0.0,Teen,Comics,"July 3, 2018",6.3.0,4.0.3 and up,,,,,Unknown,,,,
Daily Manga - Comic & Webtoon,COMICS,3.2,1446,7.1,100000,Free,0.0,Mature 17+,Comics,"May 18, 2018",1.0,4.0.3 and up,,,,,Unknown,,,,
"漫咖 Comics - Manga,Novel and Stories",COMICS,4.1,12088,21.0,1000000,Free,0.0,Mature 17+,Comics,"July 6, 2018",2.3.1,4.0.3 and up,,,,,Unknown,,,,
Emmanuella Funny Videos 2018,COMICS,4.5,314,6.1,100000,Free,0.0,Everyone,Comics,"May 23, 2018",3.1.0,4.1 and up,,,,,Unknown,,,,
Manga Zero - Japanese cartoon and comic reader,COMICS,4.2,15194,15.0,1000000,Free,0.0,Teen,Comics,"July 19, 2018",4.7.3,4.2 and up,,,,,Unknown,,,,
Marvel Unlimited,COMICS,3.7,22551,11.0,1000000,Free,0.0,Teen,Comics,"July 24, 2018",3.16.0,4.4 and up,,,,,Unknown,,,,
"Tapas – Comics, Novels, and Stories",COMICS,4.5,29839,29.0,1000000,Free,0.0,Teen,Comics,"July 31, 2018",4.1.0,4.4 and up,,,,,Unknown,,,,
Children's cartoons (Mithu-Mina-Raju),COMICS,4.6,279,3.3,100000,Free,0.0,Everyone,Comics,"December 18, 2017",1.6,4.0 and up,,,,,Unknown,,,,
Faustop Sounds,COMICS,4.7,1677,40.0,100000,Free,0.0,Everyone,Comics,"May 26, 2018",1.7.7,4.1 and up,,,,,Unknown,,,,
Manga Mania - Best online manga reader,COMICS,4.4,757,10.0,10000,Free,0.0,Teen,Comics,"May 24, 2018",1.0,4.1 and up,,,,,Unknown,,,,
- Free Comics - Comic Apps,COMICS,3.5,115,9.1,10000,Free,0.0,Mature 17+,Comics,"July 13, 2018",5.0.12,5.0 and up,,,,,Unknown,,,,
Manga AZ - Manga Comic Reader,COMICS,3.3,125,4.7,5000,Free,0.0,Teen,Comics,"July 24, 2018",1.0.4,4.0.3 and up,,,,,Unknown,,,,
Buff Thun - Daily Free Webtoon / Comics / Web Fiction / Mini Game,COMICS,4.5,9952,38.0,500000,Free,0.0,Everyone 10+,Comics,"July 31, 2018",4.3.0,4.1 and up,,,,,Unknown,,,,
Funny Jokes and Stories 2018,COMICS,4.2,21,6.7,5000,Free,0.0,Everyone,Comics,"March 31, 2018",1.3,4.0 and up,,,,,Unknown,,,,
Hojiboy Tojiboyev Life Hacks,COMICS,5.0,15,37.0,1000,Free,0.0,Everyone,Comics,"June 26, 2018",2.0,4.0.3 and up,,,,,Unknown,,,,
"Best Wallpapers Backgrounds(100,000+ 4K HD)",COMICS,4.7,3596,7.8,10000,Free,0.0,Teen,Comics,"June 16, 2018",1.01,4.0.3 and up,0.3971,0.46749999999999997,0.5325,0.0,Positive,7.0,3.0,0.0,10.0
think Comics,COMICS,4.4,1006,19.0,50000,Free,0.0,Everyone,Comics,"August 3, 2018",2.3.3,4.0.3 and up,,,,,Unknown,,,,
Memes Button,COMICS,4.4,5968,5.7,1000000,Free,0.0,Everyone,Comics,"May 28, 2018",1.4,4.0 and up,,,,,Unknown,,,,
"Laftel - Watching and Announcing Snooping, Streaming",COMICS,4.6,4895,35.0,100000,Free,0.0,Everyone,Comics,"August 2, 2018",2.4.25,4.4 and up,,,,,Unknown,,,,
Messenger for SMS,COMMUNICATION,4.3,125257,17.0,10000000,Free,0.0,Teen,Communication,"June 6, 2018",1.8.9,4.1 and up,,,,,Unknown,,,,
My Tele2,COMMUNICATION,4.3,158679,8.8,5000000,Free,0.0,Everyone,Communication,"August 3, 2018",2.4.1,4.4 and up,,,,,Unknown,,,,
Yahoo Mail – Stay Organized,COMMUNICATION,4.3,4187998,16.0,100000000,Free,0.0,Everyone,Communication,"July 18, 2018",5.29.3,4.4 and up,,,,,Unknown,,,,
imo beta free calls and text,COMMUNICATION,4.3,659395,11.0,100000000,Free,0.0,Everyone,Communication,"June 7, 2018",9.8.000000010492,4.0 and up,,,,,Unknown,,,,
imo free video calls and chat,COMMUNICATION,4.3,4785892,11.0,500000000,Free,0.0,Everyone,Communication,"June 8, 2018",9.8.000000010501,4.0 and up,,,,,Unknown,,,,
Call Free – Free Call,COMMUNICATION,4.3,30209,15.0,5000000,Free,0.0,Everyone,Communication,"July 28, 2018",1.3.4,4.1 and up,,,,,Unknown,,,,
Web Browser & Explorer,COMMUNICATION,4.0,36901,6.6,5000000,Free,0.0,Everyone,Communication,"July 4, 2018",11.8.6,4.0.3 - 7.1.1,,,,,Unknown,,,,
Browser 4G,COMMUNICATION,4.3,192948,6.6,10000000,Free,0.0,Everyone,Communication,"June 19, 2018",24.6.6,4.0.3 - 7.1.1,0.37367058823529414,0.5386470588235294,0.432,0.02935294117647059,Positive,26.0,7.0,1.0,34.0
Cricket Visual Voicemail,COMMUNICATION,3.9,13698,5.1,10000000,Free,0.0,Everyone,Communication,"July 2, 2018",3.2.0.100171,4.1 and up,0.07609,0.1577,0.717375,0.12484999999999999,Positive,22.0,4.0,14.0,40.0
TracFone My Account,COMMUNICATION,3.6,20769,18.0,1000000,Free,0.0,Everyone,Communication,"July 11, 2018",R6.0.3,4.1 and up,,,,,Unknown,,,,
Firefox Focus: The privacy browser,COMMUNICATION,4.4,36880,4.0,1000000,Free,0.0,Everyone,Communication,"July 6, 2018",5.2,5.0 and up,0.4630671875,0.2345,0.6804375,0.085125,Positive,47.0,7.0,10.0,64.0
TouchPal Keyboard - Fun Emoji & Android Keyboard,COMMUNICATION,4.4,615381,37.0,10000000,Free,0.0,Mature 17+,Communication,"August 2, 2018",6.7.9.1,4.0.3 and up,,,,,Unknown,,,,
Skype Lite - Free Video Call & Chat,COMMUNICATION,4.2,33053,22.0,5000000,Free,0.0,Everyone,Communication,"July 31, 2018",1.60.0.31354-release,4.0.3 and up,,,,,Unknown,,,,
UC Browser Mini -Tiny Fast Private & Secure,COMMUNICATION,4.4,3648120,3.3,100000000,Free,0.0,Teen,Communication,"July 18, 2018",11.4.0,4.0 and up,,,,,Unknown,,,,
WhatsApp Business,COMMUNICATION,4.4,136662,32.0,10000000,Free,0.0,Everyone,Communication,"July 30, 2018",2.18.116,4.0.3 and up,,,,,Unknown,,,,
My magenta,COMMUNICATION,3.9,42370,37.0,1000000,Free,0.0,Everyone,Communication,"June 25, 2018",7.5.1,5.0 and up,,,,,Unknown,,,,
Antillean Gold Telegram (original version),COMMUNICATION,4.4,2939,17.0,100000,Free,0.0,Everyone,Communication,"July 16, 2018",2.1,4.1 and up,,,,,Unknown,,,,
Omlet Chat,COMMUNICATION,3.9,40751,35.0,10000000,Free,0.0,Teen,Communication,"November 4, 2016",2.2.7600,4.0.3 and up,,,,,Unknown,,,,
UC Browser - Fast Download Private & Secure,COMMUNICATION,4.5,17712922,40.0,500000000,Free,0.0,Teen,Communication,"August 2, 2018",12.8.5.1121,4.0 and up,,,,,Unknown,,,,
My Vodacom SA,COMMUNICATION,3.7,25021,61.0,5000000,Free,0.0,Everyone,Communication,"June 26, 2018",9.9.0,4.3 and up,,,,,Unknown,,,,
Microsoft Edge,COMMUNICATION,4.3,27187,66.0,5000000,Free,0.0,Everyone,Communication,"July 28, 2018",42.0.0.2059,4.4 and up,,,,,Unknown,,,,
Hangouts Dialer - Call Phones,COMMUNICATION,4.0,122498,0.079,10000000,Free,0.0,Everyone,Communication,"September 2, 2015",0.1.100944346,4.0.3 and up,,,,,Unknown,,,,
"Talkatone: Free Texts, Calls & Phone Number",COMMUNICATION,4.1,132014,25.0,10000000,Free,0.0,Everyone,Communication,"July 18, 2018",6.1,4.2 and up,,,,,Unknown,,,,
Calls & Text by Mo+,COMMUNICATION,4.2,83239,14.0,5000000,Free,0.0,Everyone,Communication,"April 19, 2018",3.0.4,4.0 and up,0.5224166666666666,0.6161666666666666,0.3838333333333333,0.0,Positive,5.0,1.0,0.0,6.0
"GO SMS Pro - Messenger, Free Themes, Emoji",COMMUNICATION,4.4,2876500,24.0,100000000,Free,0.0,Everyone,Communication,"August 1, 2018",7.73,4.0 and up,0.3336807692307693,0.2759615384615385,0.6597692307692308,0.0643076923076923,Positive,19.0,6.0,1.0,26.0
"Messaging+ SMS, MMS Free",COMMUNICATION,4.1,28238,17.0,1000000,Free,0.0,Everyone,Communication,"August 2, 2018",4.98,2.3 and up,,,,,Unknown,,,,
chomp SMS,COMMUNICATION,4.3,335646,8.3,10000000,Free,0.0,Everyone,Communication,"July 26, 2018",7.21,2.3 and up,,,,,Unknown,,,,
Text SMS,COMMUNICATION,4.5,349384,8.2,10000000,Free,0.0,Everyone,Communication,"July 24, 2018",3.47,4.0.3 and up,,,,,Unknown,,,,
mysms SMS Text Messaging Sync,COMMUNICATION,4.3,37320,8.4,1000000,Free,0.0,Everyone,Communication,"July 30, 2018",6.5.1,4.0.3 and up,,,,,Unknown,,,,
2ndLine - Second Phone Number,COMMUNICATION,4.2,15880,32.0,1000000,Free,0.0,Everyone,Communication,"August 3, 2018",5.65.0,4.0 and up,0.0877225,0.22615,0.603175,0.17065,Positive,19.0,5.0,16.0,40.0
"CM Browser - Ad Blocker , Fast Download , Privacy",COMMUNICATION,4.6,2264916,6.1,50000000,Free,0.0,Everyone,Communication,"July 31, 2018",5.22.18.0006,4.0 and up,0.26170000000000004,0.311,0.4985,0.191,Negative,1.0,0.0,1.0,2.0
Ninesky Browser,COMMUNICATION,4.2,42925,2.8,1000000,Free,0.0,Everyone,Communication,"August 27, 2017",6.1,2.3 and up,,,,,Unknown,,,,
Ghostery Privacy Browser,COMMUNICATION,4.1,13100,2.2,1000000,Free,0.0,Everyone,Communication,"March 20, 2018",1.4.1.0,4.0.3 and up,,,,,Unknown,,,,
Web Browser for Android,COMMUNICATION,4.1,55098,4.3,1000000,Free,0.0,Everyone,Communication,"June 20, 2018",2.2,4.0 and up,,,,,Unknown,,,,
DU Browser—Browse fast & fun,COMMUNICATION,4.3,1133501,4.7,10000000,Free,0.0,Everyone,Communication,"April 1, 2016",6.4.0.4,4.0 and up,0.2608825,0.1992,0.6913,0.10952500000000001,Positive,24.0,3.0,13.0,40.0
Lightning Web Browser,COMMUNICATION,4.1,12578,2.3,500000,Free,0.0,Everyone,Communication,"July 10, 2017",4.5.1,4.0 and up,,,,,Unknown,,,,
Web Browser,COMMUNICATION,4.2,10965,2.3,500000,Free,0.0,Everyone,Communication,"February 2, 2015",2.0,3.0 and up,,,,,Unknown,,,,
Contacts+,COMMUNICATION,4.2,190613,11.0,10000000,Free,0.0,Everyone,Communication,"July 31, 2018",5.85.1,4.0.3 and up,0.3918736842105263,0.4441052631578948,0.49713157894736837,0.05878947368421052,Positive,29.0,6.0,3.0,38.0
ExDialer - Dialer & Contacts,COMMUNICATION,4.2,125232,2.7,10000000,Free,0.0,Everyone,Communication,"March 5, 2017",196,2.1 and up,0.3734137931034483,0.22586206896551725,0.6618620689655172,0.11206896551724138,Positive,21.0,0.0,8.0,29.0
PHONE for Google Voice & GTalk,COMMUNICATION,4.3,72065,13.0,1000000,Free,0.0,Everyone,Communication,"April 18, 2018",3.0.7,4.0 and up,,,,,Unknown,,,,
Safest Call Blocker,COMMUNICATION,4.4,27540,3.7,1000000,Free,0.0,Everyone,Communication,"January 5, 2018",1.26.001,4.0 and up,,,,,Unknown,,,,
Full Screen Caller ID,COMMUNICATION,4.2,104990,10.0,5000000,Free,0.0,Everyone,Communication,"May 15, 2018",3.5.0,4.0.3 and up,0.3216516129032258,0.44999999999999996,0.5175483870967742,0.03248387096774194,Positive,21.0,7.0,3.0,31.0
Hiya - Caller ID & Block,COMMUNICATION,4.4,177703,13.0,10000000,Free,0.0,Mature 17+,Communication,"July 25, 2018",8.1.2-6310,5.0 and up,,,,,Unknown,,,,
Mr. Number-Block calls & spam,COMMUNICATION,4.2,177263,13.0,10000000,Free,0.0,Mature 17+,Communication,"July 13, 2018",5.1.2-6310,5.0 and up,,,,,Unknown,,,,
Should I Answer?,COMMUNICATION,4.8,237468,8.8,1000000,Free,0.0,Everyone,Communication,"July 26, 2018",2018.1.715,4.0 and up,,,,,Unknown,,,,
RocketDial Dialer & Contacts,COMMUNICATION,4.4,32254,5.5,1000000,Free,0.0,Everyone,Communication,"December 4, 2017",3.9.7,2.1 and up,,,,,Unknown,,,,
"CallApp: Caller ID, Blocker & Phone Call Recorder",COMMUNICATION,4.4,483565,20.0,10000000,Free,0.0,Everyone,Communication,"July 29, 2018",1.286,4.1 and up,0.9666,0.566,0.434,0.0,Positive,1.0,0.0,0.0,1.0
Whoscall - Caller ID & Block,COMMUNICATION,4.4,552441,29.0,10000000,Free,0.0,Everyone,Communication,"August 1, 2018",6.19.1,4.1 and up,,,,,Unknown,,,,
Call Control - Call Blocker,COMMUNICATION,4.4,93825,11.0,5000000,Free,0.0,Everyone,Communication,"July 5, 2018",2.17.3,4.1 and up,-0.1394,0.13566666666666666,0.657,0.20733333333333337,Negative,1.0,0.0,2.0,3.0
Video Caller Id,COMMUNICATION,4.2,15287,17.0,1000000,Free,0.0,Everyone,Communication,"January 24, 2018",2.2.245,4.0.3 and up,,,,,Unknown,,,,
Sync.ME – Caller ID & Block,COMMUNICATION,4.5,205739,17.0,5000000,Free,0.0,Everyone,Communication,"July 26, 2018",4.5.4,4.1 and up,,,,,Unknown,,,,
Caller ID +,COMMUNICATION,4.0,9498,0.118,1000000,Free,0.0,Everyone,Communication,"June 7, 2016",5.28.0,2.3 and up,-0.25,0.139,0.67,0.191,Negative,0.0,0.0,1.0,1.0
K-9 Mail,COMMUNICATION,4.2,88427,5.1,5000000,Free,0.0,Everyone,Communication,"January 6, 2018",5.403,4.0.3 and up,,,,,Unknown,,,,
Email TypeApp - Mail App,COMMUNICATION,4.6,183374,44.0,1000000,Free,0.0,Everyone,Communication,"August 1, 2018",1.9.4.74,4.1 and up,,,,,Unknown,,,,
All Email Providers,COMMUNICATION,4.1,20901,7.3,1000000,Free,0.0,Everyone,Communication,"April 3, 2018",5.0.9,4.1 and up,0.13426000000000002,0.2836,0.6262000000000001,0.0902,Positive,3.0,1.0,1.0,5.0
"Newton Mail - Email App for Gmail, Outlook, IMAP",COMMUNICATION,4.0,122595,30.0,1000000,Free,0.0,Everyone,Communication,"July 19, 2018",9.8.376,5.0 and up,,,,,Unknown,,,,
GO Notifier,COMMUNICATION,4.2,124346,0.695,10000000,Free,0.0,Everyone,Communication,"July 6, 2014",2.8,2.0 and up,0.35504117647058825,0.17014705882352943,0.760264705882353,0.06961764705882353,Positive,23.0,2.0,9.0,34.0
Mail1Click - Secure Mail,COMMUNICATION,4.1,255,1.6,10000,Free,0.0,Everyone,Communication,"April 11, 2017",2.3,2.2 and up,,,,,Unknown,,,,
Daum Mail - Next Mail,COMMUNICATION,4.3,41420,19.0,5000000,Free,0.0,Everyone,Communication,"June 21, 2018",3.2.0,4.0 and up,,,,,Unknown,,,,
Vonage Mobile® Call Video Text,COMMUNICATION,4.1,29208,23.0,1000000,Free,0.0,Everyone,Communication,"September 28, 2016",2.9.8,2.3.3 and up,,,,,Unknown,,,,
JusTalk - Free Video Calls and Fun Video Chat,COMMUNICATION,4.6,191032,26.0,5000000,Free,0.0,Everyone,Communication,"August 4, 2018",7.2.29,4.0.3 and up,,,,,Unknown,,,,
Calculator,DATING,2.6,57,6.2,1000,Paid,6.99,Everyone,Dating,"October 25, 2017",1.1.6,4.0 and up,,,,,Unknown,,,,
AMBW Dating App: Asian Men Black Women Interracial,DATING,3.5,2,17.0,100,Paid,7.99,Mature 17+,Dating,"January 21, 2017",1.0.1,4.0 and up,,,,,Unknown,,,,
OkCupid Dating,DATING,4.1,285726,15.0,10000000,Free,0.0,Mature 17+,Dating,"July 30, 2018",11.10.1,4.1 and up,,,,,Unknown,,,,
"Hily: Dating, Chat, Match, Meet & Hook up",DATING,4.1,2556,56.0,100000,Free,0.0,Mature 17+,Dating,"August 1, 2018",2.5.2,4.1 and up,0.1106872549019608,0.2667843137254902,0.5807843137254902,0.1523529411764706,Positive,54.0,16.0,32.0,102.0
Hinge: Dating & Relationships,DATING,4.2,7779,12.0,500000,Free,0.0,Mature 17+,Dating,"August 3, 2018",6.1.3,5.0 and up,0.48594347826086953,0.26453623188405795,0.6145942028985508,0.1208695652173913,Positive,56.0,4.0,9.0,69.0
Casual Dating & Adult Singles - Joyride,DATING,4.5,61637,11.0,5000000,Free,0.0,Mature 17+,Dating,"July 31, 2018",4.17.2,4.1 and up,,,,,Unknown,,,,
BBW Dating & Plus Size Chat,DATING,4.4,12632,29.0,1000000,Free,0.0,Mature 17+,Dating,"July 27, 2018",3.5.0.1,4.1 and up,0.14154324324324324,0.30462162162162165,0.5993513513513514,0.09605405405405404,Positive,63.0,15.0,33.0,111.0
CMB Free Dating App,DATING,4.0,48845,40.0,1000000,Free,0.0,Mature 17+,Dating,"August 1, 2018",4.19.0.2320,4.4 and up,0.4043056338028169,0.38711267605633803,0.5525211267605634,0.06028169014084507,Positive,55.0,8.0,8.0,71.0
eharmony - Online Dating App,DATING,3.1,31320,53.0,5000000,Free,0.0,Mature 17+,Dating,"July 30, 2018",6.6.5,4.1 and up,,,,,Unknown,,,,
Free Dating App & Flirt Chat - Match with Singles,DATING,4.4,172460,3.1,5000000,Free,0.0,Mature 17+,Dating,"August 4, 2018",1.639,4.0 and up,0.24763939393939394,0.5746060606060606,0.3538787878787879,0.07154545454545455,Positive,22.0,6.0,5.0,33.0
"Chispa, the Dating App for Latino, Latina Singles",DATING,4.2,4195,24.0,100000,Free,0.0,Mature 17+,Dating,"July 25, 2018",1.6.1,4.4 and up,,,,,Unknown,,,,
Clover Dating App,DATING,4.1,11633,23.0,500000,Free,0.0,Mature 17+,Dating,"July 24, 2018",2.5.1,4.1 and up,,,,,Unknown,,,,
Black People Meet Singles Date,DATING,3.9,10212,5.0,1000000,Free,0.0,Mature 17+,Dating,"July 25, 2018",1.9.7,4.4 and up,0.3240321428571429,0.38757142857142857,0.5493928571428571,0.063,Positive,18.0,7.0,3.0,28.0
Mingle2 - Free Online Dating & Singles Chat Rooms,DATING,4.3,37053,44.0,1000000,Free,0.0,Mature 17+,Dating,"August 3, 2018",4.4B,4.1 and up,,,,,Unknown,,,,
Free Dating App & Flirt Chat - Cheers,DATING,4.4,667,27.0,10000,Free,0.0,Mature 17+,Dating,"August 3, 2018",1.308.us,4.1 and up,0.289928125,0.4196875,0.531875,0.0484375,Positive,21.0,8.0,3.0,32.0
stranger chat - anonymous chat,DATING,3.5,13202,6.1,1000000,Free,0.0,Mature 17+,Dating,"July 7, 2018",2.4.1,4.1 and up,,,,,Unknown,,,,
Free Dating Hook Up Messenger,DATING,3.3,1157,21.0,100000,Free,0.0,Mature 17+,Dating,"January 27, 2017",5.0.1,4.2 and up,0.386278125,0.257453125,0.627890625,0.11459375000000001,Positive,40.0,2.0,22.0,64.0
Find Real Love — YouLove Premium Dating,DATING,4.5,212626,11.0,10000000,Free,0.0,Mature 17+,Dating,"July 31, 2018",4.17.2,4.1 and up,,,,,Unknown,,,,
Once - Quality Matches Every day,DATING,4.4,222888,21.0,1000000,Free,0.0,Mature 17+,Dating,"July 17, 2018",2.45,4.1 and up,,,,,Unknown,,,,
BLK - Swipe. Match. Chat.,DATING,4.1,2067,24.0,100000,Free,0.0,Mature 17+,Dating,"July 25, 2018",1.6.1,4.4 and up,0.28287,0.47202500000000003,0.481,0.047,Positive,27.0,8.0,5.0,40.0
Cougar Dating Life : Date Older Women Sugar Mummy,DATING,3.9,1643,31.0,500000,Free,0.0,Mature 17+,Dating,"July 3, 2018",4.5.5,4.1 and up,0.39451538461538466,0.41584615384615387,0.4768974358974359,0.10723076923076921,Positive,56.0,2.0,20.0,78.0
Howlr,DATING,3.9,105,27.0,5000,Free,0.0,Mature 17+,Dating,"June 19, 2018",1.0.4,4.4 and up,,,,,Unknown,,,,
Stranger Chat & Date,DATING,3.6,3414,6.2,500000,Free,0.0,Mature 17+,Dating,"June 6, 2018",1.2.1,4.1 and up,,,,,Unknown,,,,
RandoChat - Chat roulette,DATING,3.6,11806,12.0,1000000,Free,0.0,Mature 17+,Dating,"June 26, 2018",4.0.18,4.0.3 and up,,,,,Unknown,,,,
BeWild Free Dating & Chat App,DATING,3.4,1999,8.0,100000,Free,0.0,Mature 17+,Dating,"February 3, 2017",1.6.5,4.2 and up,0.5138736842105264,0.27742105263157896,0.6366578947368421,0.08594736842105263,Positive,28.0,1.0,9.0,38.0
"FastMeet: Chat, Dating, Love",DATING,4.2,22544,5.9,1000000,Free,0.0,Mature 17+,Dating,"July 27, 2018",1.31.4,4.0.3 and up,0.312848,0.5988133333333333,0.35001333333333334,0.05114666666666667,Positive,57.0,8.0,10.0,75.0
"Free Dating App - YoCutie - Flirt, Chat & Meet",DATING,4.1,97684,7.9,1000000,Free,0.0,Mature 17+,Dating,"July 10, 2018",1.230,4.0.3 and up,0.21123050847457628,0.2827796610169492,0.6162542372881357,0.10088135593220339,Positive,32.0,15.0,12.0,59.0
OurTime Dating for Singles 50+,DATING,3.4,2519,5.0,100000,Free,0.0,Mature 17+,Dating,"July 25, 2018",1.9.7,4.4 and up,,,,,Unknown,,,,
FarmersOnly Dating,DATING,3.0,1146,1.4,100000,Free,0.0,Mature 17+,Dating,"February 25, 2016",2.2,4.0 and up,,,,,Unknown,,,,
Dating for 50 plus Mature Singles – FINALLY,DATING,4.6,13046,13.0,500000,Free,0.0,Mature 17+,Dating,"July 31, 2018",4.17.2,4.1 and up,0.4436285714285714,0.4975714285714286,0.5024285714285714,0.0,Positive,5.0,2.0,0.0,7.0
Sudy – Meet Elite & Rich Single,DATING,4.1,17268,40.0,500000,Free,0.0,Mature 17+,Dating,"June 25, 2018",4.1.2,4.0.3 and up,,,,,Unknown,,,,
Christian Dating For Free App,DATING,3.9,8722,13.0,500000,Free,0.0,Mature 17+,Dating,"June 20, 2018",15.8,4.1 and up,0.37922894736842105,0.25655263157894737,0.6231842105263158,0.1201842105263158,Positive,54.0,2.0,20.0,76.0
Just She - Top Lesbian Dating,DATING,1.9,953,19.0,100000,Free,0.0,Mature 17+,Dating,"July 18, 2018",6.3.7,5.0 and up,,,,,Unknown,,,,
Single Parent Meet #1 Dating,DATING,3.5,2593,5.0,500000,Free,0.0,Mature 17+,Dating,"July 25, 2018",1.9.7,4.4 and up,,,,,Unknown,,,,
EliteSingles – Dating for Single Professionals,DATING,2.5,5377,19.0,500000,Free,0.0,Mature 17+,Dating,"July 31, 2018",4.8.5,4.0.3 and up,,,,,Unknown,,,,
Millionaire Match: Rich Singles Dating App,DATING,3.9,852,27.0,100000,Free,0.0,Mature 17+,Dating,"July 30, 2018",6.4.6,4.1 and up,,,,,Unknown,,,,
InterracialCupid - Interracial Dating App,DATING,3.4,212,3.0,50000,Free,0.0,Mature 17+,Dating,"June 13, 2018",2.3.0.1781,5.0 and up,,,,,Unknown,,,,
Sugar Mommas Dating And Single Search,DATING,3.5,1972,13.0,1000000,Free,0.0,Mature 17+,Dating,"May 12, 2018",4.3,4.1 and up,,,,,Unknown,,,,
"Hide App, Private Dating, Safe Chat - PrivacyHider",DATING,4.4,35206,7.2,1000000,Free,0.0,Everyone,Dating,"May 21, 2018",2.9.6,4.0 and up,-0.03141698113207548,0.16,0.6474716981132076,0.19249056603773584,Negative,23.0,6.0,24.0,53.0
"muzmatch: Muslim & Arab Singles, Marriage & Dating",DATING,3.8,5164,25.0,100000,Free,0.0,Mature 17+,Dating,"July 24, 2018",3.8.75a,4.0.3 and up,,,,,Unknown,,,,
Sugar Daddy Dating App,DATING,2.5,277,5.7,100000,Free,0.0,Mature 17+,Dating,"December 4, 2017",3.0.0,4.1 and up,,,,,Unknown,,,,
Adult Dirty Emojis,DATING,2.8,80,5.5,10000,Free,0.0,Teen,Dating,"November 6, 2017",1.0,4.0.3 and up,,,,,Unknown,,,,
"Meet4U - Chat, Love, Singles!",DATING,4.2,40035,6.5,1000000,Free,0.0,Mature 17+,Dating,"July 27, 2018",1.31.3,4.0.3 and up,,,,,Unknown,,,,
SnpCupid Dating,DATING,3.5,1093,5.8,100000,Free,0.0,Mature 17+,Dating,"January 28, 2017",1.6.6,4.2 and up,,,,,Unknown,,,,
Adult Dating - AdultFinder,DATING,3.3,1601,3.8,500000,Free,0.0,Mature 17+,Dating,"February 1, 2017",1.5,4.1 and up,,,,,Unknown,,,,
Gay Sugar Daddy Dating & Hookup – Sudy Gay,DATING,4.1,2212,41.0,100000,Free,0.0,Mature 17+,Dating,"June 20, 2018",2.0.5,4.0.3 and up,0.3052205128205128,0.46794871794871795,0.44682051282051277,0.08525641025641026,Positive,50.0,16.0,12.0,78.0
"Meet24 - Love, Chat, Singles",DATING,4.2,57081,7.9,1000000,Free,0.0,Mature 17+,Dating,"July 27, 2018",1.31.3,4.0.3 and up,,,,,Unknown,,,,
BBWCupid - BBW Dating App,DATING,3.5,241,2.8,50000,Free,0.0,Mature 17+,Dating,"June 1, 2018",2.2.0.1748,5.0 and up,0.17387179487179485,0.2551794871794872,0.6230769230769231,0.12179487179487179,Positive,21.0,8.0,10.0,39.0
ChatVideo Meet new people,DATING,4.2,63986,20.0,5000000,Free,0.0,Mature 17+,Dating,"May 31, 2018",3.0.15,4.0 and up,0.2381405405405405,0.3015135135135135,0.6394054054054055,0.059054054054054055,Positive,20.0,14.0,3.0,37.0
"TryDate - Free Online Dating App, Chat Meet Adults",DATING,4.4,7888,15.0,500000,Free,0.0,Mature 17+,Dating,"April 29, 2018",2.4.0,4.1 and up,,,,,Unknown,,,,
Black White Interracial Dating - Interracial Match,DATING,4.1,535,28.0,100000,Free,0.0,Mature 17+,Dating,"March 29, 2018",2.0.0,4.1 and up,,,,,Unknown,,,,
"USA Singles Meet, Match and Date Free - Date",DATING,4.2,5084,9.6,100000,Free,0.0,Mature 17+,Dating,"August 3, 2018",1.55,4.1 and up,,,,,Unknown,,,,
FlirtChat - ♥Free Dating/Flirting App♥,DATING,4.3,2430,13.0,500000,Free,0.0,Mature 17+,Dating,"July 26, 2018",12.0.4,4.1 and up,0.3025871428571429,0.4919,0.4696142857142857,0.038457142857142856,Positive,46.0,17.0,7.0,70.0
The League,DATING,3.0,837,9.4,100000,Free,0.0,Mature 17+,Dating,"July 16, 2018",1.15.0,4.4 and up,,,,,Unknown,,,,
"Herpes Dating: 1,000K+ Singles",DATING,4.0,738,27.0,10000,Free,0.0,Mature 17+,Dating,"August 1, 2018",6.4.1,4.1 and up,0.3686875,0.2754375,0.6395625,0.08496875,Positive,23.0,5.0,4.0,32.0
Heart mill,DATING,3.3,4631,45.0,100000,Free,0.0,Mature 17+,Dating,"August 4, 2018",5.2.14,5.0 and up,,,,,Unknown,,,,
95Live -SG#1 Live Streaming App,DATING,4.1,4953,15.0,1000000,Free,0.0,Teen,Dating,"August 1, 2018",8.7.2,4.2 and up,0.04847692307692308,0.29528205128205126,0.5348205128205128,0.16992307692307693,Positive,36.0,16.0,26.0,78.0
Mutual - LDS Dating,DATING,3.7,1439,38.0,50000,Free,0.0,Mature 17+,Dating,"July 30, 2018",1.1.46,4.2 and up,,,,,Unknown,,,,
2RedBeans,DATING,4.0,337,32.0,10000,Free,0.0,Mature 17+,Dating,"July 31, 2018",2.8.0,4.3 and up,0.43368205128205123,0.5922307692307692,0.3515641025641026,0.0562051282051282,Positive,31.0,5.0,3.0,39.0
"SweetRing - Meet, Match, Date",DATING,4.0,51698,63.0,1000000,Free,0.0,Mature 17+,Dating,"July 26, 2018",3.0.0,4.0.3 and up,,,,,Unknown,,,,
"BiggerCity: Chat for gay bears, chubs & chasers",DATING,4.1,923,44.0,100000,Free,0.0,Mature 17+,Dating,"August 2, 2018",3.4.1.1,4.1 and up,0.41366500000000006,0.38227500000000003,0.5223,0.0954,Positive,29.0,2.0,9.0,40.0
SilverSingles: The 50+ Dating App,DATING,3.3,149,16.0,10000,Free,0.0,Mature 17+,Dating,"July 31, 2018",4.8.5,4.0.3 and up,,,,,Unknown,,,,
Herpes Positive Singles Dating,DATING,4.4,198,28.0,10000,Free,0.0,Mature 17+,Dating,"May 18, 2018",5.5.7,4.1 and up,0.47361785714285715,0.34935714285714287,0.6058928571428571,0.044642857142857144,Positive,21.0,5.0,2.0,28.0
Glam - Premium Dating App,DATING,4.3,23170,9.0,500000,Free,0.0,Mature 17+,Dating,"July 25, 2018",1.5.4.0,4.1 and up,,,,,Unknown,,,,
"iDates - Chats, Flirts, Dating, Love & Relations",DATING,3.4,13890,20.0,500000,Free,0.0,Mature 17+,Dating,"June 19, 2018",4.9.2 (Oasis),4.2 and up,,,,,Unknown,,,,
JustDating,DATING,4.0,13440,49.0,500000,Free,0.0,Mature 17+,Dating,"August 3, 2018",3.10.5,4.0.3 and up,,,,,Unknown,,,,
Interracial Match Dating App,DATING,3.6,143,27.0,10000,Free,0.0,Mature 17+,Dating,"July 23, 2018",2.2.7,4.1 and up,,,,,Unknown,,,,
Russian Dating & Chat for Russian speaking RusDate,DATING,4.2,1059,18.0,100000,Free,0.0,Mature 17+,Dating,"July 26, 2018",1.17,4.2 and up,,,,,Unknown,,,,
Sky People (SPI): A secure blind date through authentication by Seoul National University,DATING,3.5,894,14.0,100000,Free,0.0,Mature 17+,Dating,"July 17, 2018",3.1.3,4.1 and up,,,,,Unknown,,,,
Sweet mi - unlimited hunnam hunting blind date,DATING,4.0,6191,27.0,500000,Free,0.0,Mature 17+,Dating,"July 12, 2018",0.0.73,4.1 and up,,,,,Unknown,,,,
Mingle - Online Dating App to Chat & Meet People,DATING,4.1,15081,38.0,1000000,Free,0.0,Mature 17+,Dating,"July 26, 2018",4.7.6,4.1 and up,,,,,Unknown,,,,
BBW Dating & Curvy Singles Chat- LargeFriends,DATING,4.4,218,27.0,10000,Free,0.0,Mature 17+,Dating,"July 23, 2018",5.2.9,4.1 and up,0.32289066666666666,0.34865333333333337,0.5558933333333334,0.09541333333333334,Positive,49.0,8.0,18.0,75.0
Hitwe - meet people and chat,DATING,4.2,243950,21.0,10000000,Free,0.0,Mature 17+,Dating,"May 10, 2018",4.3.2,4.1 and up,0.1110888888888889,0.21866666666666668,0.5551111111111111,0.2262222222222222,Positive,6.0,0.0,3.0,9.0
A hundred,DATING,4.1,236,8.8,10000,Free,0.0,Mature 17+,Dating,"March 29, 2018",3.9.2,4.0.3 and up,,,,,Unknown,,,,
JustSayHi- Dating App. Chat & Meet Singles Nearby,DATING,4.2,5152,38.0,100000,Free,0.0,Mature 17+,Dating,"July 26, 2018",3.6.3,4.1 and up,,,,,Unknown,,,,
WannaMeet – Dating & Chat App,DATING,4.1,6701,11.0,1000000,Free,0.0,Mature 17+,Dating,"June 29, 2018",5.16.2,4.0.3 and up,,,,,Unknown,,,,
Luxy Pro- Elite Dating Single,DATING,3.9,742,26.0,50000,Free,0.0,Mature 17+,Dating,"April 7, 2018",5.3.3.13289,4.0.3 and up,,,,,Unknown,,,,
Dating Network,DATING,4.0,187,19.0,10000,Free,0.0,Mature 17+,Dating,"July 26, 2018",1.17,4.2 and up,,,,,Unknown,,,,
"Chatting - Free chat, random chat, boyfriend, girlfriend",DATING,4.2,2506,6.1,500000,Free,0.0,Mature 17+,Dating,"June 15, 2017",3.0.0,4.0 and up,,,,,Unknown,,,,
"iPair-Meet, Chat, Dating",DATING,4.5,182986,77.0,5000000,Free,0.0,Mature 17+,Dating,"August 2, 2018",5.0.8,4.1 and up,,,,,Unknown,,,,
"Meet, chat & date. Free dating app - Chocolate app",DATING,3.9,8661,9.5,1000000,Free,0.0,Mature 17+,Dating,"April 3, 2018",0.1.11,4.0 and up,,,,,Unknown,,,,
Transenger – Ts Dating and Chat for Free,DATING,3.6,8,14.0,1000,Free,0.0,Mature 17+,Dating,"July 29, 2018",1.4.0,4.4 and up,,,,,Unknown,,,,
O-Star,DATING,4.4,59,38.0,5000,Free,0.0,Everyone,Dating,"July 19, 2018",1.0.1,4.3 and up,,,,,Unknown,,,,
Free Cam Girls - Live Webcam,DATING,3.5,35,16.0,1000,Free,0.0,Mature 17+,Dating,"July 16, 2018",2.4,4.0.3 and up,,,,,Unknown,,,,
Cardi B Live Stream Video Chat - Prank,DATING,4.4,28,3.4,500,Free,0.0,Everyone,Dating,"July 16, 2018",2.5,4.0.3 and up,,,,,Unknown,,,,
Live Girls Talk - Free Video Chat,DATING,4.8,125,4.7,5000,Free,0.0,Mature 17+,Dating,"July 8, 2018",8.2,4.0.3 and up,,,,,Unknown,,,,
Live Talk - Free Text and Video Chat,DATING,4.6,185,5.0,10000,Free,0.0,Mature 17+,Dating,"July 16, 2018",8.2,4.0.3 and up,,,,,Unknown,,,,
Chat Kids - Chat Room For Kids,DATING,4.7,6,4.9,100,Free,0.0,Mature 17+,Dating,"July 24, 2018",1.0,4.0.3 and up,,,,,Unknown,,,,
Girls Live Chat - Free Text & Video Chat,DATING,4.8,110,4.9,10000,Free,0.0,Mature 17+,Dating,"July 9, 2018",8.2,4.0.3 and up,,,,,Unknown,,,,
MouseMingle,DATING,2.7,3,3.9,100,Free,0.0,Mature 17+,Dating,"July 17, 2018",1.0.0,4.4 and up,,,,,Unknown,,,,
American Girls Mobile Numbers,DATING,5.0,5,4.4,1000,Free,0.0,Mature 17+,Dating,"July 17, 2018",3.0,4.0.3 and up,,,,,Unknown,,,,
FREE VIDEO CHAT - LIVE VIDEO AND TEXT CHAT,DATING,4.8,84,4.5,1000,Free,0.0,Mature 17+,Dating,"July 6, 2018",8.2,4.0.3 and up,,,,,Unknown,,,,
Awake Dating,DATING,5.0,2,70.0,100,Free,0.0,Mature 17+,Dating,"July 24, 2018",2.2.9,4.4 and up,,,,,Unknown,,,,
Live Chat - Free Video Chat Rooms,DATING,4.8,20,4.9,500,Free,0.0,Mature 17+,Dating,"July 15, 2018",8.2,4.0.3 and up,,,,,Unknown,,,,
FREE LIVE TALK,DATING,4.9,776,4.9,5000,Free,0.0,Mature 17+,Dating,"July 14, 2018",8.2,4.0.3 and up,,,,,Unknown,,,,
Random Chat App with Strangers,DATING,3.0,2,16.0,100,Free,0.0,Mature 17+,Dating,"July 17, 2018",2.5,4.0.3 and up,,,,,Unknown,,,,
Live Chat - Free Video Talk,DATING,4.7,14,21.0,5000,Free,0.0,Mature 17+,Dating,"August 3, 2018",1.3,4.1 and up,,,,,Unknown,,,,
House party - live chat,DATING,1.0,1,9.2,10,Free,0.0,Mature 17+,Dating,"July 31, 2018",3.52,4.0.3 and up,,,,,Unknown,,,,
Spine- The dating app,DATING,5.0,5,9.3,500,Free,0.0,Teen,Dating,"July 14, 2018",4.0,4.0.3 and up,,,,,Unknown,,,,
Online Chat Girls Meet,DATING,4.7,18,5.0,500,Free,0.0,Mature 17+,Dating,"July 25, 2018",8.2,4.0.3 and up,,,,,Unknown,,,,
Girls Live Talk - Free Text and Video Chat,DATING,5.0,6,5.0,100,Free,0.0,Mature 17+,Dating,"August 1, 2018",8.2,4.0.3 and up,,,,,Unknown,,,,
Online Girls Chat Group,DATING,5.0,5,5.0,100,Free,0.0,Mature 17+,Dating,"August 2, 2018",8.2,4.0.3 and up,,,,,Unknown,,,,
UK Girls Mobile Numbers,DATING,3.0,1,5.5,500,Free,0.0,Mature 17+,Dating,"July 19, 2018",1.0,4.0.3 and up,,,,,Unknown,,,,
chat saudi arabia,DATING,4.1,11,11.0,1000,Free,0.0,Mature 17+,Dating,"July 14, 2018",1.1,4.0 and up,,,,,Unknown,,,,
Speeding Joyride & Car Meet App,DATING,5.0,3,25.0,100,Free,0.0,Mature 17+,Dating,"July 20, 2018",1.2.9,4.1 and up,,,,,Unknown,,,,
LOBSTR - go on a lunch date,DATING,3.7,101,15.0,10000,Free,0.0,Mature 17+,Dating,"July 24, 2018",2,4.1 and up,,,,,Unknown,,,,
Titanic App - Feminist Dating Application,DATING,4.5,120,10.0,500,Free,0.0,Mature 17+,Dating,"August 4, 2018",1.5-beta,5.0 and up,,,,,Unknown,,,,
French Chat Room,DATING,4.2,24,4.9,1000,Free,0.0,Mature 17+,Dating,"July 11, 2018",1.0,4.0.3 and up,,,,,Unknown,,,,
Halalguur,DATING,4.3,6,9.0,100,Free,0.0,Mature 17+,Dating,"July 26, 2018",3.7,4.0.3 and up,,,,,Unknown,,,,
"2Date Dating App, Love and matching",DATING,4.4,41605,8.1,500000,Free,0.0,Mature 17+,Dating,"July 26, 2018",4.813,4.0.3 and up,0.5435500000000001,0.41378947368421054,0.5370263157894737,0.0491578947368421,Positive,33.0,4.0,1.0,38.0
Teenage Chat & Dating,DATING,3.4,5,14.0,500,Free,0.0,Mature 17+,Dating,"July 9, 2018",1.2,4.1 and up,,,,,Unknown,,,,
Girls Online Talk - Free Text and Video Chat,DATING,4.7,791,3.7,10000,Free,0.0,Mature 17+,Dating,"May 15, 2018",8.2,4.0.3 and up,,,,,Unknown,,,,
Online Girls Chat,DATING,4.8,5323,3.5,50000,Free,0.0,Mature 17+,Dating,"April 21, 2018",8.2,4.0.3 and up,,,,,Unknown,,,,
LIVE VIDEO TALK,DATING,4.7,478,4.5,10000,Free,0.0,Mature 17+,Dating,"June 28, 2018",8.2,4.0.3 and up,,,,,Unknown,,,,
SkyLove – Dating and chat,DATING,3.5,69,36.0,5000,Free,0.0,Mature 17+,Dating,"August 4, 2018",1.0.82,4.4 and up,,,,,Unknown,,,,
Free Live Talk-Video Call,DATING,4.7,158,4.5,10000,Free,0.0,Mature 17+,Dating,"July 5, 2018",8.2,4.0.3 and up,0.0,0.0,1.0,0.0,Neutral,0.0,1.0,0.0,1.0
FindLoving,DATING,3.8,24,19.0,1000,Free,0.0,Mature 17+,Dating,"August 2, 2018",1.0.5,4.0 and up,,,,,Unknown,,,,
Sugar Daddies Dating App,DATING,2.9,53,14.0,10000,Free,0.0,Mature 17+,Dating,"July 10, 2018",4.1,4.1 and up,,,,,Unknown,,,,
TED,EDUCATION,4.6,181893,18.0,10000000,Free,0.0,Everyone 10+,Education,"July 27, 2018",3.2.5,4.1 and up,,,,,Unknown,,,,
English Communication - Learn English for Chinese (Learn English for Chinese),EDUCATION,4.7,2544,18.0,100000,Free,0.0,Everyone,Education,"December 29, 2017",3.1,4.0 and up,,,,,Unknown,,,,
Khan Academy,EDUCATION,4.6,85375,21.0,5000000,Free,0.0,Everyone,Education,"July 27, 2018",5.0.0,4.1 and up,,,,,Unknown,,,,
Learn English with Wlingua,EDUCATION,4.7,314299,3.3,10000000,Free,0.0,Everyone,Education,"May 2, 2018",1.94.9,4.0 and up,,,,,Unknown,,,,
Princess Coloring Book,EDUCATION,4.5,9770,39.0,5000000,Free,0.0,Everyone,Education;Creativity,"February 25, 2018",1.2.8,4.0 and up,,,,,Unknown,,,,
Learn Spanish - Español,EDUCATION,4.7,32346,3.2,1000000,Free,0.0,Everyone,Education,"December 18, 2017",1.3.8,4.0 and up,,,,,Unknown,,,,
English Grammar Test,EDUCATION,4.8,4075,5.1,500000,Free,0.0,Everyone,Education,"June 22, 2018",2.1.8,4.0.3 and up,,,,,Unknown,,,,
Speed Reading,EDUCATION,4.6,10611,11.0,500000,Free,0.0,Everyone,Education,"May 27, 2018",2.3.7,4.0 and up,,,,,Unknown,,,,
English for beginners,EDUCATION,4.6,9321,27.0,1000000,Free,0.0,Everyone,Education,"July 18, 2018",2.9.0,4.0 and up,,,,,Unknown,,,,
Flame - درب عقلك يوميا,EDUCATION,4.6,56065,37.0,1000000,Free,0.0,Everyone,Education,"July 26, 2018",3.3,4.1 and up,,,,,Unknown,,,,
"Learn Japanese, Korean, Chinese Offline & Free",EDUCATION,4.9,133136,26.0,1000000,Free,0.0,Everyone,Education;Education,"July 20, 2018",2.16.11.10,4.2 and up,,,,,Unknown,,,,
Kids Mode,EDUCATION,3.8,2469,11.0,500000,Free,0.0,Everyone,Education,"March 23, 2018",Varies with device,Varies with device,,,,,Unknown,,,,
Dinosaurs Coloring Pages,EDUCATION,4.4,390,41.0,500000,Free,0.0,Everyone,Education;Education,"February 3, 2018",1.1.6,4.0 and up,,,,,Unknown,,,,
Cars Coloring Pages,EDUCATION,4.4,1090,49.0,1000000,Free,0.0,Everyone,Education;Creativity,"February 3, 2018",1.2.0,4.0 and up,,,,,Unknown,,,,
Babbel – Learn Languages,EDUCATION,4.3,266948,21.0,10000000,Free,0.0,Everyone,Education,"July 30, 2018",20.7.2,4.4 and up,0.46038958333333335,0.3551458333333333,0.5637916666666667,0.08102083333333333,Positive,37.0,7.0,4.0,48.0
Math Tricks,EDUCATION,4.5,342918,8.1,10000000,Free,0.0,Everyone,Education,"July 29, 2018",2.24,4.0 and up,,,,,Unknown,,,,
Monster Truck Driver & Racing,EDUCATION,4.4,748,51.0,1000000,Free,0.0,Everyone,Education;Action & Adventure,"January 19, 2017",1.0.9,2.3 and up,,,,,Unknown,,,,
Learn English Words Free,EDUCATION,4.6,172640,14.0,5000000,Free,0.0,Everyone,Education,"May 2, 2018",2.6.2,4.1 and up,,,,,Unknown,,,,
Japanese / English one-shop search dictionary - Free Japanese - English - Japanese dictionary application,EDUCATION,3.9,61,18.0,50000,Free,0.0,Mature 17+,Education,"May 28, 2018",1.4.2,5.0 and up,,,,,Unknown,,,,
English speaking texts,EDUCATION,4.4,1619,3.0,1000000,Free,0.0,Everyone,Education,"July 20, 2018",1.2,1.6 and up,,,,,Unknown,,,,
Thai Handwriting,EDUCATION,4.3,3168,19.0,1000000,Free,0.0,Everyone,Education,"October 26, 2017",3.1,4.4 and up,,,,,Unknown,,,,
Kanji test · Han search Kanji training (free version),EDUCATION,4.2,6736,22.0,1000000,Free,0.0,Mature 17+,Education,"October 17, 2017",2.51.0,4.0.3 and up,,,,,Unknown,,,,
Game for KIDS: KIDS match'em,EDUCATION,4.4,7005,6.9,1000000,Free,0.0,Everyone,Education,"October 23, 2016",1.17,2.3 and up,,,,,Unknown,,,,
Flippy Campus - Buy & sell on campus at a discount,EDUCATION,4.0,889,7.4,500000,Free,0.0,Everyone,Education,"March 9, 2018",2.2.4,4.2 and up,0.4803588235294118,0.5304411764705882,0.4582352941176471,0.011323529411764706,Positive,29.0,5.0,0.0,34.0
Free intellectual training game application |,EDUCATION,4.2,5741,84.0,1000000,Free,0.0,Everyone,Education;Pretend Play,"July 25, 2018",3.7.0,4.4 and up,,,,,Unknown,,,,
ABC Preschool Free,EDUCATION,3.8,27572,25.0,5000000,Free,0.0,Everyone,Education;Education,"October 25, 2017",3.0,2.3 and up,0.33750277777777776,0.4199722222222222,0.5457222222222222,0.03430555555555556,Positive,24.0,9.0,3.0,36.0
PINKFONG Baby Shark,EDUCATION,4.5,10852,18.0,1000000,Free,0.0,Everyone,Education,"November 28, 2017",10,4.1 and up,,,,,Unknown,,,,
Learn English for beginners,EDUCATION,4.5,1929,2.5,500000,Free,0.0,Everyone,Education,"September 28, 2017",1.1,2.3 and up,,,,,Unknown,,,,
Listen and learn English in seven days,EDUCATION,4.3,1516,3.9,100000,Free,0.0,Everyone,Education,"July 28, 2018",3.1,4.1 and up,,,,,Unknown,,,,
Learn English from Persian: Persian to English,EDUCATION,4.3,423,21.0,100000,Free,0.0,Everyone,Education,"April 3, 2018",6.0,4.0.3 and up,,,,,Unknown,,,,
English with Lingualeo,EDUCATION,4.7,254519,27.0,5000000,Free,0.0,Everyone,Education,"July 20, 2018",2.8.1,4.1 and up,0.3427,0.16425,0.76125,0.074375,Positive,5.0,1.0,2.0,8.0
Udemy - Online Courses,EDUCATION,4.5,99020,18.0,1000000,Free,0.0,Everyone,Education,"August 2, 2018",5.0.4,5.0 and up,,,,,Unknown,,,,
"edX - Online Courses by Harvard, MIT & more",EDUCATION,4.6,32381,10.0,1000000,Free,0.0,Everyone 10+,Education,"July 15, 2018",2.15.1,4.1 and up,,,,,Unknown,,,,
Memorado - Brain Games,EDUCATION,4.4,56897,97.0,1000000,Free,0.0,Everyone,Education;Brain Games,"January 16, 2017",1.10.0,4.1 and up,,,,,Unknown,,,,
Lynda - Online Training Videos,EDUCATION,4.2,8599,17.0,1000000,Free,0.0,Everyone,Education,"July 11, 2018",4.9.10,4.1 and up,,,,,Unknown,,,,
Quiz&Learn Python,EDUCATION,4.0,304,2.0,10000,Free,0.0,Everyone,Education,"July 4, 2016",1.3.0,4.0 and up,,,,,Unknown,,,,
C++ Tutorials,EDUCATION,4.1,358,1.9,50000,Free,0.0,Everyone,Education,"August 21, 2014",1.1,2.3 and up,0.5145944444444445,0.6221111111111112,0.3392222222222222,0.03869444444444445,Positive,31.0,2.0,3.0,36.0
C++ Programming,EDUCATION,4.3,11904,1.8,1000000,Free,0.0,Everyone,Education,"August 22, 2015",2.0,2.3 and up,0.32234999999999997,0.2983611111111111,0.5731111111111111,0.1285,Positive,24.0,2.0,10.0,36.0
C Programming,EDUCATION,4.3,22251,1.8,1000000,Free,0.0,Everyone,Education,"June 28, 2015",3.0,2.3 and up,0.5118857142857143,0.28185714285714286,0.6152857142857143,0.10294285714285714,Positive,28.0,0.0,7.0,35.0
Udacity - Lifelong Learning,EDUCATION,4.3,22384,17.0,1000000,Free,0.0,Everyone,Education,"July 31, 2018",4.7.0,5.0 and up,,,,,Unknown,,,,
Learn C++,EDUCATION,4.6,73404,5.3,1000000,Free,0.0,Everyone,Education,"December 25, 2017",4.5.2,4.0 and up,,,,,Unknown,,,,
Learn JavaScript,EDUCATION,4.6,25183,5.4,1000000,Free,0.0,Everyone,Education,"December 25, 2017",5.7.2,4.0 and up,,,,,Unknown,,,,
Learn Java,EDUCATION,4.7,52743,5.4,1000000,Free,0.0,Everyone,Education,"December 25, 2017",3.5.2,4.0 and up,,,,,Unknown,,,,
Learn HTML,EDUCATION,4.7,61749,5.4,1000000,Free,0.0,Everyone,Education,"December 25, 2017",5.5.2,4.0 and up,,,,,Unknown,,,,
"Programming Hub, Learn to code",EDUCATION,4.3,55704,15.0,1000000,Free,0.0,Everyone,Education,"August 4, 2018",4.2.8,4.1 and up,,,,,Unknown,,,,
Learn SQL,EDUCATION,4.7,19277,5.3,1000000,Free,0.0,Everyone,Education,"December 25, 2017",3.4.2,4.0 and up,,,,,Unknown,,,,
Ready4 SAT (Prep4 SAT),EDUCATION,4.6,13612,48.0,100000,Free,0.0,Everyone,Education,"May 10, 2018",7.2.3633,4.4 and up,,,,,Unknown,,,,
Socratic - Math Answers & Homework Help,EDUCATION,4.6,37862,5.4,1000000,Free,0.0,Everyone,Education,"June 7, 2018",1.8.1,4.1 and up,,,,,Unknown,,,,
Ready4 GMAT (Prep4 GMAT),EDUCATION,4.6,18372,47.0,100000,Free,0.0,Everyone,Education,"May 21, 2018",7.2.3634,4.4 and up,,,,,Unknown,,,,
Pocket GMAT Math,EDUCATION,4.3,656,0.556,10000,Free,0.0,Everyone,Education,"July 11, 2014",1.1,2.2 and up,,,,,Unknown,,,,
GMAT Question Bank,EDUCATION,4.2,240,29.0,10000,Free,0.0,Everyone,Education,"April 29, 2015",1.2.0,2.3.3 and up,0.2776205882352941,0.22429411764705884,0.6541176470588235,0.12155882352941176,Positive,20.0,6.0,8.0,34.0
GRE Tutor,EDUCATION,4.0,275,2.3,50000,Free,0.0,Everyone,Education,"December 2, 2013",2.9,2.1 and up,0.5420076923076923,0.4492564102564103,0.49587179487179484,0.05482051282051282,Positive,30.0,3.0,6.0,39.0
"play2prep: ACT, SAT prep",EDUCATION,4.2,3692,4.4,100000,Free,0.0,Everyone,Education,"July 23, 2015",4.1.3,2.3.3 and up,,,,,Unknown,,,,
SAT Test,EDUCATION,4.1,2363,6.6,100000,Free,0.0,Everyone,Education,"November 17, 2016",2.48,4.0 and up,,,,,Unknown,,,,
Pocket SAT Math,EDUCATION,4.0,430,0.526,10000,Free,0.0,Everyone,Education,"July 11, 2014",1.2,2.1 and up,,,,,Unknown,,,,
TOEFL Prep & Practice from Magoosh,EDUCATION,4.5,756,12.0,100000,Free,0.0,Everyone,Education,"June 18, 2018",3.2.0,4.1 and up,,,,,Unknown,,,,
GRE® Flashcards by Kaplan,EDUCATION,4.0,316,29.0,50000,Free,0.0,Everyone,Education,"February 15, 2017",1.4,4.0 and up,,,,,Unknown,,,,
Rosetta Stone: Learn to Speak & Read New Languages,EDUCATION,4.5,172505,76.0,5000000,Free,0.0,Everyone,Education;Education,"June 27, 2018",5.2.1,5.0 and up,,,,,Unknown,,,,
LinkedIn Learning: Online Courses to Learn Skills,EDUCATION,4.6,7973,18.0,1000000,Free,0.0,Everyone,Education,"July 27, 2018",0.29.74,4.4 and up,,,,,Unknown,,,,
Free english course,EDUCATION,4.7,142632,6.9,5000000,Free,0.0,Everyone,Education,"July 12, 2018",2.8,4.1 and up,,,,,Unknown,,,,
Learn 50 languages,EDUCATION,4.4,55256,14.0,5000000,Free,0.0,Everyone,Education,"June 19, 2018",10.9.1,4.0 and up,,,,,Unknown,,,,
Babbel – Learn Spanish,EDUCATION,4.4,54798,11.0,1000000,Free,0.0,Everyone,Education,"July 30, 2018",20.7.2,4.4 and up,0.48154871794871795,0.4956153846153846,0.45294871794871794,0.051435897435897444,Positive,33.0,3.0,3.0,39.0
Mango Languages: Lovable Language Courses,EDUCATION,4.0,4815,19.0,500000,Free,0.0,Everyone,Education,"July 17, 2018",4.2.3,4.2 and up,,,,,Unknown,,,,
Learn English with Aco,EDUCATION,4.6,75112,6.5,1000000,Free,0.0,Everyone,Education,"November 11, 2017",2.09,4.1 and up,,,,,Unknown,,,,
Learn to Speak English,EDUCATION,4.4,33646,7.0,1000000,Free,0.0,Everyone,Education,"July 15, 2018",2.3.9,4.0 and up,,,,,Unknown,,,,
"busuu: Learn Languages - Spanish, English & More",EDUCATION,4.3,206527,21.0,10000000,Free,0.0,Everyone 10+,Education,"August 1, 2018",13.9.0.161,5.0 and up,,,,,Unknown,,,,
Study Checker,EDUCATION,4.2,3816,2.6,500000,Free,0.0,Everyone,Education,"May 4, 2016",3.6.0.115_FN,2.3 and up,,,,,Unknown,,,,
My Study Life - School Planner,EDUCATION,4.3,47847,21.0,1000000,Free,0.0,Everyone,Education,"June 13, 2017",6.1.3,4.0.3 and up,,,,,Unknown,,,,
HomeWork,EDUCATION,4.3,16195,5.2,1000000,Free,0.0,Everyone,Education,"September 20, 2016",8.5.2,4.0 and up,0.8555,0.737,0.263,0.0,Positive,1.0,0.0,0.0,1.0
Next Gen Science Standards,EDUCATION,4.3,206,18.0,50000,Free,0.0,Everyone,Education,"December 20, 2016",1.12.1,2.3 and up,,,,,Unknown,,,,
Teacher's Gradebook - Additio,EDUCATION,4.2,3241,16.0,100000,Free,0.0,Everyone,Education,"August 1, 2018",4.8.2,4.0.3 and up,,,,,Unknown,,,,
Common Core,EDUCATION,4.0,835,15.0,100000,Free,0.0,Everyone,Education,"December 20, 2016",2.3.1,2.3 and up,0.3766625,0.31375000000000003,0.617375,0.068875,Positive,6.0,0.0,2.0,8.0
Homework Planner,EDUCATION,4.0,2525,1.2,100000,Free,0.0,Everyone,Education,"January 11, 2015",15.9.4,4.0 and up,0.753427027027027,0.3117837837837838,0.6285135135135135,0.059594594594594597,Positive,35.0,1.0,1.0,37.0
Edmodo,EDUCATION,4.1,200058,18.0,10000000,Free,0.0,Everyone,Education,"July 20, 2018",9.12.5,4.0.3 and up,0.3967714285714286,0.4817714285714285,0.45734285714285716,0.06088571428571428,Positive,27.0,5.0,3.0,35.0
Socrative Teacher,EDUCATION,3.9,1239,1.8,100000,Free,0.0,Everyone,Education,"July 29, 2016",4.4.1,3.2 and up,,,,,Unknown,,,,
Training schedule - AllUniver,EDUCATION,4.1,702,7.6,10000,Free,0.0,Everyone,Education,"October 16, 2017",5.0,4.4 and up,,,,,Unknown,,,,
ClassDojo,EDUCATION,4.4,148550,59.0,10000000,Free,0.0,Everyone,Education;Education,"August 3, 2018",4.21.1,4.1 and up,,,,,Unknown,,,,
Lerni. Learn languages.,EDUCATION,4.0,3847,6.9,500000,Free,0.0,Everyone,Education,"October 25, 2017",3.1.3,3.0 and up,,,,,Unknown,,,,
"HelloTalk — Chat, Speak & Learn Foreign Languages",EDUCATION,4.4,84309,41.0,5000000,Free,0.0,Everyone,Education,"July 25, 2018",2.6.6,4.1 and up,-0.01903333333333332,0.1376666666666667,0.7226666666666667,0.13999999999999999,Positive,2.0,0.0,1.0,3.0
Innovative: Learn 34 Languages,EDUCATION,4.5,14206,21.0,500000,Free,0.0,Everyone,Education,"July 26, 2018",1.16,3.0 and up,,,,,Unknown,,,,
Chegg Study - Homework Help,EDUCATION,4.3,14700,21.0,1000000,Free,0.0,Everyone,Education,"July 30, 2018",5.7.0,4.4 and up,,,,,Unknown,,,,
EasyBib: Citation Generator,EDUCATION,3.5,1405,7.3,100000,Free,0.0,Everyone,Education,"March 29, 2018",2.4.4,4.0 and up,0.146,0.2166315789473684,0.681657894736842,0.10168421052631578,Positive,17.0,13.0,8.0,38.0
SoloLearn: Learn to Code for Free,EDUCATION,4.8,256079,7.6,1000000,Free,0.0,Teen,Education,"July 12, 2018",2.2.4,4.0.3 and up,,,,,Unknown,,,,
Blinkist - Nonfiction Books,EDUCATION,4.1,16103,13.0,1000000,Free,0.0,Everyone,Education,"July 31, 2018",5.7.1,4.1 and up,,,,,Unknown,,,,
Sago Mini Hat Maker,EDUCATION,4.9,11,63.0,1000,Paid,3.99,Everyone,Education;Pretend Play,"July 24, 2017",1.0,4.0.3 and up,,,,,Unknown,,,,
Fuzzy Numbers: Pre-K Number Foundation,EDUCATION,4.7,21,44.0,1000,Paid,5.99,Everyone,Education;Education,"July 21, 2017",1.3,4.1 and up,,,,,Unknown,,,,
Toca Life: City,EDUCATION,4.7,31085,24.0,500000,Paid,3.99,Everyone,Education;Pretend Play,"July 6, 2018",1.5-play,4.4 and up,,,,,Unknown,,,,
Toca Life: Hospital,EDUCATION,4.7,3528,24.0,100000,Paid,3.99,Everyone,Education;Pretend Play,"June 12, 2018",1.1.1-play,4.4 and up,,,,,Unknown,,,,
Complete Spanish Movies,ENTERTAINMENT,4.0,11656,4.5,1000000,Free,0.0,Everyone,Entertainment,"January 20, 2018",1.02,4.0.3 and up,,,,,Unknown,,,,
Tubi TV - Free Movies & TV,ENTERTAINMENT,4.3,296771,11.0,10000000,Free,0.0,Teen,Entertainment,"July 15, 2018",2.13.5,4.1 and up,,,,,Unknown,,,,
Mobile TV,ENTERTAINMENT,3.5,10939,4.6,10000000,Free,0.0,Everyone,Entertainment,"April 28, 2016",2.05.0010,5.0 and up,,,,,Unknown,,,,
Motorola Spotlight Player™,ENTERTAINMENT,4.6,22508,3.3,10000000,Free,0.0,Everyone,Entertainment,"July 16, 2015",v1.8b22p13,4.2 and up,,,,,Unknown,,,,
Vigo Lite,ENTERTAINMENT,4.2,10291,6.5,5000000,Free,0.0,Teen,Entertainment,"August 4, 2018",3.7.3,4.0.3 and up,,,,,Unknown,,,,
The green alien dance,ENTERTAINMENT,3.8,6979,12.0,1000000,Free,0.0,Everyone,Entertainment,"July 5, 2018",1.03,4.0 and up,,,,,Unknown,,,,
H TV,ENTERTAINMENT,4.3,103078,5.6,5000000,Free,0.0,Everyone,Entertainment,"July 5, 2018",4.6.2,2.3.3 and up,0.2640153846153846,0.37135897435897436,0.5802564102564103,0.048435897435897435,Positive,24.0,11.0,4.0,39.0
StarTimes - Live International Champions Cup,ENTERTAINMENT,4.4,17682,9.7,1000000,Free,0.0,Everyone,Entertainment,"August 3, 2018",5.2,4.0.3 and up,,,,,Unknown,,,,
Cinematic Cinematic,ENTERTAINMENT,4.4,37000,15.0,1000000,Free,0.0,Mature 17+,Entertainment,"June 21, 2018",4.0.5,4.1 and up,,,,,Unknown,,,,
Talking Angela,ENTERTAINMENT,3.7,1828284,52.0,100000000,Free,0.0,Everyone,Entertainment,"July 12, 2018",2.8.2,4.1 and up,,,,,Unknown,,,,
Radio Javan,ENTERTAINMENT,4.4,46916,4.5,1000000,Free,0.0,Everyone,Entertainment,"July 18, 2018",7.3,4.2 and up,,,,,Unknown,,,,
Talking Ginger 2,ENTERTAINMENT,4.2,702975,49.0,50000000,Free,0.0,Everyone,Entertainment,"July 5, 2018",2.6.6.11,4.1 and up,,,,,Unknown,,,,
Girly Lock Screen Wallpaper with Quotes,ENTERTAINMENT,4.2,32458,18.0,5000000,Free,0.0,Everyone,Entertainment,"June 19, 2018",2.2,4.1 and up,,,,,Unknown,,,,
No.Draw - Colors by Number 2018,ENTERTAINMENT,4.5,235496,13.0,10000000,Free,0.0,Everyone,Entertainment;Brain Games,"July 29, 2018",1.2.0,4.1 and up,,,,,Unknown,,,,
🔥 Football Wallpapers 4K | Full HD Backgrounds 😍,ENTERTAINMENT,4.7,11661,4.0,1000000,Free,0.0,Everyone,Entertainment,"July 14, 2018",1.1.3.2,4.0.3 and up,,,,,Unknown,,,,
"Movies by Flixster, with Rotten Tomatoes",ENTERTAINMENT,4.5,653008,16.0,10000000,Free,0.0,Everyone,Entertainment,"June 20, 2018",9.1.4,4.4 and up,,,,,Unknown,,,,
Low Poly – Puzzle art game,ENTERTAINMENT,4.5,23063,17.0,1000000,Free,0.0,Everyone,Entertainment;Brain Games,"August 3, 2018",1.0.9,4.1 and up,,,,,Unknown,,,,
Amazon Prime Video,ENTERTAINMENT,4.2,411683,24.0,50000000,Free,0.0,Teen,Entertainment,"August 2, 2018",3.0.231.18141,4.1 and up,0.61675,0.246,0.6655,0.0885,Positive,2.0,0.0,0.0,2.0
IMDb Movies & TV,ENTERTAINMENT,4.2,501498,12.0,100000000,Free,0.0,Teen,Entertainment,"July 26, 2018",Varies with device,Varies with device,,,,,Unknown,,,,
Ziggo GO,ENTERTAINMENT,4.1,29690,78.0,1000000,Free,0.0,Teen,Entertainment,"August 3, 2018",2.3.34 Prod,4.3 and up,,,,,Unknown,,,,
PlayStation App,ENTERTAINMENT,4.2,613059,25.0,50000000,Free,0.0,Everyone,Entertainment,"July 26, 2018",18.07.0,4.1 and up,,,,,Unknown,,,,
Talking Ben the Dog,ENTERTAINMENT,4.3,1633682,57.0,100000000,Free,0.0,Everyone,Entertainment,"July 3, 2018",3.5.2.2,4.1 and up,,,,,Unknown,,,,
Trailer Addict Movie Trailers,ENTERTAINMENT,3.9,2646,9.1,100000,Free,0.0,Teen,Entertainment,"February 14, 2018",2.2.0,4.2 and up,,,,,Unknown,,,,
Cinemark Theatres,ENTERTAINMENT,4.1,21867,39.0,1000000,Free,0.0,Teen,Entertainment,"July 12, 2018",2.19.0,5.0 and up,0.172085,0.14905,0.756375,0.09455,Positive,19.0,7.0,14.0,40.0
Marcus Theatres,ENTERTAINMENT,3.6,2639,8.5,100000,Free,0.0,Everyone,Entertainment,"February 7, 2018",2.9.43,6.0 and up,,,,,Unknown,,,,
Harkins Theatres,ENTERTAINMENT,4.3,1511,12.0,100000,Free,0.0,Everyone,Entertainment,"June 11, 2018",2.1.1,4.1 and up,-0.016681818181818183,0.22286363636363635,0.6140454545454546,0.16304545454545455,Negative,8.0,5.0,9.0,22.0
AMC Theatres,ENTERTAINMENT,4.3,44550,72.0,1000000,Free,0.0,Everyone,Entertainment,"July 18, 2018",6.18.3,5.0 and up,0.3793166666666667,0.222,0.6623333333333333,0.1155,Positive,5.0,0.0,1.0,6.0
Cooking Channel,ENTERTAINMENT,4.1,1033,16.0,100000,Free,0.0,Teen,Entertainment,"July 27, 2018",Varies with device,Varies with device,0.3930025641025641,0.4766410256410256,0.4777948717948718,0.04553846153846154,Positive,31.0,3.0,5.0,39.0
Animal Planet GO,ENTERTAINMENT,4.2,2442,9.6,100000,Free,0.0,Teen,Entertainment,"July 24, 2018",2.9.4,4.1 and up,0.4091,0.43023809523809525,0.5303809523809524,0.039285714285714285,Positive,15.0,4.0,2.0,21.0
DramaFever: Stream Asian Drama Shows & Movies,ENTERTAINMENT,4.2,155234,22.0,1000000,Free,0.0,Teen,Entertainment,"August 1, 2018",01.01.66,4.4 and up,,,,,Unknown,,,,
Investigation Discovery GO,ENTERTAINMENT,4.5,12216,13.0,1000000,Free,0.0,Teen,Entertainment,"July 24, 2018",2.9.4,4.1 and up,,,,,Unknown,,,,
CBS - Full Episodes & Live TV,ENTERTAINMENT,3.8,92058,12.0,10000000,Free,0.0,Teen,Entertainment,"July 20, 2018",4.8.6,4.1 and up,,,,,Unknown,,,,
Acorn TV: World-class TV from Britain and Beyond,ENTERTAINMENT,3.0,493,23.0,50000,Free,0.0,Everyone,Entertainment,"June 15, 2018",2.0.0,4.4 and up,0.05822608695652175,0.29286956521739127,0.5313478260869565,0.1757391304347826,Positive,12.0,2.0,9.0,23.0
HISTORY: Watch TV Show Full Episodes & Specials,ENTERTAINMENT,4.1,33387,20.0,1000000,Free,0.0,Teen,Entertainment,"July 16, 2018",3.1.4,4.4 and up,0.396572131147541,0.24321311475409838,0.6766229508196722,0.08011475409836065,Positive,46.0,2.0,13.0,61.0
Nick,ENTERTAINMENT,4.2,123279,25.0,10000000,Free,0.0,Everyone 10+,Entertainment;Music & Video,"January 24, 2018",2.0.8,4.4 and up,,,,,Unknown,,,,
VH1,ENTERTAINMENT,4.1,27424,17.0,1000000,Free,0.0,Teen,Entertainment,"July 8, 2018",11.45.0,4.4 and up,,,,,Unknown,,,,
A&E - Watch Full Episodes of TV Shows,ENTERTAINMENT,4.0,29706,19.0,1000000,Free,0.0,Teen,Entertainment,"July 16, 2018",3.1.4,4.4 and up,0.3648921052631579,0.27757894736842104,0.6697368421052632,0.05271052631578948,Positive,24.0,10.0,4.0,38.0
The CW,ENTERTAINMENT,4.4,288150,21.0,5000000,Free,0.0,Teen,Entertainment,"July 23, 2018",2.17,4.4 and up,,,,,Unknown,,,,
BET NOW - Watch Shows,ENTERTAINMENT,4.2,14807,19.0,1000000,Free,0.0,Teen,Entertainment,"July 8, 2018",11.45.0,4.4 and up,0.04212222222222222,0.1996388888888889,0.6425833333333334,0.15780555555555556,Neutral,36.0,39.0,33.0,108.0
Lifetime - Watch Full Episodes & Original Movies,ENTERTAINMENT,4.0,35928,19.0,1000000,Free,0.0,Teen,Entertainment,"July 16, 2018",3.1.4,4.4 and up,,,,,Unknown,,,,
SeriesGuide – Show & Movie Manager,ENTERTAINMENT,4.3,64448,4.4,1000000,Free,0.0,Mature 17+,Entertainment,"July 21, 2018",43,4.0.3 and up,,,,,Unknown,,,,
Comedy Central,ENTERTAINMENT,3.9,22378,19.0,1000000,Free,0.0,Teen,Entertainment,"July 8, 2018",11.45.0,4.4 and up,0.2416725,0.23832499999999998,0.698275,0.06332499999999999,Positive,44.0,24.0,12.0,80.0
CW Seed,ENTERTAINMENT,4.5,16372,13.0,500000,Free,0.0,Teen,Entertainment,"July 18, 2018",1.16,4.4 and up,0.4324694444444444,0.37855555555555553,0.5785833333333333,0.04286111111111111,Positive,27.0,7.0,2.0,36.0
The NBC App - Watch Live TV and Full Episodes,ENTERTAINMENT,4.1,58028,17.0,5000000,Free,0.0,Teen,Entertainment,"July 5, 2018",4.18.1,4.1 and up,,,,,Unknown,,,,
WWE,ENTERTAINMENT,4.5,736864,20.0,10000000,Free,0.0,Teen,Entertainment,"January 19, 2018",3.17.2,4.1 and up,,,,,Unknown,,,,
Universal Kids,ENTERTAINMENT,3.6,1968,21.0,500000,Free,0.0,Everyone,Entertainment;Music & Video,"May 24, 2018",3.3.1.41,4.4 and up,,,,,Unknown,,,,
MTV,ENTERTAINMENT,3.8,35279,15.0,1000000,Free,0.0,Teen,Entertainment,"July 8, 2018",11.45.0,4.4 and up,,,,,Unknown,,,,
LEGO® TV,ENTERTAINMENT,3.7,17247,7.2,1000000,Free,0.0,Everyone 10+,Entertainment;Music & Video,"August 4, 2018",4.0.2,5.0 and up,,,,,Unknown,,,,
HBO GO: Stream with TV Package,ENTERTAINMENT,3.8,87723,32.0,10000000,Free,0.0,Teen,Entertainment,"July 19, 2018",16.0.0.437,4.1 and up,-0.057952,0.1412,0.6905199999999999,0.16832,Negative,10.0,1.0,14.0,25.0
FOX,ENTERTAINMENT,3.7,197774,44.0,10000000,Free,0.0,Mature 17+,Entertainment,"June 25, 2018",6.6.1,4.4 and up,0.14250000000000002,0.2913076923076923,0.5894871794871794,0.1192051282051282,Positive,36.0,14.0,28.0,78.0
Telemundo Now,ENTERTAINMENT,3.9,8674,19.0,1000000,Free,0.0,Teen,Entertainment,"May 25, 2018",3.3.1.42,4.4 and up,,,,,Unknown,,,,
Redbox,ENTERTAINMENT,4.1,115033,30.0,10000000,Free,0.0,Everyone,Entertainment,"July 2, 2018",7.5.0,5.0 and up,,,,,Unknown,,,,
Tribeca Shortlist - Handpicked Movies,ENTERTAINMENT,3.9,801,57.0,100000,Free,0.0,Teen,Entertainment,"March 21, 2018",4.003.1,4.3 and up,,,,,Unknown,,,,
Nick Jr. - Shows & Games,ENTERTAINMENT,4.2,8968,35.0,1000000,Free,0.0,Everyone,Entertainment;Music & Video,"January 23, 2018",1.0.20,4.4 and up,,,,,Unknown,,,,
Sticker Market: Emoji keyboard,ENTERTAINMENT,4.3,303,44.0,10000,Free,0.0,Teen,Entertainment,"December 14, 2017",1.2.3,4.2 and up,,,,,Unknown,,,,
Laugh Out Loud by Kevin Hart,ENTERTAINMENT,4.3,1856,20.0,100000,Free,0.0,Teen,Entertainment,"August 1, 2018",1.6.1,6.0 and up,,,,,Unknown,,,,
ColorFul - Adult Coloring Book,ENTERTAINMENT,4.6,50725,19.0,5000000,Free,0.0,Everyone,Entertainment,"May 25, 2018",1.0.64,4.0.3 and up,,,,,Unknown,,,,
Hamilton — The Official App,ENTERTAINMENT,4.5,1575,43.0,100000,Free,0.0,Everyone,Entertainment,"July 13, 2018",2.3.2,5.0 and up,0.38265277777777773,0.25680555555555556,0.6969166666666666,0.04630555555555556,Positive,23.0,9.0,4.0,36.0
Funny Quotes Free,ENTERTAINMENT,4.2,23666,3.6,1000000,Free,0.0,Teen,Entertainment,"May 4, 2018",8.1,4.0 and up,,,,,Unknown,,,,
LOL Pics (Funny Pictures),ENTERTAINMENT,4.4,67554,7.7,1000000,Free,0.0,Teen,Entertainment,"September 15, 2015",4.0,2.3.3 and up,,,,,Unknown,,,,
Meme Creator,ENTERTAINMENT,4.2,38769,44.0,1000000,Free,0.0,Mature 17+,Entertainment,"September 22, 2015",7.2.3,2.3 and up,,,,,Unknown,,,,
"Imgur: Find funny GIFs, memes & watch viral videos",ENTERTAINMENT,4.3,160164,12.0,10000000,Free,0.0,Teen,Entertainment,"August 1, 2018",4.2.0.8447,5.0 and up,,,,,Unknown,,,,
Meme Generator,ENTERTAINMENT,4.6,3771,53.0,100000,Paid,2.99,Mature 17+,Entertainment,"August 3, 2018",4.426,4.1 and up,,,,,Unknown,,,,
SketchBook - draw and paint,ENTERTAINMENT,4.3,256664,77.0,10000000,Free,0.0,Everyone,Entertainment,"May 4, 2018",4.1.7,4.0.3 and up,,,,,Unknown,,,,
All Events in City,EVENTS,4.0,3782,9.5,100000,Free,0.0,Everyone,Events,"June 12, 2018",8.4,4.0.3 and up,0.56784,0.5384,0.44592,0.01568,Positive,23.0,2.0,0.0,25.0
Ticketmaster Event Tickets,EVENTS,4.0,40113,36.0,5000000,Free,0.0,Everyone,Events,"July 23, 2018",Varies with device,Varies with device,,,,,Unknown,,,,
Reminder,EVENTS,4.5,7074,6.3,500000,Free,0.0,Everyone,Events,"June 25, 2018",1.57,4.1 and up,,,,,Unknown,,,,
Birdays - Birthday reminder,EVENTS,4.5,2153,5.9,50000,Free,0.0,Everyone,Events,"December 14, 2017",1.5.0,4.1 and up,,,,,Unknown,,,,
Fever,EVENTS,4.0,20611,12.0,1000000,Free,0.0,Teen,Events,"July 18, 2018",4.3.6,4.1 and up,,,,,Unknown,,,,
DroidAdmin for Android - Advice,EVENTS,4.2,811,2.8,10000,Free,0.0,Everyone,Events,"May 29, 2018",3.8,4.0 and up,0.09794358974358976,0.3372564102564103,0.4856410256410257,0.1770769230769231,Positive,19.0,7.0,13.0,39.0
"SeatGeek – Tickets to Sports, Concerts, Broadway",EVENTS,4.4,15558,26.0,1000000,Free,0.0,Everyone,Events,"August 3, 2018",2018.07.31229,5.0 and up,,,,,Unknown,,,,
my4D,EVENTS,4.6,573,8.7,100000,Free,0.0,Everyone,Events,"July 12, 2018",1.40,4.2 and up,,,,,Unknown,,,,
Vivid Seats – Event Tickets,EVENTS,4.6,8232,53.0,1000000,Free,0.0,Everyone,Events,"July 31, 2018",Varies with device,5.0 and up,,,,,Unknown,,,,
LBB - Find New & Unique Things To Do Around You,EVENTS,4.6,3874,14.0,100000,Free,0.0,Everyone,Events,"July 27, 2018",4.0.19,4.2 and up,,,,,Unknown,,,,
Happy Birthday Songs Offline,EVENTS,4.4,464,8.9,100000,Free,0.0,Everyone,Events,"December 4, 2017",1.3,4.1 and up,0.4627823529411765,0.6356470588235295,0.2548823529411765,0.10947058823529411,Positive,14.0,1.0,2.0,17.0
Series Valley of the Wolves full of part,EVENTS,4.6,731,11.0,50000,Free,0.0,Everyone,Events,"December 24, 2017",2.0,4.0 and up,,,,,Unknown,,,,
Mummatikabalkuragi,EVENTS,4.9,69,0.334,1000,Free,0.0,Teen,Events,"July 22, 2018",1.0,4.0 and up,,,,,Unknown,,,,
"Gametime - Tickets to Sports, Concerts, Theater",EVENTS,4.5,8800,24.0,1000000,Free,0.0,Everyone,Events,"July 17, 2018",11.1.1,5.0 and up,0.5655486486486486,0.4482702702702702,0.5052972972972973,0.04640540540540541,Positive,34.0,1.0,2.0,37.0
"PTI Flex Maker, Photo Frame Editor & Songs 2018",EVENTS,4.6,99,13.0,10000,Free,0.0,Everyone,Events,"July 6, 2018",1.1,4.2 and up,,,,,Unknown,,,,
Birthdays & Other Events,EVENTS,4.3,456,2.8,50000,Free,0.0,Everyone,Events,"June 21, 2018",1.75,2.3.3 and up,,,,,Unknown,,,,
vide-greniers.org,EVENTS,4.3,5839,3.5,100000,Free,0.0,Everyone,Events,"November 8, 2016",16.11.8,2.3.3 and up,,,,,Unknown,,,,
SUMMER SONIC app,EVENTS,5.0,4,61.0,500,Free,0.0,Everyone,Events,"July 24, 2018",1.0,4.4 and up,,,,,Unknown,,,,
Quake & Volcanoes: 3D Globe of Volcanic Eruptions,EVENTS,4.4,663,6.0,100000,Free,0.0,Everyone,Events,"October 14, 2017",1.1.3,4.1 and up,,,,,Unknown,,,,
Prosperity,EVENTS,5.0,16,2.3,100,Free,0.0,Everyone,Events,"July 9, 2018",1.14,2.0 and up,,,,,Unknown,,,,
Picktrainer: India's largest photo contest app,EVENTS,4.5,1065,9.0,100000,Free,0.0,Everyone,Events,"May 31, 2018",1.3.2,4.1 and up,,,,,Unknown,,,,
Emmabodafestivalen,EVENTS,4.8,12,29.0,1000,Free,0.0,Everyone 10+,Events,"June 28, 2018",42.0,4.2 and up,,,,,Unknown,,,,
KudaGo - things to do in NY,EVENTS,4.4,4298,4.4,100000,Free,0.0,Everyone,Events,"April 27, 2017",2.2.2,4.0 and up,,,,,Unknown,,,,
Mindvalley U Tallinn 2018,EVENTS,5.0,1,21.0,100,Free,0.0,Everyone,Events,"July 3, 2018",1.0.5,4.4 and up,,,,,Unknown,,,,
Freitas Auctioneer Official,EVENTS,3.7,100,27.0,50000,Free,0.0,Everyone,Events,"December 15, 2017",1.0.11,4.0.3 and up,,,,,Unknown,,,,
"Xceed - Clubs, DJs, Festivals & Tickets",EVENTS,4.1,399,24.0,100000,Free,0.0,Everyone,Events,"August 3, 2018",Cannonau 3.11.11,5.0 and up,,,,,Unknown,,,,
Arab Halls - For Wedding & Events,EVENTS,4.8,28,6.3,1000,Free,0.0,Everyone,Events,"May 20, 2018",8.0bld14,4.1 and up,,,,,Unknown,,,,
Endurance Lifestyle,EVENTS,4.6,7,3.8,500,Free,0.0,Teen,Events,"July 10, 2017",2.1,4.2 and up,,,,,Unknown,,,,
Citibanamex Movil,FINANCE,3.6,52306,42.0,5000000,Free,0.0,Everyone,Finance,"July 27, 2018",20.1.0,5.0 and up,0.23965897435897437,0.13061538461538463,0.8066923076923077,0.06266666666666666,Positive,22.0,7.0,10.0,39.0
KTB Netbank,FINANCE,3.8,42644,19.0,5000000,Free,0.0,Everyone,Finance,"June 28, 2018",8.18,4.2 and up,,,,,Unknown,,,,
Mobile Bancomer,FINANCE,4.2,278082,70.0,10000000,Free,0.0,Everyone,Finance,"July 30, 2018",10.78,4.0.3 and up,,,,,Unknown,,,,
Nedbank Money,FINANCE,4.2,6076,32.0,500000,Free,0.0,Everyone,Finance,"July 28, 2018",4.1.1-0-prod,4.2 and up,,,,,Unknown,,,,
SCB EASY,FINANCE,4.2,112656,93.0,5000000,Free,0.0,Everyone,Finance,"July 19, 2018",3.9.0,4.1 and up,,,,,Unknown,,,,
Itau bank,FINANCE,4.2,957973,40.0,10000000,Free,0.0,Everyone,Finance,"July 30, 2018",6.5.7,4.2 and up,,,,,Unknown,,,,
Nubank,FINANCE,4.7,130582,24.0,5000000,Free,0.0,Everyone,Finance,"August 2, 2018",Varies with device,Varies with device,,,,,Unknown,,,,
IKO,FINANCE,4.7,167168,20.0,1000000,Free,0.0,Everyone,Finance,"July 4, 2018",3.115.27,4.1 and up,,,,,Unknown,,,,
Cash App,FINANCE,4.0,34428,15.0,10000000,Free,0.0,Everyone,Finance,"August 2, 2018",2.31.1,5.0 and up,,,,,Unknown,,,,
Standard Bank / Stanbic Bank,FINANCE,3.6,15247,28.0,1000000,Free,0.0,Everyone,Finance,"July 13, 2018",3.0.5,4.0.3 and up,,,,,Unknown,,,,
Bualuang mBanking,FINANCE,4.0,48445,10.0,5000000,Free,0.0,Everyone,Finance,"July 16, 2018",2.6.0,4.0.3 and up,-0.0018352941176470526,0.09079411764705883,0.7604117647058823,0.14879411764705883,Negative,10.0,11.0,13.0,34.0
MyMo by GSB,FINANCE,4.2,21996,14.0,1000000,Free,0.0,Everyone,Finance,"July 19, 2018",1.17.2,4.0.3 and up,,,,,Unknown,,,,
Ecobank Mobile Banking,FINANCE,4.0,12073,42.0,1000000,Free,0.0,Everyone,Finance,"May 25, 2018",3.3,4.2 and up,-0.06477179487179487,0.14664102564102566,0.6760512820512821,0.17725641025641026,Positive,20.0,1.0,18.0,39.0
Banorte Movil,FINANCE,4.1,111632,65.0,1000000,Free,0.0,Everyone,Finance,"June 9, 2018",5.10.1.40699,4.4 and up,0.20726538461538463,0.15192307692307694,0.7673846153846153,0.08065384615384616,Positive,17.0,1.0,8.0,26.0
Wells Fargo Mobile,FINANCE,4.4,250706,37.0,10000000,Free,0.0,Everyone,Finance,"July 31, 2018",6.8.0.109,5.0 and up,,,,,Unknown,,,,
BZWBK24 mobile,FINANCE,4.5,64959,39.0,1000000,Free,0.0,Everyone,Finance,"June 18, 2018",5.0.1,4.1 and up,0.26506956521739133,0.37200000000000005,0.5897826086956521,0.03817391304347826,Positive,15.0,4.0,4.0,23.0
PayPal,FINANCE,4.3,659741,47.0,50000000,Free,0.0,Everyone,Finance,"July 18, 2018",6.28.0,4.4 and up,,,,,Unknown,,,,
Capital One® Mobile,FINANCE,4.6,510392,79.0,10000000,Free,0.0,Everyone,Finance,"August 1, 2018",5.38.1,5.0 and up,,,,,Unknown,,,,
Zenith Bank Mobile App,FINANCE,4.3,7215,18.0,1000000,Free,0.0,Everyone,Finance,"July 23, 2018",2.7.4,4.0 and up,,,,,Unknown,,,,
Post Bank,FINANCE,4.5,60449,100.0,1000000,Free,0.0,Everyone,Finance,"July 23, 2018",2.9.12,4.0 and up,,,,,Unknown,,,,
İşCep,FINANCE,4.5,381788,32.0,10000000,Free,0.0,Everyone,Finance,"August 2, 2018",3.22.0,4.1 and up,,,,,Unknown,,,,
People's Bank,FINANCE,3.6,10697,46.0,1000000,Free,0.0,Everyone,Finance,"July 18, 2018",3.22.1,4.1 and up,,,,,Unknown,,,,
Transfer,FINANCE,4.1,31804,9.8,5000000,Free,0.0,Everyone,Finance,"July 27, 2018",3.1.6.12,4.0 and up,,,,,Unknown,,,,
T-Mobile in,FINANCE,3.5,3856,8.2,1000000,Free,0.0,Everyone,Finance,"July 31, 2018",3.2.1,4.4 and up,,,,,Unknown,,,,
TrueMoney Wallet,FINANCE,4.4,199684,18.0,5000000,Free,0.0,Everyone,Finance,"July 19, 2018",Varies with device,Varies with device,,,,,Unknown,,,,
Bank of Brazil,FINANCE,4.5,1336246,39.0,10000000,Free,0.0,Everyone,Finance,"August 3, 2018",6.39.1.4,4.1 and up,,,,,Unknown,,,,
WiseBanyan - Invest For Free,FINANCE,4.2,257,44.0,10000,Free,0.0,Everyone,Finance,"July 31, 2018",2.2.12,4.4W and up,,,,,Unknown,,,,
Wells Fargo Daily Change,FINANCE,4.2,283,5.0,100000,Free,0.0,Everyone,Finance,"April 26, 2018",2.5.0.26,5.0 and up,,,,,Unknown,,,,
"Even - organize your money, get paid early",FINANCE,4.8,12304,21.0,100000,Free,0.0,Everyone,Finance,"August 2, 2018",6.0.16,5.0 and up,0.40177857142857143,0.4017857142857143,0.5674285714285714,0.030785714285714288,Positive,10.0,2.0,2.0,14.0
Digit Save Money Automatically,FINANCE,4.5,8188,22.0,100000,Free,0.0,Everyone,Finance,"July 31, 2018",2.29.01,4.1 and up,0.6339928571428571,0.37494642857142857,0.5735535714285714,0.05142857142857143,Positive,48.0,7.0,1.0,56.0
Stash: Invest. Learn. Save.,FINANCE,4.2,11919,23.0,1000000,Free,0.0,Everyone,Finance,"July 27, 2018",1.13.2.11,4.4 and up,,,,,Unknown,,,,
Expense IQ Money Manager,FINANCE,4.4,21570,27.0,1000000,Free,0.0,Everyone,Finance,"June 19, 2018",2.0.4,4.0 and up,0.6272451612903226,0.2697741935483871,0.6698064516129032,0.06048387096774194,Positive,29.0,1.0,1.0,31.0
"Prism Pay Bills, Track Money, Personal Finance",FINANCE,4.6,16961,32.0,500000,Free,0.0,Everyone,Finance,"August 4, 2018",2.12.100,4.1 and up,,,,,Unknown,,,,
Monefy - Money Manager,FINANCE,4.6,111254,7.4,1000000,Free,0.0,Everyone,Finance,"July 3, 2018",1.8.9,4.0 and up,,,,,Unknown,,,,
Simple - Better Banking,FINANCE,4.4,7731,24.0,100000,Free,0.0,Everyone,Finance,"August 2, 2018",2.53.2,5.0 and up,,,,,Unknown,,,,
Chime - Mobile Banking,FINANCE,4.3,5928,22.0,500000,Free,0.0,Everyone,Finance,"July 22, 2018",5.1.1,5.0 and up,,,,,Unknown,,,,
Walmart MoneyCard,FINANCE,4.2,6148,10.0,1000000,Free,0.0,Everyone,Finance,"June 1, 2018",1.14.1,4.1 and up,,,,,Unknown,,,,
Moven - Smart Finances,FINANCE,3.8,861,17.0,100000,Free,0.0,Everyone,Finance,"May 29, 2018",3.3.9,4.4 and up,,,,,Unknown,,,,
Qapital - Save Small. Live Large,FINANCE,4.5,8662,38.0,100000,Free,0.0,Everyone,Finance,"July 20, 2018",2.5.7,4.4 and up,,,,,Unknown,,,,
Experian - Free Credit Report,FINANCE,4.6,23130,46.0,1000000,Free,0.0,Everyone,Finance,"July 12, 2018",2.1.4,4.2 and up,0.4285869565217391,0.28908695652173916,0.6254347826086957,0.08552173913043479,Positive,17.0,1.0,5.0,23.0
Branch,FINANCE,4.6,69973,3.8,1000000,Free,0.0,Everyone,Finance,"July 23, 2018",1.17.1,4.0 and up,0.4071175,0.2802,0.621475,0.098325,Positive,29.0,1.0,10.0,40.0
"WalletHub - Free Credit Score, Report & Monitoring",FINANCE,4.7,1311,9.3,50000,Free,0.0,Everyone,Finance,"June 19, 2018",1.4.11,4.4 and up,,,,,Unknown,,,,
CreditWise from Capital One,FINANCE,4.6,26587,8.4,1000000,Free,0.0,Everyone,Finance,"July 19, 2018",1.18.0,4.4 and up,0.5113421052631579,0.3512105263157895,0.5470263157894737,0.10178947368421053,Positive,30.0,1.0,7.0,38.0
"NerdWallet: Personal Finance, Credit Score & Cash",FINANCE,4.6,2417,28.0,100000,Free,0.0,Everyone,Finance,"August 3, 2018",3.5.0,4.4 and up,,,,,Unknown,,,,
my face,FINANCE,3.8,1054,9.7,100000,Free,0.0,Everyone,Finance,"July 10, 2018",2.3.0,5.0 and up,,,,,Unknown,,,,
Credit Sesame,FINANCE,4.3,25166,11.0,1000000,Free,0.0,Everyone,Finance,"July 25, 2018",3.1.16,4.1 and up,0.4713394736842105,0.3086315789473684,0.6095526315789473,0.08173684210526315,Positive,32.0,1.0,5.0,38.0
Fresh EBT - Food Stamp Balance,FINANCE,4.5,19870,7.4,1000000,Free,0.0,Everyone,Finance,"July 24, 2018",2.9.5,4.0.3 and up,0.3524764705882353,0.24020588235294116,0.6776176470588235,0.08220588235294117,Positive,24.0,3.0,7.0,34.0
"Hurdlr: Track Mileage, Expenses, and Log Receipts",FINANCE,4.6,3596,19.0,100000,Free,0.0,Everyone,Finance,"July 20, 2018",16.6,6.0 and up,,,,,Unknown,,,,
Mobills: Budget Planner,FINANCE,4.6,161440,16.0,1000000,Free,0.0,Everyone,Finance,"August 3, 2018",3.2.18.07.30,4.0.3 and up,,,,,Unknown,,,,
Everlance: Free Mileage Log,FINANCE,4.7,7514,14.0,100000,Free,0.0,Everyone,Finance,"July 31, 2018",1.9.9.9.3,4.4 and up,,,,,Unknown,,,,
MileIQ - Free Mileage Tracker for Business,FINANCE,4.5,46106,22.0,1000000,Free,0.0,Everyone,Finance,"July 31, 2018",1.28.0.5402,4.4 and up,,,,,Unknown,,,,
QuickBooks Self-Employed:Mileage Tracker and Taxes,FINANCE,4.4,15141,25.0,1000000,Free,0.0,Everyone,Finance,"July 24, 2018",4.63,5.0 and up,,,,,Unknown,,,,
FREE Stock Market Trading Tips,FINANCE,3.9,714,3.6,50000,Free,0.0,Everyone,Finance,"June 7, 2017",2.10.3,2.3.3 and up,,,,,Unknown,,,,
Stock Quote,FINANCE,4.1,4344,4.5,500000,Free,0.0,Everyone,Finance,"July 30, 2018",3.6.2,4.0 and up,,,,,Unknown,,,,
Stock Trainer: Virtual Trading (Stock Markets),FINANCE,4.4,42809,23.0,1000000,Free,0.0,Everyone,Finance,"July 27, 2018",3.04 - Beta,4.1 and up,,,,,Unknown,,,,
US Stock Market,FINANCE,4.4,1922,4.2,100000,Free,0.0,Everyone,Finance,"August 1, 2018",1.28,2.3 and up,,,,,Unknown,,,,
E*TRADE Mobile,FINANCE,3.9,10658,58.0,1000000,Free,0.0,Everyone,Finance,"August 2, 2018",6.8.2,4.4 and up,0.061149999999999996,0.18371875,0.713375,0.10284375,Positive,14.0,8.0,10.0,32.0
MSN Money- Stock Quotes & News,FINANCE,4.5,78361,22.0,1000000,Free,0.0,Everyone,Finance,"July 5, 2018",1.2.0,4.2 and up,,,,,Unknown,,,,
NSE Mobile Trading,FINANCE,4.1,13868,1.4,1000000,Free,0.0,Everyone,Finance,"August 3, 2017",1.1.16,2.1 and up,,,,,Unknown,,,,
"JStock - Stock Market, Portfolio & News",FINANCE,4.6,11066,9.1,500000,Free,0.0,Everyone,Finance,"July 18, 2018",1.1.39,4.0 and up,,,,,Unknown,,,,
Current debit card and app made for teens,FINANCE,4.3,685,21.0,50000,Free,0.0,Everyone,Finance,"August 3, 2018",3.0.22,4.4 and up,0.6194875,0.427325,0.5414,0.0313,Positive,38.0,1.0,1.0,40.0
Betterment,FINANCE,4.4,3780,11.0,100000,Free,0.0,Everyone,Finance,"August 3, 2018",6.0.6,5.0 and up,0.2249825,0.26485,0.6068,0.1283,Positive,27.0,3.0,10.0,40.0
Citizens Bank Mobile Banking,FINANCE,4.1,15192,38.0,1000000,Free,0.0,Everyone,Finance,"May 23, 2018",4.2.1,4.1 and up,0.08759743589743589,0.15376923076923077,0.7133846153846154,0.13292307692307692,Positive,22.0,3.0,14.0,39.0
GoBank,FINANCE,4.4,5950,12.0,500000,Free,0.0,Everyone,Finance,"June 1, 2018",2.131,4.1 and up,0.10667179487179486,0.15435897435897436,0.728051282051282,0.11753846153846152,Positive,22.0,1.0,16.0,39.0
NetSpend Prepaid,FINANCE,4.2,15993,45.0,1000000,Free,0.0,Everyone,Finance,"May 9, 2018",4.10.0,4.4 and up,,,,,Unknown,,,,
BBVA Compass Banking,FINANCE,4.3,5905,50.0,500000,Free,0.0,Everyone,Finance,"July 27, 2018",6.0.2,4.4 and up,0.14138620689655174,0.31648275862068964,0.5271034482758621,0.1563793103448276,Positive,15.0,4.0,10.0,29.0
BankMobile Vibe App,FINANCE,4.3,14627,23.0,1000000,Free,0.0,Everyone,Finance,"July 9, 2018",5.1,4.1 and up,0.571895652173913,0.4719130434782609,0.47191304347826085,0.05613043478260869,Positive,19.0,2.0,2.0,23.0
Netspend Skylight ONE,FINANCE,3.9,1098,46.0,100000,Free,0.0,Everyone,Finance,"May 9, 2018",4.10.0,4.4 and up,,,,,Unknown,,,,
ACE Elite,FINANCE,4.1,2898,45.0,100000,Free,0.0,Everyone,Finance,"May 9, 2018",4.10.0,4.4 and up,0.34106060606060606,0.32127272727272727,0.6177272727272728,0.06096969696969697,Positive,21.0,5.0,7.0,33.0
U.S. Bank,FINANCE,4.1,70782,50.0,1000000,Free,0.0,Everyone,Finance,"July 25, 2018",2.34.29,4.0.3 and up,,,,,Unknown,,,,
Huntington Mobile,FINANCE,4.2,11264,24.0,1000000,Free,0.0,Everyone,Finance,"June 26, 2018",5.2.203,4.2 and up,,,,,Unknown,,,,
USAA Mobile,FINANCE,4.5,100997,33.0,5000000,Free,0.0,Everyone,Finance,"July 27, 2018",8.44.2,5.0 and up,,,,,Unknown,,,,
Associated Credit Union Mobile,FINANCE,4.7,3290,12.0,50000,Free,0.0,Everyone,Finance,"May 30, 2018",5.9.1.0,5.0 and up,0.4872171428571429,0.4342,0.5257999999999999,0.04002857142857143,Positive,29.0,2.0,4.0,35.0
Bank of America Mobile Banking,FINANCE,4.4,341090,53.0,10000000,Free,0.0,Everyone,Finance,"July 31, 2018",7.8.8,4.4 and up,0.3957875,0.2570625,0.66521875,0.07784375,Positive,24.0,1.0,7.0,32.0
USE Credit Union Mobile,FINANCE,4.6,964,14.0,10000,Free,0.0,Everyone,Finance,"June 12, 2018",5.9.1.0,5.0 and up,,,,,Unknown,,,,
Discover Mobile,FINANCE,4.6,87951,68.0,5000000,Free,0.0,Everyone,Finance,"July 23, 2018",9.7.0,4.1 and up,0.2239,0.14,0.744,0.116,Positive,1.0,0.0,0.0,1.0
Amex Mobile,FINANCE,4.3,24729,32.0,1000000,Free,0.0,Everyone,Finance,"August 3, 2018",6.7.0,5.0 and up,0.21379166666666669,0.22013888888888888,0.6528611111111111,0.09919444444444443,Positive,21.0,8.0,7.0,36.0
Citi Mobile®,FINANCE,4.0,78306,46.0,5000000,Free,0.0,Everyone,Finance,"July 31, 2018",9.9.0,4.4 and up,-0.0833075,0.1133,0.734675,0.152,Negative,15.0,1.0,24.0,40.0
Navy Federal Credit Union,FINANCE,4.4,43313,40.0,1000000,Free,0.0,Everyone,Finance,"July 9, 2018",5.16.2,4.1 and up,,,,,Unknown,,,,
Chase Mobile,FINANCE,4.6,1374549,32.0,10000000,Free,0.0,Everyone,Finance,"July 23, 2018",3.52,5.0 and up,0.1868075,0.1583,0.743475,0.098325,Positive,24.0,2.0,14.0,40.0
Barclays US for Android,FINANCE,4.1,6998,24.0,1000000,Free,0.0,Everyone,Finance,"August 1, 2018",6.29.37589,5.0 and up,-0.0399325,0.183225,0.6955250000000001,0.12125,Negative,12.0,11.0,17.0,40.0
McDonald's,FOOD_AND_DRINK,3.6,145323,42.0,10000000,Free,0.0,Everyone,Food & Drink,"July 31, 2018",5.15.0,4.4 and up,,,,,Unknown,,,,
Cookpad - FREE recipe search makes fun cooking · musical making!,FOOD_AND_DRINK,4.1,64784,13.0,10000000,Free,0.0,Everyone,Food & Drink,"August 2, 2018",18.6.0.10,5.0 and up,,,,,Unknown,,,,
DELISH KITCHEN - FREE recipe movies make food fun and easy!,FOOD_AND_DRINK,4.6,32997,13.0,1000000,Free,0.0,Everyone,Food & Drink,"August 4, 2018",2.2.7,4.1 and up,,,,,Unknown,,,,
Easy Recipes,FOOD_AND_DRINK,4.7,2707,8.9,100000,Free,0.0,Everyone,Food & Drink,"May 15, 2018",2.12,4.0.3 and up,0.3789975,0.41217500000000007,0.5258,0.062,Positive,25.0,11.0,4.0,40.0
Tastely,FOOD_AND_DRINK,4.7,611136,19.0,10000000,Free,0.0,Everyone,Food & Drink,"July 13, 2018",3.2.0d,4.0.3 and up,,,,,Unknown,,,,
Frigo Magic: Easy recipe idea and anti-waste,FOOD_AND_DRINK,4.1,2473,14.0,500000,Free,0.0,Everyone,Food & Drink,"July 28, 2018",3.1.5,4.4 and up,,,,,Unknown,,,,
McDonald's - McDonald's Japan,FOOD_AND_DRINK,3.4,109784,64.0,10000000,Free,0.0,Everyone,Food & Drink,"August 3, 2018",4.0.30,4.0.3 and up,,,,,Unknown,,,,
Debonairs Pizza,FOOD_AND_DRINK,3.8,3320,8.4,500000,Free,0.0,Everyone,Food & Drink,"August 4, 2018",1.9.117,4.0.3 and up,0.39840000000000003,0.3016666666666667,0.6625,0.036,Positive,4.0,2.0,0.0,6.0
Popeyes® App,FOOD_AND_DRINK,3.7,61,11.0,50000,Free,0.0,Everyone,Food & Drink,"July 23, 2018",1.0.2,4.1 and up,,,,,Unknown,,,,
Dunkin' Donuts,FOOD_AND_DRINK,4.2,68103,66.0,1000000,Free,0.0,Everyone,Food & Drink,"June 20, 2018",5.0.0,4.4 and up,0.4940394736842105,0.2246315789473684,0.6992631578947368,0.0761578947368421,Positive,28.0,1.0,9.0,38.0
Refreshing app Free application that can use deal coupons,FOOD_AND_DRINK,3.5,10741,41.0,1000000,Free,0.0,Everyone,Food & Drink,"July 23, 2018",5.2.2,4.2 and up,,,,,Unknown,,,,
Simple Recipes,FOOD_AND_DRINK,4.7,3803,15.0,500000,Free,0.0,Everyone,Food & Drink,"February 22, 2018",1.6,4.0 and up,,,,,Unknown,,,,
Grubhub: Food Delivery,FOOD_AND_DRINK,4.5,155944,35.0,5000000,Free,0.0,Everyone,Food & Drink,"August 2, 2018",7.12,5.0 and up,0.2085657894736842,0.2400789473684211,0.6352105263157896,0.12473684210526316,Positive,40.0,14.0,22.0,76.0
Panera Bread,FOOD_AND_DRINK,4.2,10159,36.0,1000000,Free,0.0,Everyone,Food & Drink,"July 17, 2018",4.3.3,5.0 and up,,,,,Unknown,,,,
Chick-fil-A,FOOD_AND_DRINK,4.3,28008,17.0,5000000,Free,0.0,Everyone,Food & Drink,"August 3, 2018",6.0.1,5.0 and up,,,,,Unknown,,,,
hellofood - Food Delivery,FOOD_AND_DRINK,4.0,43614,25.0,1000000,Free,0.0,Everyone,Food & Drink,"October 12, 2016",2.14.36,4.0.3 and up,,,,,Unknown,,,,
Starbucks,FOOD_AND_DRINK,4.5,455377,35.0,10000000,Free,0.0,Everyone,Food & Drink,"August 1, 2018",4.11.1,4.4 and up,,,,,Unknown,,,,
Easy and quick desserts,FOOD_AND_DRINK,4.6,1398,10.0,100000,Free,0.0,Everyone 10+,Food & Drink,"June 14, 2018",1.0,4.0.3 and up,,,,,Unknown,,,,
Chef - Recipes & Cooking,FOOD_AND_DRINK,4.1,32405,12.0,5000000,Free,0.0,Everyone,Food & Drink,"July 3, 2018",3.3.21,4.1 and up,,,,,Unknown,,,,
HungerStation,FOOD_AND_DRINK,3.8,22513,11.0,1000000,Free,0.0,Everyone,Food & Drink,"May 21, 2018",5.3.8,4.0.3 and up,,,,,Unknown,,,,
Dr. Oetker recipe ideas,FOOD_AND_DRINK,4.2,8509,17.0,1000000,Free,0.0,Everyone,Food & Drink,"July 12, 2018",3.5.5,4.0.3 and up,,,,,Unknown,,,,
SONIC Drive-In,FOOD_AND_DRINK,4.3,19314,43.0,1000000,Free,0.0,Everyone,Food & Drink,"July 31, 2018",3.3.6,4.4 and up,,,,,Unknown,,,,
SUBWAY®,FOOD_AND_DRINK,3.8,21314,41.0,1000000,Free,0.0,Everyone,Food & Drink,"July 24, 2018",7.9.0.0,4.4 and up,,,,,Unknown,,,,
Dairy Queen,FOOD_AND_DRINK,3.7,731,43.0,100000,Free,0.0,Everyone,Food & Drink,"July 25, 2018",2.1.0,4.1 and up,0.5386000000000001,0.221,0.7789999999999999,0.0,Positive,2.0,1.0,0.0,3.0
9th stage,FOOD_AND_DRINK,4.5,454,16.0,100000,Free,0.0,Everyone,Food & Drink,"March 28, 2018",2.0.0,4.0.3 and up,,,,,Unknown,,,,
OpenRice,FOOD_AND_DRINK,3.6,14952,39.0,1000000,Free,0.0,Everyone,Food & Drink,"June 8, 2018",5.8.5,4.1 and up,,,,,Unknown,,,,
SarashpazPapion (Cooking with Chef Bowls),FOOD_AND_DRINK,4.8,1250,13.0,50000,Free,0.0,Everyone,Food & Drink,"July 28, 2018",3.2.7,4.1 and up,,,,,Unknown,,,,
Little Caesars,FOOD_AND_DRINK,3.3,1726,30.0,500000,Free,0.0,Everyone,Food & Drink,"July 19, 2018",4.26,4.4 and up,,,,,Unknown,,,,
Recipes Pastries and homemade pies More than 500 recipes for pastries,FOOD_AND_DRINK,4.7,14065,7.1,500000,Free,0.0,Everyone,Food & Drink,"June 12, 2018",1.2.2,4.1 and up,,,,,Unknown,,,,
Om Waleed Sweets,FOOD_AND_DRINK,4.6,556,23.0,100000,Free,0.0,Teen,Food & Drink,"January 25, 2018",2.0,4.0 and up,,,,,Unknown,,,,
"Eat Fast Prepare ""Without Internet""",FOOD_AND_DRINK,4.6,4925,17.0,1000000,Free,0.0,Everyone,Food & Drink,"June 10, 2018",3.6.6,4.0.3 and up,,,,,Unknown,,,,
Wendy’s – Food and Offers,FOOD_AND_DRINK,3.4,6507,18.0,1000000,Free,0.0,Everyone,Food & Drink,"April 12, 2018",5.7.0,4.4 and up,,,,,Unknown,,,,
Healthy Recipes Free,FOOD_AND_DRINK,4.0,1077,17.0,100000,Free,0.0,Everyone,Food & Drink,"October 18, 2017",3.2.0,4.0.3 and up,0.4656256410256411,0.48156410256410254,0.4845384615384615,0.03387179487179487,Positive,31.0,5.0,3.0,39.0
ChefTap Recipes & Grocery List,FOOD_AND_DRINK,4.5,9066,15.0,500000,Free,0.0,Everyone,Food & Drink,"April 25, 2018",4.0.0.427,5.1 and up,,,,,Unknown,,,,
Recipe Keeper,FOOD_AND_DRINK,4.4,1962,22.0,100000,Free,0.0,Everyone,Food & Drink,"June 27, 2018",3.17.1.0,4.1 and up,,,,,Unknown,,,,
50 Healthy Slow Cooker Recipes,FOOD_AND_DRINK,4.0,196,9.0,10000,Free,0.0,Everyone 10+,Food & Drink,"February 17, 2017",1.2,2.3.3 and up,,,,,Unknown,,,,
Easy Healthy Recipes,FOOD_AND_DRINK,4.1,278,7.2,50000,Free,0.0,Everyone,Food & Drink,"July 20, 2018",24.5.0,4.0 and up,0.5891310344827587,0.5634827586206896,0.43651724137931036,0.0,Positive,25.0,4.0,0.0,29.0
Paprika Recipe Manager,FOOD_AND_DRINK,4.1,1268,2.3,50000,Paid,4.99,Everyone,Food & Drink,"June 3, 2018",1.4.4,4.0 and up,,,,,Unknown,,,,
Yummly Recipes & Shopping List,FOOD_AND_DRINK,4.5,91359,27.0,1000000,Free,0.0,Everyone,Food & Drink,"July 5, 2018",2.0.3,4.4 and up,,,,,Unknown,,,,
Cookpad,FOOD_AND_DRINK,4.5,131569,8.2,10000000,Free,0.0,Everyone,Food & Drink,"August 3, 2018",2.76.2.0-android,4.2 and up,0.4511944444444444,0.46477777777777773,0.4986388888888889,0.03658333333333333,Positive,31.0,3.0,2.0,36.0
"BigOven Recipes, Meal Planner, Grocery List & More",FOOD_AND_DRINK,4.3,31986,76.0,1000000,Free,0.0,Teen,Food & Drink,"November 23, 2017",5.7.23,5.0 and up,0.61037,0.33175,0.628525,0.03975,Positive,35.0,1.0,4.0,40.0
Postmates Food Delivery: Order Eats & Alcohol,FOOD_AND_DRINK,3.6,22875,22.0,1000000,Free,0.0,Everyone,Food & Drink,"July 27, 2018",4.2.6,5.0 and up,,,,,Unknown,,,,
OpenTable: Restaurants Near Me,FOOD_AND_DRINK,4.6,90242,19.0,5000000,Free,0.0,Everyone,Food & Drink,"July 31, 2018",9.15.0.2020,5.0 and up,,,,,Unknown,,,,
Munchery: Chef Crafted Fresh Food Delivered,FOOD_AND_DRINK,3.9,464,28.0,50000,Free,0.0,Everyone,Food & Drink,"May 22, 2018",2.6.15,4.4 and up,,,,,Unknown,,,,
EatStreet Food Delivery App,FOOD_AND_DRINK,4.6,7690,25.0,100000,Free,0.0,Everyone,Food & Drink,"July 3, 2018",3.1.14,5.0 and up,0.5952324324324325,0.4225405405405406,0.539945945945946,0.03748648648648649,Positive,31.0,4.0,2.0,37.0
Pizza Hut,FOOD_AND_DRINK,4.4,321134,30.0,10000000,Free,0.0,Everyone,Food & Drink,"June 12, 2018",4.7.0,4.1 and up,,,,,Unknown,,,,
Caviar - Food Delivery,FOOD_AND_DRINK,4.2,3755,8.5,100000,Free,0.0,Everyone,Food & Drink,"July 20, 2018",2.4.11,6.0 and up,0.3285948717948718,0.3149230769230769,0.6085128205128205,0.07656410256410255,Positive,24.0,7.0,8.0,39.0
Uber Eats: Local Food Delivery,FOOD_AND_DRINK,4.2,333208,34.0,10000000,Free,0.0,Everyone,Food & Drink,"August 1, 2018",1.161.10002,5.0 and up,,,,,Unknown,,,,
Seamless Food Delivery/Takeout,FOOD_AND_DRINK,4.5,35218,34.0,1000000,Free,0.0,Everyone,Food & Drink,"August 2, 2018",7.12,5.0 and up,,,,,Unknown,,,,
TheFork - Restaurants booking and special offers,FOOD_AND_DRINK,4.3,37517,17.0,5000000,Free,0.0,Everyone,Food & Drink,"July 20, 2018",11.11.1,4.1 and up,,,,,Unknown,,,,
foodpanda - Local Food Delivery,FOOD_AND_DRINK,4.0,292969,16.0,10000000,Free,0.0,Everyone,Food & Drink,"July 30, 2018",4.11.3,4.2 and up,,,,,Unknown,,,,
Home Workout - No Equipment,HEALTH_AND_FITNESS,4.8,428156,15.0,10000000,Free,0.0,Everyone,Health & Fitness,"June 28, 2018",Varies with device,Varies with device,0.72535,0.3403846153846154,0.6061153846153846,0.05342307692307692,Positive,26.0,0.0,0.0,26.0
Step Counter - Calorie Counter,HEALTH_AND_FITNESS,4.0,1577,2.2,500000,Free,0.0,Everyone,Health & Fitness,"August 12, 2017",1.0.7,4.4 and up,,,,,Unknown,,,,
Lose Belly Fat in 30 Days - Flat Stomach,HEALTH_AND_FITNESS,4.9,38098,11.0,5000000,Free,0.0,Everyone,Health & Fitness,"June 21, 2018",1.0.4,4.2 and up,,,,,Unknown,,,,
Pedometer - Step Counter Free & Calorie Burner,HEALTH_AND_FITNESS,4.8,31139,6.9,1000000,Free,0.0,Everyone,Health & Fitness,"July 24, 2018",1.0.11,4.1 and up,,,,,Unknown,,,,
Six Pack in 30 Days - Abs Workout,HEALTH_AND_FITNESS,4.9,272337,13.0,10000000,Free,0.0,Everyone,Health & Fitness,"June 21, 2018",1.0.2,4.2 and up,,,,,Unknown,,,,
Lose Weight in 30 Days,HEALTH_AND_FITNESS,4.8,220125,11.0,10000000,Free,0.0,Everyone,Health & Fitness,"July 31, 2018",1.0.14,4.0 and up,,,,,Unknown,,,,
Pedometer,HEALTH_AND_FITNESS,4.4,400592,2.9,10000000,Free,0.0,Everyone,Health & Fitness,"July 4, 2018",5.23,4.0 and up,,,,,Unknown,,,,
LG Health,HEALTH_AND_FITNESS,3.3,20098,25.0,10000000,Free,0.0,Everyone,Health & Fitness,"May 14, 2018",5.31.75,4.4 and up,,,,,Unknown,,,,
Step Counter - Pedometer Free & Calorie Counter,HEALTH_AND_FITNESS,4.7,117925,7.0,10000000,Free,0.0,Everyone,Health & Fitness,"July 24, 2018",1.0.26,4.1 and up,,,,,Unknown,,,,
"Pedometer, Step Counter & Weight Loss Tracker App",HEALTH_AND_FITNESS,4.6,548021,27.0,10000000,Free,0.0,Everyone,Health & Fitness,"August 2, 2018",p5.7.1,4.1 and up,,,,,Unknown,,,,
Sportractive GPS Running Cycling Distance Tracker,HEALTH_AND_FITNESS,4.8,48276,7.5,1000000,Free,0.0,Everyone,Health & Fitness,"August 4, 2018",3.0.6,4.4 and up,,,,,Unknown,,,,
Home Workout for Men - Bodybuilding,HEALTH_AND_FITNESS,4.8,12705,15.0,1000000,Free,0.0,Everyone,Health & Fitness,"July 10, 2018",1.0.2,4.0 and up,0.5916730769230769,0.5545769230769231,0.4410769230769231,0.004346153846153846,Positive,22.0,4.0,0.0,26.0
Fat Burning Workout - Home Weight lose,HEALTH_AND_FITNESS,4.5,706,9.4,100000,Free,0.0,Everyone,Health & Fitness,"July 24, 2018",1.0.5,4.1 and up,0.22322777777777775,0.21419444444444447,0.6962777777777778,0.08963888888888888,Positive,22.0,5.0,9.0,36.0
Buttocks and Abdomen,HEALTH_AND_FITNESS,4.4,465,6.4,500000,Free,0.0,Everyone,Health & Fitness,"June 7, 2018",1.08,4.0.3 and up,,,,,Unknown,,,,
Walking for Weight Loss - Walk Tracker,HEALTH_AND_FITNESS,4.5,644,5.5,100000,Free,0.0,Everyone,Health & Fitness,"July 25, 2018",1.0.4,4.1 and up,,,,,Unknown,,,,
Running & Jogging,HEALTH_AND_FITNESS,4.5,6238,3.9,500000,Free,0.0,Everyone,Health & Fitness,"July 30, 2018",1.1.22,4.1 and up,,,,,Unknown,,,,
Walk with Map My Walk,HEALTH_AND_FITNESS,4.5,144040,55.0,5000000,Free,0.0,Everyone,Health & Fitness,"July 27, 2018",18.7.1,5.0 and up,,,,,Unknown,,,,
Sleep Sounds,HEALTH_AND_FITNESS,4.8,51227,28.0,1000000,Free,0.0,Everyone,Health & Fitness,"July 13, 2018",4.0.1,4.0.3 and up,,,,,Unknown,,,,
Lose Belly Fat-Home Abs Fitness Workout,HEALTH_AND_FITNESS,4.6,199,8.8,50000,Free,0.0,Everyone,Health & Fitness,"July 24, 2018",1.0.7,4.1 and up,,,,,Unknown,,,,
Cycling - Bike Tracker,HEALTH_AND_FITNESS,4.5,9116,4.0,500000,Free,0.0,Everyone,Health & Fitness,"July 30, 2018",1.1.22,4.1 and up,0.437636,0.47552,0.48324,0.041159999999999995,Positive,20.0,2.0,3.0,25.0
Abs Training-Burn belly fat,HEALTH_AND_FITNESS,4.7,2071,6.9,100000,Free,0.0,Everyone,Health & Fitness,"July 24, 2018",1.0.12,4.1 and up,0.30234722222222227,0.2758333333333333,0.6070833333333333,0.11705555555555557,Positive,25.0,5.0,6.0,36.0
Calorie Counter - EasyFit free,HEALTH_AND_FITNESS,4.7,50294,11.0,1000000,Free,0.0,Everyone,Health & Fitness,"July 9, 2018",3.0.7,4.1 and up,0.6659837837837838,0.34627027027027024,0.5980810810810812,0.05562162162162162,Positive,34.0,0.0,3.0,37.0
Aunjai i lert u,HEALTH_AND_FITNESS,4.2,1140,5.5,500000,Free,0.0,Teen,Health & Fitness,"January 10, 2017",1.5,3.0 and up,,,,,Unknown,,,,
BetterMe: Weight Loss Workouts,HEALTH_AND_FITNESS,4.2,14709,15.0,5000000,Free,0.0,Everyone,Health & Fitness,"July 26, 2018",2.8.2,5.0 and up,0.5221351351351351,0.379,0.5552702702702702,0.06567567567567568,Positive,31.0,4.0,2.0,37.0
Bike Computer - GPS Cycling Tracker,HEALTH_AND_FITNESS,4.4,12029,4.3,1000000,Free,0.0,Everyone,Health & Fitness,"August 4, 2018",2.6,4.2 and up,0.3616641025641026,0.28123076923076923,0.6311538461538461,0.08756410256410256,Positive,29.0,4.0,6.0,39.0
Six Packs for Man–Body Building with No Equipment,HEALTH_AND_FITNESS,4.6,2880,7.1,100000,Free,0.0,Everyone,Health & Fitness,"July 24, 2018",1.0.8,4.1 and up,,,,,Unknown,,,,
Weight Watchers Mobile,HEALTH_AND_FITNESS,4.2,270267,58.0,5000000,Free,0.0,Everyone,Health & Fitness,"July 31, 2018",6.15.0,4.1 and up,,,,,Unknown,,,,
The TK-App - everything under control,HEALTH_AND_FITNESS,4.5,8642,18.0,100000,Free,0.0,Everyone,Health & Fitness,"August 2, 2018",1.20,4.4 and up,,,,,Unknown,,,,
Walking: Pedometer diet,HEALTH_AND_FITNESS,3.7,1861,1.5,1000000,Free,0.0,Everyone,Health & Fitness,"June 18, 2018",1.5,2.3 and up,,,,,Unknown,,,,
Recipes for hair and face tried,HEALTH_AND_FITNESS,4.5,1203,6.5,500000,Free,0.0,Everyone,Health & Fitness,"October 16, 2016",1.2,2.3.3 and up,,,,,Unknown,,,,
Abs Workout - 30 Days Fitness App for Six Pack Abs,HEALTH_AND_FITNESS,4.6,299,11.0,100000,Free,0.0,Everyone,Health & Fitness,"August 3, 2018",1.3.8,4.4 and up,,,,,Unknown,,,,
8fit Workouts & Meal Planner,HEALTH_AND_FITNESS,4.6,115721,67.0,10000000,Free,0.0,Everyone,Health & Fitness,"July 11, 2018",3.5.0,5.0 and up,0.5876730994152046,0.33384210526315794,0.5704678362573099,0.09570760233918128,Positive,147.0,0.0,24.0,171.0
Run with Map My Run,HEALTH_AND_FITNESS,4.5,183662,57.0,5000000,Free,0.0,Everyone,Health & Fitness,"July 27, 2018",18.7.1,5.0 and up,,,,,Unknown,,,,
Weight Loss Running by Verv,HEALTH_AND_FITNESS,4.5,27393,59.0,1000000,Free,0.0,Mature 17+,Health & Fitness,"July 16, 2018",6.5.3,4.1 and up,,,,,Unknown,,,,
Couch to 10K Running Trainer,HEALTH_AND_FITNESS,4.6,10445,48.0,500000,Free,0.0,Everyone,Health & Fitness,"July 2, 2018",112.0,4.4 and up,0.63651,0.35155,0.627675,0.020725,Positive,37.0,2.0,1.0,40.0
PumpUp — Fitness Community,HEALTH_AND_FITNESS,4.0,49479,57.0,1000000,Free,0.0,Teen,Health & Fitness,"July 10, 2018",5.13.0,5.0 and up,,,,,Unknown,,,,
"Home workouts - fat burning, abs, legs, arms,chest",HEALTH_AND_FITNESS,4.3,4848,13.0,1000000,Free,0.0,Everyone,Health & Fitness,"July 18, 2018",2.6,4.1 and up,0.6791875,0.586375,0.36775,0.045875,Positive,7.0,1.0,0.0,8.0
"Fabulous: Motivate Me! Meditate, Relax, Sleep",HEALTH_AND_FITNESS,4.6,205299,31.0,5000000,Free,0.0,Everyone,Health & Fitness,"July 16, 2018",3.48,4.1 and up,0.553715,0.2988,0.5873999999999999,0.11385,Positive,33.0,0.0,7.0,40.0
StrongLifts 5x5 Workout Gym Log & Personal Trainer,HEALTH_AND_FITNESS,4.9,66791,10.0,1000000,Free,0.0,Everyone,Health & Fitness,"July 30, 2018",Varies with device,Varies with device,,,,,Unknown,,,,
Workout Tracker & Gym Trainer - Fitness Log Book,HEALTH_AND_FITNESS,4.6,5420,21.0,500000,Free,0.0,Everyone,Health & Fitness,"June 5, 2018",2.48.3,4.1 and up,,,,,Unknown,,,,
Freeletics: Personal Trainer & Fitness Workouts,HEALTH_AND_FITNESS,4.5,130104,25.0,10000000,Free,0.0,Everyone,Health & Fitness,"August 3, 2018",5.3,5.0 and up,0.227034375,0.271375,0.627125,0.10149999999999999,Positive,16.0,10.0,6.0,32.0
Nike Training Club - Workouts & Fitness Plans,HEALTH_AND_FITNESS,4.6,251534,93.0,10000000,Free,0.0,Everyone,Health & Fitness,"July 18, 2018",5.14.0,5.0 and up,,,,,Unknown,,,,
Fitbit Coach,HEALTH_AND_FITNESS,4.6,28951,60.0,1000000,Free,0.0,Everyone,Health & Fitness,"July 16, 2018",4.4,4.4 and up,,,,,Unknown,,,,
"JEFIT Workout Tracker, Weight Lifting, Gym Log App",HEALTH_AND_FITNESS,4.5,60096,27.0,5000000,Free,0.0,Teen,Health & Fitness,"April 7, 2018",10.0,4.0.3 and up,,,,,Unknown,,,,
Map My Ride GPS Cycling Riding,HEALTH_AND_FITNESS,4.5,106547,54.0,1000000,Free,0.0,Everyone,Health & Fitness,"July 27, 2018",18.7.1,5.0 and up,,,,,Unknown,,,,
Sworkit: Workouts & Fitness Plans,HEALTH_AND_FITNESS,4.6,109756,78.0,5000000,Free,0.0,Everyone,Health & Fitness,"August 1, 2018",8.2.0,4.0.3 and up,,,,,Unknown,,,,
Map My Fitness Workout Trainer,HEALTH_AND_FITNESS,4.4,38343,55.0,1000000,Free,0.0,Everyone,Health & Fitness,"July 27, 2018",18.7.1,5.0 and up,,,,,Unknown,,,,
Daily Yoga - Yoga Fitness Plans,HEALTH_AND_FITNESS,4.4,70769,35.0,5000000,Free,0.0,Everyone,Health & Fitness,"July 24, 2018",6.2.73,4.0 and up,0.5734416666666667,0.31925,0.5935,0.08716666666666667,Positive,10.0,0.0,2.0,12.0
Relax Meditation: Sleep with Sleep Sounds,HEALTH_AND_FITNESS,4.4,26540,43.0,1000000,Free,0.0,Everyone,Health & Fitness,"February 9, 2017",2.5.1,4.0.3 and up,,,,,Unknown,,,,
Free Meditation - Take a Break,HEALTH_AND_FITNESS,4.2,1608,39.0,100000,Free,0.0,Everyone,Health & Fitness,"July 28, 2016",6.7,2.3.3 and up,,,,,Unknown,,,,
Meditate OM,HEALTH_AND_FITNESS,4.5,19074,4.2,1000000,Free,0.0,Everyone,Health & Fitness,"January 17, 2018",16.0,4.0 and up,,,,,Unknown,,,,
Yoga - Track Yoga,HEALTH_AND_FITNESS,4.5,7976,44.0,500000,Free,0.0,Everyone,Health & Fitness,"July 9, 2018",7.0,4.0.3 and up,,,,,Unknown,,,,
My Chakra Meditation,HEALTH_AND_FITNESS,4.4,7586,45.0,500000,Free,0.0,Everyone,Health & Fitness,"April 10, 2018",1.0.6,2.3.3 and up,,,,,Unknown,,,,
"Meditation Music - Relax, Yoga",HEALTH_AND_FITNESS,4.6,48226,28.0,1000000,Free,0.0,Everyone,Health & Fitness,"March 5, 2018",3.1.9,4.0.3 and up,,,,,Unknown,,,,
Meditation Studio,HEALTH_AND_FITNESS,4.6,1026,29.0,10000,Paid,3.99,Everyone,Health & Fitness,"May 15, 2018",1.0.6,4.3 and up,,,,,Unknown,,,,
Down Dog: Great Yoga Anywhere,HEALTH_AND_FITNESS,4.9,28945,12.0,500000,Free,0.0,Teen,Health & Fitness,"May 17, 2018",2.6.1,4.2 and up,0.82445,0.32320000000000004,0.6270749999999999,0.049675000000000004,Positive,39.0,0.0,1.0,40.0
21-Day Meditation Experience,HEALTH_AND_FITNESS,4.4,11506,15.0,100000,Free,0.0,Everyone,Health & Fitness,"August 2, 2018",3.0.0,4.1 and up,0.52223625,0.3175625,0.5987125,0.083875,Positive,66.0,2.0,12.0,80.0
My Chakra Meditation 2,HEALTH_AND_FITNESS,4.3,1288,31.0,100000,Free,0.0,Everyone,Health & Fitness,"April 10, 2018",2.0.4,2.3.3 and up,,,,,Unknown,,,,
Simple Habit Meditation,HEALTH_AND_FITNESS,4.7,11689,20.0,500000,Free,0.0,Everyone,Health & Fitness,"July 27, 2018",1.29.15,4.4 and up,,,,,Unknown,,,,
Headspace: Meditation & Mindfulness,HEALTH_AND_FITNESS,4.6,77563,39.0,10000000,Free,0.0,Everyone,Health & Fitness,"July 23, 2018",3.6.4,4.2 and up,0.28315454545454544,0.21,0.6460909090909092,0.14381818181818182,Positive,6.0,3.0,2.0,11.0
Yoga Studio: Mind & Body,HEALTH_AND_FITNESS,4.3,5499,94.0,100000,Free,0.0,Everyone,Health & Fitness,"July 23, 2018",2.0.16,4.1 and up,,,,,Unknown,,,,
My Cycles Period and Ovulation,HEALTH_AND_FITNESS,4.3,26652,41.0,1000000,Free,0.0,Everyone,Health & Fitness,"May 4, 2018",2.3.3,4.0.3 and up,,,,,Unknown,,,,
I’m Expecting - Pregnancy App,HEALTH_AND_FITNESS,4.6,71269,49.0,1000000,Free,0.0,Everyone,Health & Fitness,"March 30, 2018",2.3.2,4.0.3 and up,,,,,Unknown,,,,
The Bump Pregnancy Tracker,HEALTH_AND_FITNESS,4.6,20301,22.0,1000000,Free,0.0,Everyone,Health & Fitness,"May 16, 2018",3.22,4.3 and up,,,,,Unknown,,,,
Best Ovulation Tracker Fertility Calendar App Glow,HEALTH_AND_FITNESS,4.6,56145,23.0,1000000,Free,0.0,Everyone,Health & Fitness,"August 1, 2018",7.3.4-play,5.0 and up,0.6892,0.19,0.81,0.0,Positive,1.0,0.0,0.0,1.0
"Eve Period Tracker - Love, Sex & Relationships App",HEALTH_AND_FITNESS,4.6,20326,28.0,1000000,Free,0.0,Teen,Health & Fitness,"August 4, 2018",2.9.18,4.1 and up,0.6998769230769231,0.5720769230769231,0.4206153846153846,0.007346153846153846,Positive,23.0,3.0,0.0,26.0
Fertility Friend Ovulation App,HEALTH_AND_FITNESS,4.5,12955,7.2,1000000,Free,0.0,Teen,Health & Fitness,"June 27, 2018",10.24,4.4 and up,,,,,Unknown,,,,
Pregnancy Tracker,HEALTH_AND_FITNESS,4.1,2681,6.5,500000,Free,0.0,Everyone,Health & Fitness,"February 10, 2018",37,4.0.3 and up,,,,,Unknown,,,,
"Spot On Period, Birth Control, & Cycle Tracker",HEALTH_AND_FITNESS,4.6,4102,24.0,500000,Free,0.0,Everyone 10+,Health & Fitness,"July 19, 2018",2.6.1,4.2 and up,,,,,Unknown,,,,
Period Tracker Clue: Period and Ovulation Tracker,HEALTH_AND_FITNESS,4.8,570242,20.0,10000000,Free,0.0,Everyone,Health & Fitness,"August 2, 2018",5.0.2,4.1 and up,,,,,Unknown,,,,
WomanLog Calendar,HEALTH_AND_FITNESS,4.5,121838,15.0,5000000,Free,0.0,Everyone,Health & Fitness,"May 23, 2018",5.5.1,4.0.3 and up,,,,,Unknown,,,,
Map My Hike GPS Hiking,HEALTH_AND_FITNESS,4.4,12858,55.0,500000,Free,0.0,Everyone,Health & Fitness,"July 27, 2018",18.7.1,5.0 and up,,,,,Unknown,,,,
Runtastic Mountain Bike GPS Tracker,HEALTH_AND_FITNESS,4.5,50679,38.0,1000000,Free,0.0,Everyone,Health & Fitness,"August 1, 2018",3.6.2,4.4 and up,,,,,Unknown,,,,
"AllTrails: Hiking, Running & Mountain Bike Trails",HEALTH_AND_FITNESS,4.3,16943,32.0,1000000,Free,0.0,Everyone,Health & Fitness,"July 30, 2018",8.8.14,4.4 and up,,,,,Unknown,,,,
Tracks,HEALTH_AND_FITNESS,4.6,623,40.0,50000,Free,0.0,Everyone 10+,Health & Fitness,"July 17, 2017",1.2.3,4.0.3 and up,,,,,Unknown,,,,
"Technutri - calorie counter, diet and carb tracker",HEALTH_AND_FITNESS,4.4,70416,23.0,5000000,Free,0.0,Everyone,Health & Fitness,"July 27, 2018",3.19.4,4.1 and up,,,,,Unknown,,,,
Couch to 5K by RunDouble,HEALTH_AND_FITNESS,4.7,15674,6.1,1000000,Free,0.0,Everyone,Health & Fitness,"July 31, 2018",4.5.4,4.1 and up,0.41455384615384616,0.3875897435897436,0.5467692307692308,0.06566666666666666,Positive,29.0,3.0,7.0,39.0
Calorie Counter - MyNetDiary,HEALTH_AND_FITNESS,4.5,27439,19.0,1000000,Free,0.0,Everyone,Health & Fitness,"July 16, 2018",6.5.1,5.0 and up,0.5757071942446044,0.3786618705035971,0.5587841726618705,0.06251798561151078,Positive,118.0,9.0,12.0,139.0
10 Best Foods for You,HEALTH_AND_FITNESS,4.0,2490,3.8,500000,Free,0.0,Everyone 10+,Health & Fitness,"February 17, 2017",1.9,2.3.3 and up,0.5056113402061856,0.5822886597938144,0.3724020618556701,0.045309278350515465,Positive,162.0,18.0,14.0,194.0
MyPlate Calorie Tracker,HEALTH_AND_FITNESS,4.6,24094,18.0,1000000,Free,0.0,Everyone,Health & Fitness,"July 9, 2018",3.3.0(1),4.1 and up,,,,,Unknown,,,,
My Diet Diary Calorie Counter,HEALTH_AND_FITNESS,4.1,18539,57.0,1000000,Free,0.0,Everyone,Health & Fitness,"July 30, 2018",1.11.4,4.0.3 and up,,,,,Unknown,,,,
Calorie Counter - Macros,HEALTH_AND_FITNESS,4.0,3061,5.5,100000,Free,0.0,Everyone,Health & Fitness,"August 27, 2016",2.3.4,5.0 and up,0.6500579999999999,0.27564,0.6624899999999999,0.06186,Positive,178.0,4.0,18.0,200.0
Weight Loss Tracker - RecStyle,HEALTH_AND_FITNESS,4.4,20547,5.7,1000000,Free,0.0,Everyone,Health & Fitness,"November 29, 2017",3.2.7,4.1 and up,,,,,Unknown,,,,
Lark - 24/7 Health Coach,HEALTH_AND_FITNESS,4.1,3405,51.0,100000,Free,0.0,Everyone,Health & Fitness,"July 25, 2018",4.5.1.123,4.4 and up,,,,,Unknown,,,,
MealLogger-Photo Food Journal,HEALTH_AND_FITNESS,3.5,217,9.4,50000,Free,0.0,Teen,Health & Fitness,"August 23, 2017",4.6.2,4.0.3 and up,,,,,Unknown,,,,
Health and Nutrition Guide,HEALTH_AND_FITNESS,4.3,7895,3.3,500000,Free,0.0,Everyone,Health & Fitness,"July 15, 2018",3.3,4.0 and up,0.40979642857142856,0.5440803571428571,0.4114464285714286,0.04447321428571428,Positive,86.0,17.0,9.0,112.0
Food Calorie Calculator,HEALTH_AND_FITNESS,4.2,1324,4.0,100000,Free,0.0,Everyone,Health & Fitness,"January 29, 2018",10.2.0,4.0 and up,0.051512195121951224,0.2954634146341463,0.5228048780487805,0.13297560975609757,Positive,18.0,12.0,11.0,41.0
Monitor Your Weight,HEALTH_AND_FITNESS,4.5,126017,4.3,5000000,Free,0.0,Everyone,Health & Fitness,"July 5, 2018",4.9.8.1,4.0 and up,,,,,Unknown,,,,
Eat Fit - Diet and Health Free,HEALTH_AND_FITNESS,4.1,2469,3.6,100000,Free,0.0,Everyone,Health & Fitness,"July 23, 2014",1.0.9,2.3 and up,0.2745388888888889,0.3813666666666667,0.49516666666666664,0.12346666666666667,Positive,55.0,10.0,25.0,90.0
Self Healing,HEALTH_AND_FITNESS,4.5,14394,9.9,500000,Free,0.0,Everyone,Health & Fitness,"July 16, 2017",Public.Heal,4.0.3 and up,,,,,Unknown,,,,
Happify,HEALTH_AND_FITNESS,3.7,1812,37.0,100000,Free,0.0,Everyone,Health & Fitness,"July 24, 2018",1.31.0-15160.950adac99,4.4 and up,0.6133,0.39475,0.5740000000000001,0.03125,Positive,3.0,1.0,0.0,4.0
Relaxing Sounds,HEALTH_AND_FITNESS,4.6,4642,40.0,100000,Free,0.0,Everyone,Health & Fitness,"March 11, 2017",1.92,4.1 and up,,,,,Unknown,,,,
White Sound Pro,HEALTH_AND_FITNESS,4.7,16570,73.0,500000,Free,0.0,Everyone,Health & Fitness,"July 29, 2018",4.8.0,4.4 and up,,,,,Unknown,,,,
Self-help Anxiety Management,HEALTH_AND_FITNESS,4.0,2894,23.0,500000,Free,0.0,Everyone 10+,Health & Fitness,"February 22, 2017",1.2.6,4.0.3 and up,,,,,Unknown,,,,
Brain Waves - Binaural Beats,HEALTH_AND_FITNESS,4.4,5038,10.0,500000,Free,0.0,Everyone,Health & Fitness,"July 15, 2018",5.2,4.4 and up,0.33884250000000005,0.24077500000000002,0.6512749999999999,0.10794999999999999,Positive,26.0,3.0,11.0,40.0
Prana Breath: Calm & Meditate,HEALTH_AND_FITNESS,4.8,31665,8.4,1000000,Free,0.0,Everyone,Health & Fitness,"July 19, 2018",8.2.0_8,4.0 and up,,,,,Unknown,,,,
White Noise Lite,HEALTH_AND_FITNESS,4.4,57634,41.0,1000000,Free,0.0,Everyone,Health & Fitness,"June 25, 2018",7.4,4.1 and up,,,,,Unknown,,,,
Zillow: Find Houses for Sale & Apartments for Rent,HOUSE_AND_HOME,4.5,417907,34.0,10000000,Free,0.0,Everyone,House & Home,"August 1, 2018",9.8.1.7425,4.4 and up,,,,,Unknown,,,,
"Viva Decora - Decoration, Photos, Architecture, House",HOUSE_AND_HOME,4.8,3167,7.5,100000,Free,0.0,Everyone,House & Home,"August 3, 2018",2.0.0,5.0 and up,,,,,Unknown,,,,
Realtor.com Real Estate: Homes for Sale and Rent,HOUSE_AND_HOME,4.5,162243,12.0,10000000,Free,0.0,Everyone,House & Home,"July 26, 2018",8.18,4.0.3 and up,,,,,Unknown,,,,
Real Estate sale & rent Trovit,HOUSE_AND_HOME,4.1,65913,7.7,5000000,Free,0.0,Everyone,House & Home,"July 16, 2018",4.47.3,4.0.3 and up,,,,,Unknown,,,,
"591 housing transactions - renting houses, middle-class houses, new cases, real-time registration, villas through the sky, apartment suites, MRT, buying a house selling prices, housing mortgages",HOUSE_AND_HOME,4.1,24977,21.0,1000000,Free,0.0,Everyone,House & Home,"August 1, 2018",3.5.9,4.0.3 and up,,,,,Unknown,,,,
"Homes.com 🏠 For Sale, Rent",HOUSE_AND_HOME,4.0,6000,18.0,1000000,Free,0.0,Everyone,House & Home,"July 28, 2018",9.6.8,4.1 and up,0.2693285714285714,0.42242857142857143,0.47985714285714287,0.09766666666666668,Positive,12.0,6.0,3.0,21.0
"CYANOGEN. Rent, buy an apartment, a room, a cottage 3+",HOUSE_AND_HOME,4.3,37711,40.0,1000000,Free,0.0,Everyone,House & Home,"July 31, 2018",2.51.0,4.4 and up,,,,,Unknown,,,,
Good room network fast rent,HOUSE_AND_HOME,3.7,2758,8.6,500000,Free,0.0,Everyone,House & Home,"June 25, 2018",4.2.3,4.0 and up,,,,,Unknown,,,,
LIFULL HOME'S,HOUSE_AND_HOME,4.2,7573,18.0,1000000,Free,0.0,Everyone,House & Home,"July 25, 2018",8.2.1,4.2 and up,,,,,Unknown,,,,
"Apartment List: Housing, Apt, and Property Rentals",HOUSE_AND_HOME,4.5,8481,7.5,1000000,Free,0.0,Everyone,House & Home,"August 3, 2018",2.1.0,5.0 and up,0.5201510638297873,0.4941063829787234,0.4791914893617021,0.026702127659574467,Positive,39.0,6.0,2.0,47.0
Gold Butterfly Keyboard Theme,HOUSE_AND_HOME,4.3,10054,9.1,1000000,Free,0.0,Everyone,House & Home,"July 12, 2018",6.7.12.2018,4.0.3 and up,0.36485641025641025,0.6803589743589743,0.2823846153846154,0.03725641025641026,Positive,30.0,6.0,3.0,39.0
"Apartment, Home Rental Search: Realtor.com Rentals",HOUSE_AND_HOME,3.9,10117,13.0,1000000,Free,0.0,Everyone,House & Home,"June 29, 2018",3.6,4.0.3 and up,0.022744000000000007,0.24436,0.56764,0.18796,Positive,12.0,3.0,10.0,25.0
591 Housing Trading - Hong Kong,HOUSE_AND_HOME,4.3,3522,15.0,100000,Free,0.0,Everyone,House & Home,"August 2, 2018",3.10.8,4.0 and up,,,,,Unknown,,,,
Redfin Real Estate,HOUSE_AND_HOME,4.6,36857,19.0,1000000,Free,0.0,Everyone,House & Home,"July 25, 2018",220.0,5.0 and up,,,,,Unknown,,,,
DaBang - Rental Homes in Korea,HOUSE_AND_HOME,4.4,23013,26.0,5000000,Free,0.0,Everyone,House & Home,"July 17, 2018",3.2.4,4.1 and up,,,,,Unknown,,,,
DIY On A Budget,HOUSE_AND_HOME,4.7,114,8.3,10000,Free,0.0,Teen,House & Home,"February 18, 2018",2.1,4.1 and up,0.615569696969697,0.5169090909090909,0.4523030303030303,0.030787878787878788,Positive,28.0,3.0,2.0,33.0
Free Foreclosure Real Estate Search by USHUD.com,HOUSE_AND_HOME,3.4,287,27.0,100000,Free,0.0,Everyone,House & Home,"May 29, 2018",2.4.2,4.4 and up,-0.021318918918918916,0.12513513513513513,0.7338108108108108,0.14102702702702702,Negative,12.0,11.0,14.0,37.0
Mortgage by Zillow: Calculator & Rates,HOUSE_AND_HOME,4.3,4435,7.9,500000,Free,0.0,Everyone,House & Home,"March 2, 2016",2.6.0.287,4.0 and up,,,,,Unknown,,,,
Room planner: Interior & Floorplan Design for IKEA,HOUSE_AND_HOME,4.0,4281,27.0,100000,Free,0.0,Everyone,House & Home,"August 5, 2018",858,4.0.3 and up,,,,,Unknown,,,,
Rent.com Apartment Homes,HOUSE_AND_HOME,4.0,7508,5.1,1000000,Free,0.0,Everyone,House & Home,"July 9, 2018",7.9.0,5.0 and up,,,,,Unknown,,,,
Good house to buy a house,HOUSE_AND_HOME,3.8,491,15.0,100000,Free,0.0,Everyone,House & Home,"July 25, 2018",2.6.0,4.0.3 and up,,,,,Unknown,,,,
Apartments.com Rental Search,HOUSE_AND_HOME,4.3,22584,16.0,1000000,Free,0.0,Everyone,House & Home,"July 16, 2018",4.7.13,4.4 and up,0.0694,0.20650724637681162,0.6713768115942029,0.12202898550724638,Positive,27.0,18.0,24.0,69.0
Hemnet,HOUSE_AND_HOME,3.6,4087,9.2,500000,Free,0.0,Everyone,House & Home,"July 16, 2018",4.3.0,4.1 and up,,,,,Unknown,,,,
House app: beautiful everyday ~,HOUSE_AND_HOME,4.6,2669,10.0,500000,Free,0.0,Teen,House & Home,"August 3, 2018",2.0.6.9,4.1 and up,,,,,Unknown,,,,
"N1.RU - Real estate: apartments, new buildings, lodging",HOUSE_AND_HOME,4.5,7619,13.0,100000,Free,0.0,Everyone,House & Home,"July 12, 2018",1.22.0,4.0.3 and up,,,,,Unknown,,,,
Ruler,HOUSE_AND_HOME,4.7,126,1.9,10000,Free,0.0,Everyone,House & Home,"August 21, 2017",1.0,4.0 and up,,,,,Unknown,,,,
Home Decor Showpiece Art making: Medium Difficulty,HOUSE_AND_HOME,4.3,273,7.0,50000,Free,0.0,Everyone,House & Home,"May 30, 2018",1.2,4.0.3 and up,0.223776,0.40020000000000006,0.45136,0.14844000000000002,Positive,14.0,6.0,5.0,25.0
"乐屋网: Buying a house, selling a house, renting a house",HOUSE_AND_HOME,3.7,2248,15.0,100000,Free,0.0,Everyone,House & Home,"August 3, 2018",v3.1.1,4.0 and up,,,,,Unknown,,,,
iProperty Malaysia,HOUSE_AND_HOME,4.2,809,7.8,100000,Free,0.0,Everyone,House & Home,"July 25, 2018",1.6.1.2,4.0 and up,,,,,Unknown,,,,
ColorSnap® Visualizer,HOUSE_AND_HOME,3.4,3280,77.0,1000000,Free,0.0,Everyone,House & Home,"June 29, 2018",5.0.1,4.0.3 and up,-0.06859230769230769,0.11079487179487178,0.7632564102564102,0.126,Negative,11.0,11.0,17.0,39.0
Apartment Decorating Ideas,HOUSE_AND_HOME,3.9,1478,5.7,100000,Free,0.0,Everyone,House & Home,"March 13, 2015",1.2,3.0 and up,0.6901,0.487,0.513,0.0,Positive,1.0,0.0,0.0,1.0
Bedroom Decorating Ideas,HOUSE_AND_HOME,4.0,2382,5.9,500000,Free,0.0,Everyone,House & Home,"April 7, 2015",1.7,3.0 and up,,,,,Unknown,,,,
Room Painting Ideas,HOUSE_AND_HOME,4.0,4450,7.6,1000000,Free,0.0,Everyone,House & Home,"March 17, 2015",1.7,3.0 and up,,,,,Unknown,,,,
Kitchen Island Ideas,HOUSE_AND_HOME,4.0,515,5.8,50000,Free,0.0,Everyone,House & Home,"May 30, 2015",1.5,3.0 and up,,,,,Unknown,,,,
Living Room Decorating Ideas,HOUSE_AND_HOME,4.0,4465,5.8,1000000,Free,0.0,Everyone,House & Home,"March 6, 2015",1.7,3.0 and up,,,,,Unknown,,,,
Bathroom Decorating Ideas,HOUSE_AND_HOME,4.1,2427,5.3,500000,Free,0.0,Everyone,House & Home,"March 12, 2015",1.4,3.0 and up,0.288385,0.410625,0.5292,0.060175,Positive,22.0,13.0,5.0,40.0
Wall Decorating Ideas,HOUSE_AND_HOME,3.9,6631,5.5,1000000,Free,0.0,Everyone,House & Home,"March 11, 2015",1.5,3.0 and up,,,,,Unknown,,,,
Zumper - Apartment Rental Finder,HOUSE_AND_HOME,4.4,11200,25.0,1000000,Free,0.0,Everyone,House & Home,"July 16, 2018",4.5.15,5.0 and up,,,,,Unknown,,,,
RadPad: Apartment Finder App,HOUSE_AND_HOME,4.4,6896,35.0,500000,Free,0.0,Everyone,House & Home,"August 30, 2017",1.7.3,4.1 and up,,,,,Unknown,,,,
Homesnap Real Estate & Rentals,HOUSE_AND_HOME,4.3,3834,30.0,500000,Free,0.0,Everyone,House & Home,"July 31, 2018",5.20.38,4.2 and up,0.5007342857142857,0.4246285714285714,0.5170857142857143,0.058314285714285714,Positive,28.0,4.0,3.0,35.0
Trulia Mortgage Calculators,HOUSE_AND_HOME,4.1,81,16.0,50000,Free,0.0,Everyone,House & Home,"February 16, 2018",2.1.0,4.4 and up,,,,,Unknown,,,,
Quotes,LIBRARIES_AND_DEMO,4.4,58,15.0,10000,Free,0.0,Everyone,Libraries & Demo,"July 6, 2018",1.0,4.0.3 and up,,,,,Unknown,,,,
Best New Ringtones 2018 Free 🔥 For Android™,LIBRARIES_AND_DEMO,4.6,3014,21.0,100000,Free,0.0,Everyone,Libraries & Demo,"June 27, 2018",1.1,5.0 and up,,,,,Unknown,,,,
SUDOKU,LIBRARIES_AND_DEMO,4.1,923,4.3,100000,Free,0.0,Everyone,Libraries & Demo,"October 15, 2015",3.1,2.3 and up,,,,,Unknown,,,,
Aviary Effects: Classic,LIBRARIES_AND_DEMO,3.8,67007,0.232,5000000,Free,0.0,Everyone,Libraries & Demo,"March 6, 2013",1.2.0,2.2 and up,0.2547702702702702,0.2202972972972973,0.6581081081081082,0.12167567567567567,Positive,22.0,3.0,12.0,37.0
Chakra Cleansing,LIBRARIES_AND_DEMO,4.6,539,99.0,50000,Free,0.0,Everyone,Libraries & Demo,"August 2, 2018",7.0,4.0.3 and up,0.5535574999999999,0.5966750000000001,0.377425,0.02595,Positive,34.0,5.0,1.0,40.0
Aviary Stickers: Free Pack,LIBRARIES_AND_DEMO,3.5,126862,0.624,10000000,Free,0.0,Everyone,Libraries & Demo,"January 17, 2012",1.0,2.2 and up,0.3022756756756757,0.28021621621621623,0.567972972972973,0.15178378378378377,Positive,22.0,3.0,12.0,37.0
Call Recorder,LIBRARIES_AND_DEMO,4.7,48,6.9,1000,Free,0.0,Everyone,Libraries & Demo,"May 25, 2018",1.7.2.10,4.0 and up,,,,,Unknown,,,,
Pink Water Sakura Keyboard Theme,LIBRARIES_AND_DEMO,4.3,1465,7.0,100000,Free,0.0,Everyone,Libraries & Demo,"July 9, 2018",6.7.5,4.0.3 and up,,,,,Unknown,,,,
auto Call Recorder 2018,LIBRARIES_AND_DEMO,4.5,929,7.0,50000,Free,0.0,Everyone,Libraries & Demo,"February 16, 2018",1.02.2018.11,4.0 and up,,,,,Unknown,,,,
converter video to mp3,LIBRARIES_AND_DEMO,4.4,783,6.4,100000,Free,0.0,Everyone,Libraries & Demo,"June 10, 2017",1.6,2.2 and up,,,,,Unknown,,,,
chicken song,LIBRARIES_AND_DEMO,4.3,434,16.0,100000,Free,0.0,Everyone,Libraries & Demo,"June 6, 2018",6.0.0,2.3 and up,,,,,Unknown,,,,
Binaural Beats Meditation,LIBRARIES_AND_DEMO,4.3,411,95.0,50000,Free,0.0,Everyone,Libraries & Demo,"June 8, 2018",5.0,4.0.3 and up,0.39237,0.48040000000000005,0.466575,0.053125,Positive,30.0,6.0,4.0,40.0
Essential Resources,LIBRARIES_AND_DEMO,4.6,237,0.0085,50000,Free,0.0,Everyone,Libraries & Demo,"September 27, 2017",1.02,7.1 and up,0.47543499999999994,0.322925,0.6279,0.049175,Positive,33.0,2.0,5.0,40.0
MOMOLAND BBoom BBoom,LIBRARIES_AND_DEMO,4.6,2580,20.0,100000,Free,0.0,Everyone,Libraries & Demo,"March 8, 2018",2.0,2.3 and up,,,,,Unknown,,,,
Cardboard,LIBRARIES_AND_DEMO,4.2,130272,50.0,10000000,Free,0.0,Everyone,Libraries & Demo,"March 14, 2016",1.8,4.1 and up,,,,,Unknown,,,,
Bird Sounds & Bird Ringtones for Free 2018,LIBRARIES_AND_DEMO,4.6,130,12.0,10000,Free,0.0,Everyone,Libraries & Demo,"February 23, 2018",1.0,4.0.3 and up,,,,,Unknown,,,,
Top Popular Ringtones 2018 Free 🔥,LIBRARIES_AND_DEMO,4.4,7396,22.0,500000,Free,0.0,Everyone,Libraries & Demo,"July 6, 2018",5.28,4.0.3 and up,,,,,Unknown,,,,
Wifi Connect Library,LIBRARIES_AND_DEMO,3.9,58055,0.041,5000000,Free,0.0,Everyone,Libraries & Demo,"November 7, 2016",2.0.3,1.5 and up,,,,,Unknown,,,,
Super Funny Ringtones 2018 🔔,LIBRARIES_AND_DEMO,4.5,1703,22.0,100000,Free,0.0,Everyone,Libraries & Demo,"March 1, 2018",3.1,4.0.3 and up,,,,,Unknown,,,,
Apk Installer,LIBRARIES_AND_DEMO,3.8,7750,0.292,1000000,Free,0.0,Everyone,Libraries & Demo,"June 29, 2011",1.0,1.6 and up,0.3128777777777778,0.2525925925925926,0.6351111111111111,0.11233333333333333,Positive,17.0,3.0,7.0,27.0
SAMSUNG RETAILMODE 2018,LIBRARIES_AND_DEMO,4.3,6,5.5,10000,Free,0.0,Everyone,Libraries & Demo,"August 3, 2018",8.0.20180212,4.2 and up,,,,,Unknown,,,,
Eternal life,LIBRARIES_AND_DEMO,5.0,26,2.5,1000,Free,0.0,Everyone,Libraries & Demo,"May 24, 2018",1.0,1.6 and up,,,,,Unknown,,,,
V380s,LIBRARIES_AND_DEMO,3.2,1919,8.1,500000,Free,0.0,Everyone,Libraries & Demo,"July 11, 2018",5.9.1,4.1 and up,,,,,Unknown,,,,
Cool Popular Ringtones 2018 🔥,LIBRARIES_AND_DEMO,4.5,60170,28.0,1000000,Free,0.0,Everyone,Libraries & Demo,"July 13, 2018",2.4,5.0 and up,0.258775,0.35366666666666663,0.5079722222222222,0.13830555555555557,Positive,23.0,4.0,9.0,36.0
Blackpink as if it's your last,LIBRARIES_AND_DEMO,4.7,831,24.0,100000,Free,0.0,Everyone,Libraries & Demo,"February 20, 2018",8.0,2.3 and up,,,,,Unknown,,,,
Wifi Test,LIBRARIES_AND_DEMO,4.0,8671,3.1,1000000,Free,0.0,Everyone,Libraries & Demo,"July 3, 2018",3.6,4.0 and up,,,,,Unknown,,,,
Ayyush wih wih new without Net,LIBRARIES_AND_DEMO,3.8,912,13.0,500000,Free,0.0,Everyone,Libraries & Demo,"January 9, 2018",2.0.0,2.3 and up,,,,,Unknown,,,,
Girls Nancy Ajram Without Net,LIBRARIES_AND_DEMO,4.7,2639,19.0,500000,Free,0.0,Everyone,Libraries & Demo,"December 11, 2017",6.0,2.3 and up,,,,,Unknown,,,,
R M Lock Screen,LIBRARIES_AND_DEMO,4.5,399,9.5,100000,Free,0.0,Everyone,Libraries & Demo,"May 22, 2018",1.1,4.0.3 and up,,,,,Unknown,,,,
Barcode Scanner,LIBRARIES_AND_DEMO,4.2,3945,9.4,500000,Free,0.0,Everyone,Libraries & Demo,"January 9, 2018",4.2.2,3.2 and up,0.47062162162162163,0.3504054054054054,0.6218108108108108,0.02781081081081081,Positive,29.0,6.0,2.0,37.0
New Ringtones 2018,LIBRARIES_AND_DEMO,4.1,3781,36.0,1000000,Free,0.0,Everyone,Libraries & Demo,"April 15, 2018",1.8,4.0 and up,,,,,Unknown,,,,
EyeCloud,LIBRARIES_AND_DEMO,3.1,1267,55.0,100000,Free,0.0,Everyone,Libraries & Demo,"August 2, 2018",5.1.2,4.4 and up,0.18423846153846155,0.16848717948717948,0.7412051282051282,0.09035897435897436,Positive,21.0,7.0,11.0,39.0
Dollhouse Decorating Games,LIFESTYLE,4.1,18968,32.0,5000000,Free,0.0,Teen,Lifestyle,"April 26, 2018",5.1,4.1 and up,,,,,Unknown,,,,
metroZONE,LIFESTYLE,4.1,47497,34.0,10000000,Free,0.0,Everyone,Lifestyle,"June 8, 2018",5.3.0.54.7,5.0 and up,,,,,Unknown,,,,
Easy Hair Style Design,LIFESTYLE,4.3,601,5.1,100000,Free,0.0,Everyone,Lifestyle,"December 20, 2017",1.0,2.3 and up,0.42610333333333333,0.6585,0.3220666666666666,0.019433333333333334,Positive,24.0,5.0,1.0,30.0
Talking Babsy Baby: Baby Games,LIFESTYLE,4.0,140995,100.0,10000000,Free,0.0,Everyone,Lifestyle;Pretend Play,"July 16, 2018",9.0,4.0 and up,,,,,Unknown,,,,
"Black Wallpaper, AMOLED, Dark Background: Darkify",LIFESTYLE,4.6,51357,80.0,5000000,Free,0.0,Everyone,Lifestyle,"July 31, 2018",8.0,4.0 and up,,,,,Unknown,,,,
Girly Wallpapers Backgrounds,LIFESTYLE,4.4,13565,3.3,1000000,Free,0.0,Everyone,Lifestyle,"August 5, 2018",2.5,4.0 and up,,,,,Unknown,,,,
Chart - Myanmar Keyboard,LIFESTYLE,4.4,39364,28.0,5000000,Free,0.0,Everyone,Lifestyle,"July 17, 2018",10.19,4.0.3 and up,,,,,Unknown,,,,
Easy Makeup Tutorials,LIFESTYLE,4.3,7287,5.0,1000000,Free,0.0,Everyone,Lifestyle,"November 3, 2016",1.0,2.3 and up,0.2507972222222222,0.3063611111111111,0.6039166666666667,0.08975,Positive,20.0,10.0,6.0,36.0
Horoscopes – Daily Zodiac Horoscope and Astrology,LIFESTYLE,4.6,161143,11.0,10000000,Free,0.0,Everyone 10+,Lifestyle,"June 25, 2018",5.2.4(881),4.0.3 and up,0.38163428571428576,0.41365714285714283,0.48311428571428566,0.10314285714285713,Positive,28.0,3.0,4.0,35.0
Entel,LIFESTYLE,3.2,16168,55.0,1000000,Free,0.0,Everyone,Lifestyle,"July 26, 2018",2.2.9,4.0.3 and up,0.04330256410256411,0.12943589743589742,0.7863846153846153,0.08423076923076923,Positive,17.0,10.0,12.0,39.0
ZenUI Safeguard,LIFESTYLE,4.5,100,7.1,1000000,Free,0.0,Everyone,Lifestyle,"May 9, 2018",1.0.0.21_180410,7.0 - 7.1.1,,,,,Unknown,,,,
Live 4D Results ! (MY & SG),LIFESTYLE,4.6,116079,3.2,5000000,Free,0.0,Everyone,Lifestyle,"May 20, 2018",5.8,2.3 and up,,,,,Unknown,,,,
Diary with lock,LIFESTYLE,4.6,815893,4.4,10000000,Free,0.0,Everyone,Lifestyle,"June 30, 2018",4.90,4.1 and up,0.6751696969696971,0.3513737373737374,0.5808989898989899,0.06763636363636363,Positive,87.0,1.0,11.0,99.0
FOSSIL Q: DESIGN YOUR DIAL,LIFESTYLE,4.3,985,16.0,500000,Free,0.0,Everyone,Lifestyle,"May 31, 2018",3.7,7.0 and up,0.2686181818181818,0.3368787878787879,0.6158484848484849,0.04733333333333334,Positive,18.0,14.0,1.0,33.0
Telstra,LIFESTYLE,3.0,4260,6.3,5000000,Free,0.0,Everyone,Lifestyle,"August 8, 2017",6.1,2.3.3 and up,,,,,Unknown,,,,
Family Locator - GPS Tracker,LIFESTYLE,4.4,726074,45.0,10000000,Free,0.0,Everyone,Lifestyle,"August 2, 2018",16.7.1,4.4 and up,0.43193478260869567,0.39708695652173914,0.5519391304347826,0.05099130434782609,Positive,87.0,16.0,12.0,115.0
Van Nien 2018 - Lich Van su & Lich Am,LIFESTYLE,4.4,3829,23.0,1000000,Free,0.0,Everyone,Lifestyle,"June 1, 2018",3.9.3,4.1 and up,,,,,Unknown,,,,
Safeway,LIFESTYLE,4.3,33572,37.0,1000000,Free,0.0,Everyone,Lifestyle,"August 2, 2018",6.2.0,4.4 and up,,,,,Unknown,,,,
HTC Speak,LIFESTYLE,3.5,6145,13.0,10000000,Free,0.0,Everyone,Lifestyle,"June 30, 2016",8.00.775375,5.0 and up,-0.03205897435897436,0.12874358974358974,0.7102051282051283,0.16102564102564104,Negative,15.0,5.0,19.0,39.0
Kawaii Easy Drawing : How to draw Step by Step,LIFESTYLE,4.3,34327,8.1,5000000,Free,0.0,Everyone,Lifestyle,"July 17, 2018",2.5.1,4.0 and up,,,,,Unknown,,,,
Tattoodo - Find your next tattoo,LIFESTYLE,4.5,7457,13.0,1000000,Free,0.0,Teen,Lifestyle,"August 3, 2018",2.4.12-r244,4.1 and up,,,,,Unknown,,,,
H&M,LIFESTYLE,3.7,41941,14.0,10000000,Free,0.0,Everyone,Lifestyle,"July 30, 2018",9.6.3,4.4 and up,0.16036486486486487,0.21454054054054053,0.6556216216216216,0.12983783783783784,Positive,21.0,3.0,13.0,37.0
Samsung+,LIFESTYLE,4.5,82145,30.0,50000000,Free,0.0,Everyone,Lifestyle,"July 5, 2018",10.19.0.0,4.4 and up,,,,,Unknown,,,,
Anime Avatar Creator: Make Your Own Avatar,LIFESTYLE,4.2,10944,36.0,1000000,Free,0.0,Everyone,Lifestyle,"June 15, 2018",2.0,4.1 and up,0.5023000000000001,0.31849999999999995,0.5700357142857143,0.11142857142857143,Positive,22.0,2.0,4.0,28.0
Beautiful Design Birthday Cake,LIFESTYLE,4.3,665,3.0,500000,Free,0.0,Everyone,Lifestyle,"August 4, 2018",2.0,2.3 and up,0.2962694444444444,0.4726944444444444,0.4390833333333333,0.08822222222222223,Positive,23.0,9.0,4.0,36.0
Pronunciation and know the name of the caller from his number,LIFESTYLE,4.6,2167,1.4,500000,Free,0.0,Everyone,Lifestyle,"January 7, 2018",1.0,2.3 and up,,,,,Unknown,,,,
Super Slime Simulator - Satisfying Slime App,LIFESTYLE,4.5,53652,39.0,1000000,Free,0.0,Everyone,Lifestyle,"August 5, 2018",2.15,5.0 and up,,,,,Unknown,,,,
Caf - My Account,LIFESTYLE,3.9,18961,1.8,5000000,Free,0.0,Everyone,Lifestyle,"September 24, 2015",1.1.1,2.3 and up,,,,,Unknown,,,,
H Pack,LIFESTYLE,4.3,9412,1.7,1000000,Free,0.0,Everyone,Lifestyle,"December 17, 2016",1.5.1,4.0.3 and up,0.05676,0.20187499999999997,0.641675,0.156475,Positive,19.0,9.0,12.0,40.0
Family convenience store FamilyMart,LIFESTYLE,3.3,9663,19.0,1000000,Free,0.0,Everyone,Lifestyle,"July 16, 2018",Version:6.97,4.4 and up,,,,,Unknown,,,,
သိင်္ Astrology - Min Thein Kha BayDin,LIFESTYLE,4.7,2225,15.0,100000,Free,0.0,Everyone,Lifestyle,"July 26, 2018",4.2.1,4.0.3 and up,,,,,Unknown,,,,
w UN map,LIFESTYLE,4.2,23164,10.0,1000000,Free,0.0,Mature 17+,Lifestyle,"July 24, 2018",2.6,5.0 and up,,,,,Unknown,,,,
Official Matsumoto Kiyoshi application,LIFESTYLE,3.2,3031,2.7,1000000,Free,0.0,Everyone,Lifestyle,"July 3, 2018",1.5.3,4.0 and up,,,,,Unknown,,,,
Galaxy Gift,LIFESTYLE,4.4,95557,16.0,10000000,Free,0.0,Everyone,Lifestyle,"July 23, 2018",7.0.8,4.0.3 and up,,,,,Unknown,,,,
PASS by KT (formerly KT certified),LIFESTYLE,3.5,7869,21.0,1000000,Free,0.0,Everyone,Lifestyle,"August 1, 2018",02.00.06,4.4 and up,,,,,Unknown,,,,
Safety stepping stone,LIFESTYLE,3.7,4212,20.0,1000000,Free,0.0,Everyone,Lifestyle,"July 25, 2018",3.4.5,2.3 and up,,,,,Unknown,,,,
Rate Guide Bill Letter,LIFESTYLE,3.8,17368,14.0,10000000,Free,0.0,Everyone,Lifestyle,"June 27, 2018",5.1.3,4.0 and up,,,,,Unknown,,,,
US Mission - buy gourmet movie KTV,LIFESTYLE,3.8,6554,76.0,500000,Free,0.0,Teen,Lifestyle,"June 20, 2018",9.4.2,4.1 and up,,,,,Unknown,,,,
OK cashbag [point of pleasure],LIFESTYLE,3.7,33264,18.0,10000000,Free,0.0,Everyone,Lifestyle,"June 15, 2018",6.2.1,4.0 and up,,,,,Unknown,,,,
JOANN - Crafts & Coupons,LIFESTYLE,4.6,34782,12.0,1000000,Free,0.0,Everyone,Lifestyle,"June 22, 2018",5.2.2,4.3 and up,,,,,Unknown,,,,
MK eCatalog,LIFESTYLE,4.0,6676,6.2,1000000,Free,0.0,Everyone,Lifestyle,"February 21, 2018",3.0,4.2 and up,,,,,Unknown,,,,
Fashion in Vogue,LIFESTYLE,3.8,1797,6.8,100000,Free,0.0,Everyone,Lifestyle,"September 27, 2016",2.0,4.3 and up,0.14679734513274337,0.2554601769911504,0.5868141592920354,0.15772566371681415,Positive,63.0,18.0,32.0,113.0
StyleSeat,LIFESTYLE,4.7,20304,24.0,500000,Free,0.0,Everyone,Lifestyle,"July 31, 2018",4.35,4.0.3 and up,,,,,Unknown,,,,
Wedding Countdown Widget,LIFESTYLE,3.9,7376,19.0,1000000,Free,0.0,Everyone,Lifestyle,"January 11, 2018",5.2.2018010801-1,4.1 and up,,,,,Unknown,,,,
My Day - Countdown Calendar 🗓️,LIFESTYLE,4.1,49147,13.0,1000000,Free,0.0,Everyone,Lifestyle,"May 7, 2018",2.9.5,4.1 and up,,,,,Unknown,,,,
justWink Greeting Cards,LIFESTYLE,4.6,69177,15.0,1000000,Free,0.0,Teen,Lifestyle,"August 2, 2017",2.7.3,4.4 and up,,,,,Unknown,,,,
Wedding LookBook by The Knot,LIFESTYLE,4.2,3448,13.0,100000,Free,0.0,Everyone,Lifestyle,"July 9, 2018",3.9.5,4.0.3 and up,,,,,Unknown,,,,
"Wedding Planner by WeddingWire - Venues, Checklist",LIFESTYLE,4.2,3788,44.0,1000000,Free,0.0,Everyone,Lifestyle,"July 24, 2018",8.5.1,5.0 and up,,,,,Unknown,,,,
WedMeGood - Wedding Planner,LIFESTYLE,4.6,1658,9.7,100000,Free,0.0,Everyone,Lifestyle,"July 31, 2018",2.0.9,4.4 and up,,,,,Unknown,,,,
DIY Garden Ideas,LIFESTYLE,4.1,3309,13.0,500000,Free,0.0,Everyone,Lifestyle,"August 5, 2018",10.0,4.0 and up,0.5303558823529412,0.5455588235294118,0.44573529411764706,0.008735294117647058,Positive,30.0,3.0,1.0,34.0
Brit + Co,LIFESTYLE,3.9,987,4.5,10000,Free,0.0,Everyone,Lifestyle,"August 29, 2017",2.0.4,4.0 and up,0.16693125,0.23,0.6399375,0.1300625,Positive,10.0,1.0,5.0,16.0
Creative Ideas - DIY & Craft,LIFESTYLE,4.0,5208,4.5,100000,Free,0.0,Teen,Lifestyle,"November 23, 2017",1.37,4.0 and up,,,,,Unknown,,,,
Homestyler Interior Design & Decorating Ideas,LIFESTYLE,4.1,78298,29.0,5000000,Free,0.0,Everyone,Lifestyle,"August 2, 2018",3.1.2.1,4.1 and up,0.44396176470588233,0.2633235294117647,0.6681470588235294,0.06855882352941177,Positive,25.0,4.0,5.0,34.0
Wheretoget: Shop in style,LIFESTYLE,4.1,6808,12.0,500000,Free,0.0,Teen,Lifestyle,"June 5, 2017",3.2.0,4.1 and up,,,,,Unknown,,,,
Chictopia,LIFESTYLE,4.1,360,4.6,10000,Free,0.0,Everyone,Lifestyle,"April 30, 2014",1.6.2,2.2 and up,,,,,Unknown,,,,
Scarf Fashion Designer,LIFESTYLE,4.4,16637,10.0,1000000,Free,0.0,Everyone,Lifestyle,"June 18, 2017",1.8,2.3 and up,,,,,Unknown,,,,
Zara,LIFESTYLE,4.3,95904,33.0,10000000,Free,0.0,Everyone,Lifestyle,"July 30, 2018",4.1.0,4.1 and up,,,,,Unknown,,,,
Real Estate by Movoto,LIFESTYLE,4.4,3114,13.0,100000,Free,0.0,Everyone,Lifestyle,"February 20, 2018",6.1,4.0.3 and up,,,,,Unknown,,,,
Etta Homes,LIFESTYLE,4.2,220,15.0,50000,Free,0.0,Everyone,Lifestyle,"July 26, 2018",9.1.0,5.0 and up,0.5442871794871795,0.36451282051282047,0.605948717948718,0.029512820512820514,Positive,29.0,9.0,1.0,39.0
Houlihan Lawrence,LIFESTYLE,4.4,33,23.0,5000,Free,0.0,Everyone,Lifestyle,"October 12, 2017",3.9.5,4.2 and up,,,,,Unknown,,,,
Home Scouting® MLS Mobile,LIFESTYLE,4.3,1533,7.7,100000,Free,0.0,Everyone,Lifestyle,"September 27, 2016",2.2.6,2.2 and up,0.20606249999999998,0.22009375,0.6421250000000001,0.13778125,Positive,15.0,9.0,8.0,32.0
ZipRealty Real Estate & Homes,LIFESTYLE,4.0,3937,15.0,100000,Free,0.0,Everyone,Lifestyle,"July 27, 2018",8.3.3,4.4 and up,,,,,Unknown,,,,
Sotheby's International Realty,LIFESTYLE,4.2,894,25.0,50000,Free,0.0,Everyone,Lifestyle,"April 9, 2018",5.600.42,4.0.3 and up,,,,,Unknown,,,,
Neighborhoods & Apartments,LIFESTYLE,3.9,2042,3.0,100000,Free,0.0,Everyone,Lifestyle,"August 28, 2015",3.1.6,4.0 and up,,,,,Unknown,,,,
Keller Williams Real Estate,LIFESTYLE,4.4,13213,22.0,1000000,Free,0.0,Everyone,Lifestyle,"March 28, 2018",5.800.04,4.0.3 and up,,,,,Unknown,,,,
Bed Time Fan - White Noise Sleep Sounds,LIFESTYLE,4.5,10097,7.5,500000,Free,0.0,Everyone,Lifestyle,"April 26, 2018",1.2,4.0 and up,0.7955,0.541,0.459,0.0,Positive,1.0,0.0,0.0,1.0
Nature Sounds,LIFESTYLE,4.8,28588,24.0,1000000,Free,0.0,Everyone,Lifestyle,"March 1, 2018",3.1.8,4.0.3 and up,,,,,Unknown,,,,
White Noise Baby,LIFESTYLE,4.5,10544,44.0,1000000,Free,0.0,Everyone,Lifestyle,"June 18, 2018",5.3,4.1 and up,,,,,Unknown,,,,
7 Day Food Journal Challenge,LIFESTYLE,4.5,3346,14.0,100000,Free,0.0,Teen,Lifestyle,"March 8, 2017",3.6.3,4.0.3 and up,0.40442222222222224,0.24777777777777776,0.633888888888889,0.11844444444444445,Positive,8.0,1.0,0.0,9.0
ROBLOX,GAME,4.5,4447388,67.0,100000000,Free,0.0,Everyone 10+,Adventure;Action & Adventure,"July 31, 2018",2.347.225742,4.1 and up,,,,,Unknown,,,,
Subway Surfers,GAME,4.5,27722264,76.0,1000000000,Free,0.0,Everyone 10+,Arcade,"July 12, 2018",1.90.0,4.1 and up,,,,,Unknown,,,,
Candy Crush Saga,GAME,4.4,22426677,74.0,500000000,Free,0.0,Everyone,Casual,"July 5, 2018",1.129.0.2,4.1 and up,0.4265175,0.242925,0.6581499999999999,0.09897500000000001,Positive,168.0,12.0,60.0,240.0
Solitaire,GAME,4.7,254258,23.0,10000000,Free,0.0,Everyone,Card,"August 1, 2018",2.137.0,4.1 and up,,,,,Unknown,,,,
Bubble Shooter,GAME,4.5,148897,46.0,10000000,Free,0.0,Everyone,Casual,"July 17, 2018",1.20.1,4.0.3 and up,0.4106165517241379,0.5208137931034483,0.3951862068965517,0.08401379310344828,Positive,113.0,12.0,20.0,145.0
Hello Kitty Nail Salon,GAME,4.2,369203,24.0,50000000,Free,0.0,Everyone,Casual;Pretend Play,"April 17, 2018",1.5,4.1 and up,0.20059230769230768,0.20726153846153844,0.6640615384615385,0.12864615384615385,Positive,35.0,8.0,22.0,65.0
Clash Royale,GAME,4.6,23133508,97.0,100000000,Free,0.0,Everyone 10+,Strategy,"June 27, 2018",2.3.2,4.1 and up,0.4267418181818182,0.2587272727272727,0.6107090909090909,0.13053333333333333,Positive,124.0,6.0,35.0,165.0
Temple Run 2,GAME,4.3,8118609,62.0,500000000,Free,0.0,Everyone,Action,"July 5, 2018",1.49.1,4.0 and up,,,,,Unknown,,,,
Pou,GAME,4.3,10485308,24.0,500000000,Free,0.0,Everyone,Casual,"May 25, 2018",1.4.77,4.0 and up,,,,,Unknown,,,,
Helix Jump,GAME,4.2,1497361,33.0,100000000,Free,0.0,Everyone,Action,"April 9, 2018",1.0.6,4.1 and up,0.626408424908425,0.26097435897435894,0.6552967032967033,0.08371062271062271,Positive,234.0,3.0,36.0,273.0
Block Puzzle,GAME,4.6,59800,7.8,5000000,Free,0.0,Everyone,Puzzle,"March 6, 2018",2.9,2.3 and up,0.38794025974025975,0.29735064935064937,0.557,0.1456948051948052,Positive,118.0,3.0,33.0,154.0
Angry Birds Rio,GAME,4.4,2610526,46.0,100000000,Free,0.0,Everyone,Arcade,"July 3, 2018",2.6.9,4.1 and up,0.2066923076923077,0.2841025641025641,0.5607692307692308,0.15517948717948718,Positive,26.0,2.0,11.0,39.0
Plants vs. Zombies FREE,GAME,4.4,4066989,69.0,100000000,Free,0.0,Everyone 10+,Strategy,"July 6, 2018",2.2.00,4.1 and up,,,,,Unknown,,,,
Sonic Dash,GAME,4.5,3778921,75.0,100000000,Free,0.0,Everyone,Arcade,"July 26, 2018",3.8.5.Go,4.1 and up,,,,,Unknown,,,,
Candy Crush Soda Saga,GAME,4.4,6198563,67.0,100000000,Free,0.0,Everyone,Casual,"July 10, 2018",1.118.4,4.1 and up,0.23766807228915662,0.23021084337349396,0.6137409638554217,0.15603012048192771,Positive,105.0,5.0,56.0,166.0
Zombie Hunter King,GAME,4.3,10306,50.0,1000000,Free,0.0,Mature 17+,Action,"August 1, 2018",1.0.8,2.3 and up,,,,,Unknown,,,,
Clash of Clans,GAME,4.6,44891723,98.0,100000000,Free,0.0,Everyone 10+,Strategy,"July 15, 2018",10.322.16,4.1 and up,0.5776242424242424,0.2742727272727273,0.6278484848484849,0.0979090909090909,Positive,27.0,1.0,5.0,33.0
Block Puzzle Classic Legend !,GAME,4.2,17039,4.9,5000000,Free,0.0,Everyone,Puzzle,"April 13, 2018",2.9,2.3.3 and up,0.37900555555555554,0.5074166666666666,0.3778611111111111,0.11469444444444446,Positive,60.0,2.0,10.0,72.0
PAC-MAN,GAME,4.2,685981,37.0,100000000,Free,0.0,Everyone,Arcade,"May 15, 2018",6.6.3,4.1 and up,,,,,Unknown,,,,
Super Jim Jump - pixel 3d,GAME,4.5,10393,18.0,1000000,Free,0.0,Everyone,Arcade,"July 11, 2018",2.2.3181,4.0 and up,,,,,Unknown,,,,
8 Ball Pool,GAME,4.5,14198297,52.0,100000000,Free,0.0,Everyone,Sports,"July 31, 2018",4.0.0,4.0.3 and up,0.32974292237442926,0.2460228310502283,0.6242100456621005,0.12967123287671234,Positive,148.0,4.0,67.0,219.0
Bubble Witch 3 Saga,GAME,4.7,1732263,78.0,50000000,Free,0.0,Everyone,Puzzle,"July 17, 2018",4.8.4,3.0 and up,0.5510129032258064,0.295,0.608,0.09703225806451612,Positive,26.0,1.0,4.0,31.0
Word Search,GAME,4.7,295241,3.9,10000000,Free,0.0,Everyone,Word,"June 6, 2018",1.1.3,3.0 and up,,,,,Unknown,,,,
Granny,GAME,4.5,1135631,59.0,50000000,Free,0.0,Teen,Arcade,"May 29, 2018",1.4.0.1,4.0 and up,0.5263344827586207,0.3007241379310345,0.5659310344827586,0.13327586206896552,Positive,23.0,0.0,6.0,29.0
Angry Birds Classic,GAME,4.4,5566669,97.0,100000000,Free,0.0,Everyone,Arcade,"May 24, 2018",7.9.3,4.1 and up,0.0505007326007326,0.21827472527472527,0.5739706959706959,0.20778021978021977,Positive,146.0,1.0,126.0,273.0
Flow Free,GAME,4.3,1295557,11.0,100000000,Free,0.0,Everyone,Puzzle,"April 11, 2018",4.0,4.1 and up,0.6611863636363636,0.3096493506493507,0.6000584415584416,0.09020779220779221,Positive,148.0,0.0,6.0,154.0
Race the Traffic Moto,GAME,3.8,270687,38.0,10000000,Free,0.0,Teen,Racing,"July 20, 2018",1.0.16,4.0.3 and up,,,,,Unknown,,,,
Barbie™ Fashion Closet,GAME,4.1,68057,85.0,10000000,Free,0.0,Everyone,Casual;Creativity,"July 30, 2018",1.3.7,4.1 and up,0.32504025974025974,0.38263636363636366,0.49238961038961043,0.12496103896103895,Positive,50.0,10.0,17.0,77.0
Candy Crush Jelly Saga,GAME,4.3,1300490,78.0,50000000,Free,0.0,Everyone,Puzzle,"July 20, 2018",2.1.10,4.0 and up,0.19357808219178083,0.23057534246575342,0.5994520547945206,0.17,Positive,43.0,10.0,20.0,73.0
Hill Climb Racing,GAME,4.4,8923587,63.0,100000000,Free,0.0,Everyone,Racing,"July 2, 2018",1.37.2,4.2 and up,0.3769,0.2641363636363636,0.6208181818181818,0.11513636363636363,Positive,32.0,2.0,10.0,44.0
Marble - Temple Quest,GAME,4.3,42053,24.0,10000000,Free,0.0,Everyone,Puzzle,"June 21, 2018",4.9,4.0.3 and up,,,,,Unknown,,,,
Shooting King,GAME,4.4,257724,69.0,10000000,Free,0.0,Everyone 10+,Sports,"May 25, 2018",1.4.2,4.0.3 and up,,,,,Unknown,,,,
Zombie Catchers,GAME,4.7,990491,75.0,10000000,Free,0.0,Everyone,Action,"May 24, 2018",1.0.27,4.1 and up,,,,,Unknown,,,,
Farm Heroes Saga,GAME,4.4,7614130,70.0,100000000,Free,0.0,Everyone,Casual,"July 26, 2018",5.1.8,2.3 and up,0.22935727272727272,0.24587272727272727,0.6416636363636363,0.11259999999999999,Positive,60.0,17.0,33.0,110.0
Geometry Dash World,GAME,4.6,760628,63.0,10000000,Free,0.0,Everyone,Arcade,"December 22, 2017",1.03,4.0 and up,,,,,Unknown,,,,
My Talking Angela,GAME,4.5,9881829,99.0,100000000,Free,0.0,Everyone,Casual,"July 3, 2018",3.7.2.51,4.1 and up,,,,,Unknown,,,,
Cut the Rope FULL FREE,GAME,4.4,2123381,49.0,100000000,Free,0.0,Everyone,Puzzle,"July 5, 2018",3.7.2,4.1 and up,0.46838928571428573,0.31375000000000003,0.5633571428571429,0.12282142857142857,Positive,22.0,0.0,6.0,28.0
Cooking Fever,GAME,4.5,3197865,82.0,100000000,Free,0.0,Everyone,Arcade,"July 12, 2018",2.8.0,4.0.3 and up,0.3729051851851852,0.23605925925925925,0.6402148148148148,0.12366666666666667,Positive,96.0,5.0,34.0,135.0
Score! Hero,GAME,4.6,5418675,96.0,100000000,Free,0.0,Everyone,Sports,"June 13, 2018",1.751,4.4 and up,,,,,Unknown,,,,
Miraculous Ladybug & Cat Noir - The Official Game,GAME,4.5,183846,99.0,10000000,Free,0.0,Everyone,Action,"July 30, 2018",1.0.6,4.4 and up,,,,,Unknown,,,,
Wordscapes,GAME,4.8,230710,87.0,10000000,Free,0.0,Everyone,Word,"August 2, 2018",1.0.47,4.1 and up,,,,,Unknown,,,,
Garena Free Fire,GAME,4.5,5465624,53.0,100000000,Free,0.0,Teen,Action,"August 3, 2018",1.21.0,4.0.3 and up,0.28706846846846845,0.26373423423423425,0.5826396396396396,0.15363063063063065,Positive,147.0,6.0,69.0,222.0
Jungle Marble Blast,GAME,4.3,18985,23.0,5000000,Free,0.0,Everyone,Casual,"July 23, 2018",1.5.4,4.0.3 and up,,,,,Unknown,,,,
Rider,GAME,4.5,655067,72.0,10000000,Free,0.0,Teen,Arcade,"July 17, 2017",1.2.1,4.0.3 and up,,,,,Unknown,,,,
Roll the Ball® - slide puzzle,GAME,4.5,1385093,35.0,100000000,Free,0.0,Everyone,Puzzle,"August 2, 2018",1.7.40,4.1 and up,,,,,Unknown,,,,
Talking Tom Gold Run,GAME,4.6,2698348,78.0,100000000,Free,0.0,Everyone,Action,"July 31, 2018",2.8.2.59,4.1 and up,,,,,Unknown,,,,
Pixel Art: Color by Number Game,GAME,4.7,1125017,25.0,10000000,Free,0.0,Everyone,Puzzle,"July 17, 2018",3.9.2,4.3 and up,,,,,Unknown,,,,
Dream League Soccer 2018,GAME,4.6,9882639,74.0,100000000,Free,0.0,Everyone,Sports,"July 16, 2018",5.064,4.4 and up,0.30383333333333334,0.2273333333333333,0.6509999999999999,0.12166666666666666,Positive,2.0,0.0,1.0,3.0
Fruits Bomb,GAME,4.4,74673,17.0,10000000,Free,0.0,Everyone,Casual,"July 6, 2018",3.3.3179,4.0.3 and up,0.4095189873417721,0.5378481012658228,0.4089240506329114,0.053215189873417716,Positive,61.0,10.0,8.0,79.0
Traffic Racer,GAME,4.5,5387639,53.0,100000000,Free,0.0,Everyone,Racing,"February 27, 2018",2.5,4.1 and up,,,,,Unknown,,,,
Knife Hit,GAME,4.5,461137,60.0,10000000,Free,0.0,Everyone,Arcade,"May 22, 2018",1.7.2,4.0.3 and up,,,,,Unknown,,,,
Block Craft 3D: Building Simulator Games For Free,GAME,4.5,946926,57.0,50000000,Free,0.0,Everyone,Simulation,"March 5, 2018",2.10.2,4.0.3 and up,,,,,Unknown,,,,
Farm Fruit Pop: Party Time,GAME,4.4,9305,14.0,1000000,Free,0.0,Everyone,Casual,"August 2, 2018",1.9.2,4.0.3 and up,0.39353870967741933,0.5752903225806452,0.3754193548387097,0.04932258064516129,Positive,26.0,2.0,3.0,31.0
Love Balls,GAME,4.2,360630,40.0,50000000,Free,0.0,Everyone,Puzzle,"July 31, 2018",1.2.7,4.1 and up,,,,,Unknown,,,,
Hungry Shark Evolution,GAME,4.5,6074334,100.0,100000000,Free,0.0,Teen,Arcade,"July 25, 2018",6.0.0,4.1 and up,,,,,Unknown,,,,
Pokémon GO,GAME,4.1,10424925,85.0,100000000,Free,0.0,Everyone,Adventure,"July 23, 2018",0.111.3,4.4 and up,,,,,Unknown,,,,
Paint Hit,GAME,4.4,37023,33.0,10000000,Free,0.0,Everyone,Casual,"July 6, 2018",5.200,5.0 and up,,,,,Unknown,,,,
Snake VS Block,GAME,4.2,422244,32.0,50000000,Free,0.0,Teen,Arcade,"April 23, 2018",1.24,4.1 and up,,,,,Unknown,,,,
Rolly Vortex,GAME,4.4,98123,40.0,10000000,Free,0.0,Teen,Arcade,"May 25, 2018",1.7.0,4.1 and up,,,,,Unknown,,,,
Woody Puzzle,GAME,4.7,21262,29.0,1000000,Free,0.0,Everyone,Puzzle,"August 3, 2018",1.0.9,4.4 and up,,,,,Unknown,,,,
Stack Jump,GAME,4.3,118253,40.0,10000000,Free,0.0,Teen,Arcade,"May 3, 2018",1.4.6,4.1 and up,,,,,Unknown,,,,
Color by Number – New Coloring Book,GAME,4.7,141529,24.0,5000000,Free,0.0,Everyone 10+,Board,"August 1, 2018",2.0.6,4.1 and up,0.6447972972972973,0.322,0.5798648648648648,0.09824324324324324,Positive,33.0,0.0,4.0,37.0
The Cube,GAME,4.2,70226,38.0,5000000,Free,0.0,Everyone,Arcade,"July 25, 2018",1.2.9,4.1 and up,,,,,Unknown,,,,
Extreme Car Driving Simulator,GAME,4.3,2251012,52.0,100000000,Free,0.0,Everyone,Racing,"May 3, 2018",4.17.2,4.0 and up,0.0039000000000000146,0.1615,0.638,0.2005,Negative,1.0,0.0,1.0,2.0
The Fish Master!,GAME,4.1,15763,54.0,1000000,Free,0.0,Everyone,Arcade,"July 17, 2018",1.6,4.1 and up,,,,,Unknown,,,,
Color Road,GAME,4.1,84911,71.0,10000000,Free,0.0,Everyone,Arcade,"July 19, 2018",2.5.0,4.1 and up,0.1907918918918919,0.23159459459459458,0.6150540540540541,0.15335135135135136,Positive,21.0,3.0,13.0,37.0
Draw In,GAME,4.2,46416,73.0,10000000,Free,0.0,Everyone,Arcade,"July 23, 2018",1.0.8,4.1 and up,0.8189,0.434,0.324,0.242,Positive,1.0,0.0,0.0,1.0
PLANK!,GAME,4.7,7196,38.0,500000,Free,0.0,Everyone,Arcade,"July 17, 2018",1.0.2,4.3 and up,,,,,Unknown,,,,
Looper!,GAME,4.6,48256,62.0,1000000,Free,0.0,Everyone,Puzzle,"July 20, 2018",1.2.0,4.1 and up,,,,,Unknown,,,,
Trivia Crack,GAME,4.5,6427773,95.0,100000000,Free,0.0,Everyone,Trivia,"August 3, 2018",2.79.0,4.1 and up,,,,,Unknown,,,,
Will it Crush?,GAME,3.1,25825,16.0,5000000,Free,0.0,Everyone,Simulation,"May 22, 2018",1.3.3,4.4 and up,,,,,Unknown,,,,
Tomb of the Mask,GAME,4.1,55380,39.0,5000000,Free,0.0,Everyone,Action,"July 24, 2018",1.2.1,5.0 and up,,,,,Unknown,,,,
Baseball Boy!,GAME,3.4,148177,78.0,10000000,Free,0.0,Everyone,Arcade,"July 27, 2018",1.7.2,4.1 and up,0.280815,0.2077,0.6557999999999999,0.13655,Positive,28.0,0.0,12.0,40.0
PUBG MOBILE,GAME,4.4,3715656,36.0,50000000,Free,0.0,Teen,Action,"July 24, 2018",0.7.0,4.3 and up,,,,,Unknown,,,,
Hello Stars,GAME,4.6,101686,31.0,10000000,Free,0.0,Everyone,Puzzle,"August 4, 2018",1.8.2,4.1 and up,0.28534328358208955,0.4854328358208955,0.41455223880597014,0.10004477611940299,Positive,44.0,12.0,11.0,67.0
Tank Stars,GAME,4.3,174755,98.0,10000000,Free,0.0,Everyone 10+,Arcade,"July 11, 2018",1.1.1,5.0 and up,,,,,Unknown,,,,
Castle Clash: Heroes of the Empire US,GAME,4.6,4578476,24.0,50000000,Free,0.0,Everyone 10+,Strategy,"July 17, 2018",1.4.51,4.1 and up,,,,,Unknown,,,,
Hole.io,GAME,4.2,145353,85.0,10000000,Free,0.0,Teen,Arcade,"July 24, 2018",1.3.1,4.1 and up,,,,,Unknown,,,,
Mini Golf King - Multiplayer Game,GAME,4.5,531458,100.0,5000000,Free,0.0,Everyone,Sports,"July 20, 2018",3.04.1,4.0.3 and up,,,,,Unknown,,,,
Flip the Gun - Simulator Game,GAME,4.2,195558,86.0,10000000,Free,0.0,Everyone,Arcade,"July 26, 2018",1.2,5.0 and up,0.1269730769230769,0.17146153846153847,0.6644230769230769,0.16415384615384615,Positive,14.0,1.0,11.0,26.0
Mad Skills BMX 2,GAME,4.5,29940,80.0,1000000,Free,0.0,Everyone,Action,"July 26, 2018",1.1.4,4.1 and up,,,,,Unknown,,,,
"MMX Hill Dash 2 – Offroad Truck, Car & Bike Racing",GAME,4.4,41975,79.0,1000000,Free,0.0,Everyone,Racing,"July 19, 2018",3.00.11034,5.0 and up,,,,,Unknown,,,,
Word Link,GAME,4.6,216675,30.0,10000000,Free,0.0,Everyone,Word,"August 1, 2018",2.2.7,4.1 and up,,,,,Unknown,,,,
Last Day on Earth: Survival,GAME,4.5,2311785,87.0,10000000,Free,0.0,Teen,Action,"August 1, 2018",1.9.3,4.1 and up,,,,,Unknown,,,,
MARVEL Strike Force,GAME,4.3,165888,91.0,5000000,Free,0.0,Teen,Role Playing,"July 31, 2018",1.4.0,4.4 and up,,,,,Unknown,,,,
Partymasters - Fun Idle Game,GAME,4.6,541144,63.0,10000000,Free,0.0,Teen,Arcade,"July 12, 2018",1.2.5,5.0 and up,,,,,Unknown,,,,
Grim Soul: Dark Fantasy Survival,GAME,4.5,189773,95.0,5000000,Free,0.0,Teen,Role Playing,"July 18, 2018",1.1.1,4.1 and up,0.5245722222222222,0.2885833333333333,0.5800833333333333,0.13141666666666665,Positive,29.0,0.0,7.0,36.0
DRAGON BALL LEGENDS,GAME,4.6,337752,48.0,5000000,Free,0.0,Teen,Action,"August 3, 2018",1.11.0,6.0 and up,0.5486826347305389,0.2975688622754491,0.5819221556886227,0.1205688622754491,Positive,137.0,3.0,27.0,167.0
New YAHTZEE® With Buddies Dice Game,GAME,4.1,42079,93.0,5000000,Free,0.0,Everyone,Board,"July 5, 2018",5.6.5,4.1 and up,,,,,Unknown,,,,
Word Crossy - A crossword game,GAME,4.5,240416,53.0,5000000,Free,0.0,Everyone,Word,"August 1, 2018",2.2.3,4.0.3 and up,,,,,Unknown,,,,
MLB TAP SPORTS BASEBALL 2018,GAME,4.6,32506,82.0,1000000,Free,0.0,Everyone,Sports,"June 27, 2018",1.2.1,4.2 and up,,,,,Unknown,,,,
Hero Hunters,GAME,4.4,70747,99.0,5000000,Free,0.0,Teen,Action,"July 31, 2018",1.7,4.4 and up,0.28480666666666665,0.26776666666666665,0.5689666666666666,0.16319999999999998,Positive,19.0,2.0,9.0,30.0
Cooking Madness - A Chef's Restaurant Games,GAME,4.7,358817,49.0,10000000,Free,0.0,Everyone,Arcade,"July 30, 2018",1.2.2,4.1 and up,0.5583648648648649,0.32375675675675675,0.5688648648648649,0.1072972972972973,Positive,34.0,1.0,2.0,37.0
Ice Crush 2018 - A new Puzzle Matching Adventure,GAME,4.6,15403,25.0,1000000,Free,0.0,Everyone,Casual,"August 2, 2018",1.8.1,4.1 and up,,,,,Unknown,,,,
Merge Dragons!,GAME,4.5,214777,91.0,5000000,Free,0.0,Everyone,Puzzle,"July 30, 2018",3.6.0,4.1 and up,,,,,Unknown,,,,
SHADOWGUN LEGENDS,GAME,4.6,100609,52.0,1000000,Free,0.0,Teen,Action,"July 16, 2018",0.5.4,6.0 and up,,,,,Unknown,,,,
RULES OF SURVIVAL,GAME,4.2,1343866,56.0,10000000,Free,0.0,Teen,Action,"August 1, 2018",1.180271.184729,4.0 and up,,,,,Unknown,,,,
Mafia City,GAME,4.5,168717,56.0,10000000,Free,0.0,Mature 17+,Strategy,"August 3, 2018",1.3.205,2.3 and up,,,,,Unknown,,,,
"Cash, Inc. Money Clicker Game & Business Adventure",GAME,4.8,549720,85.0,10000000,Free,0.0,Everyone,Simulation,"July 19, 2018",2.1.1.4.0,4.4 and up,,,,,Unknown,,,,
Dino War: Rise of Beasts,GAME,4.1,18996,81.0,1000000,Free,0.0,Teen,Strategy,"August 1, 2018",1.5.2,4.1 and up,0.2554222222222222,0.24503703703703703,0.6257037037037037,0.12914814814814815,Positive,16.0,5.0,6.0,27.0
Tokyo Ghoul: Dark War,GAME,4.3,25094,82.0,1000000,Free,0.0,Teen,Role Playing,"July 6, 2018",1.2.0,4.3 and up,,,,,Unknown,,,,
Last Shelter: Survival,GAME,4.4,93033,98.0,5000000,Free,0.0,Teen,Strategy,"August 4, 2018",1.250.078,4.0.3 and up,,,,,Unknown,,,,
Guns of Glory,GAME,4.0,120592,77.0,10000000,Free,0.0,Everyone 10+,Strategy,"July 31, 2018",2.0.2,4.0.3 and up,0.059687500000000004,0.254,0.560975,0.18487499999999998,Positive,19.0,6.0,15.0,40.0
Lineage 2: Revolution,GAME,4.2,187972,99.0,5000000,Free,0.0,Teen,Role Playing,"July 11, 2018",1.05.20,4.4 and up,,,,,Unknown,,,,
Girls' Frontline,GAME,4.2,2055,96.0,100000,Free,0.0,Teen,Strategy,"May 18, 2018",2.0081_206,4.0.3 and up,,,,,Unknown,,,,
Chapters: Interactive Stories,GAME,4.5,73539,96.0,1000000,Free,0.0,Mature 17+,Role Playing,"August 2, 2018",1.3.3,4.3 and up,0.5018263157894737,0.27707894736842104,0.6308684210526315,0.09189473684210527,Positive,32.0,2.0,4.0,38.0
Honkai Impact 3rd,GAME,4.7,59017,82.0,1000000,Free,0.0,Teen,Action,"July 3, 2018",2.2.1,4.3 and up,0.777878947368421,0.3403421052631579,0.5664736842105264,0.09321052631578947,Positive,72.0,0.0,4.0,76.0
Master of Eternity(MOE),GAME,4.2,5829,70.0,100000,Free,0.0,Teen,Strategy,"July 26, 2018",1.8.2,4.4 and up,,,,,Unknown,,,,
The Game of Life,GAME,4.4,18621,63.0,100000,Paid,2.99,Everyone,Board,"July 4, 2018",2.1.2,4.4 and up,,,,,Unknown,,,,
Clue,GAME,4.6,19922,35.0,100000,Paid,1.99,Everyone 10+,Board,"July 30, 2018",2.2.5,5.0 and up,,,,,Unknown,,,,
The Room: Old Sins,GAME,4.9,21119,48.0,100000,Paid,4.99,Everyone,Puzzle,"April 18, 2018",1.0.1,4.4 and up,,,,,Unknown,,,,
The Escapists,GAME,4.4,7412,84.0,100000,Paid,4.99,Teen,Strategy,"April 26, 2018",1.1.0,2.3 and up,,,,,Unknown,,,,
Farming Simulator 18,GAME,4.5,18125,15.0,100000,Paid,4.99,Everyone,Simulation;Education,"July 9, 2018",Varies with device,4.4 and up,0.550574358974359,0.30912820512820516,0.6302051282051282,0.06066666666666667,Positive,31.0,3.0,5.0,39.0
RollerCoaster Tycoon® Classic,GAME,4.6,10795,69.0,100000,Paid,5.99,Everyone,Simulation,"December 21, 2017",1.2.1.1712080,4.0.3 and up,,,,,Unknown,,,,
Call of Duty:Black Ops Zombies,GAME,4.2,13004,46.0,100000,Paid,6.99,Teen,Action,"December 20, 2016",1.0.11,2.3.3 and up,0.1950333333333333,0.15733333333333333,0.6833333333333332,0.1593333333333333,Positive,2.0,0.0,1.0,3.0
Star Wars ™: DIRTY,GAME,4.5,38207,15.0,100000,Paid,9.99,Teen,Role Playing,"October 19, 2015",1.0.6,4.1 and up,,,,,Unknown,,,,
Monument Valley 2,GAME,4.6,9394,33.0,100000,Paid,4.99,Everyone,Puzzle,"November 30, 2017",1.2.9,4.4 and up,,,,,Unknown,,,,
Angry Birds 2,GAME,4.6,3883589,57.0,100000000,Free,0.0,Everyone,Casual,"July 26, 2018",2.21.1,4.1 and up,0.4339620689655172,0.2707241379310345,0.5993448275862069,0.12989655172413792,Positive,22.0,1.0,6.0,29.0
Fallout Shelter,GAME,4.6,2719142,25.0,10000000,Free,0.0,Teen,Simulation,"June 11, 2018",1.13.12,4.1 and up,0.93364375,0.37275,0.5695,0.05771875,Positive,32.0,0.0,0.0,32.0
The Sims™ FreePlay,GAME,4.3,931595,31.0,10000000,Free,0.0,Teen,Simulation,"July 16, 2018",5.39.1,4.0.3 and up,,,,,Unknown,,,,
MARVEL Contest of Champions,GAME,4.3,2468063,92.0,50000000,Free,0.0,Teen,Action,"July 30, 2018",19.1.0,4.0.3 and up,,,,,Unknown,,,,
Jurassic World™ Alive,GAME,4.3,309176,70.0,5000000,Free,0.0,Everyone 10+,Simulation,"August 2, 2018",1.3.15,4.4 and up,,,,,Unknown,,,,
Choices: Stories You Play,GAME,4.6,807338,93.0,10000000,Free,0.0,Teen,Simulation,"July 30, 2018",2.3.5,4.0.3 and up,0.5093487179487179,0.2681282051282051,0.6177179487179487,0.11405128205128207,Positive,30.0,0.0,9.0,39.0
Solitaire TriPeaks,GAME,4.5,446434,52.0,10000000,Free,0.0,Everyone,Card,"August 1, 2018",4.6.2.46103,4.0.3 and up,,,,,Unknown,,,,
The Walking Dead: Road to Survival,GAME,4.2,522466,37.0,10000000,Free,0.0,Mature 17+,Role Playing,"June 19, 2018",12.0.4.62276,4.0.3 and up,,,,,Unknown,,,,
Hustle Castle: Fantasy Kingdom,GAME,4.7,584126,64.0,10000000,Free,0.0,Everyone 10+,Role Playing,"July 27, 2018",1.5.4,4.1 and up,,,,,Unknown,,,,
Might & Magic: Elemental Guardians,GAME,4.3,32551,35.0,500000,Free,0.0,Mature 17+,Role Playing,"July 12, 2018",1.93,4.4 and up,,,,,Unknown,,,,
Game of Thrones: Conquest™,GAME,4.0,90218,97.0,1000000,Free,0.0,Teen,Strategy,"August 3, 2018",1.8.225278,6.0 and up,0.3444888888888889,0.3748888888888889,0.4324444444444444,0.19255555555555556,Positive,7.0,0.0,2.0,9.0
Love Nikki-Dress UP Queen,GAME,4.4,212524,93.0,5000000,Free,0.0,Everyone,Role Playing,"July 24, 2018",3.0.0,4.0.3 and up,,,,,Unknown,,,,
Summoners War,GAME,4.3,2045554,28.0,50000000,Free,0.0,Teen,Role Playing,"July 30, 2018",4.0.1,4.0.3 and up,,,,,Unknown,,,,
FINAL FANTASY BRAVE EXVIUS,GAME,4.6,745684,83.0,5000000,Free,0.0,Teen,Role Playing,"July 17, 2018",3.0.2,4.0.3 and up,0.5472921052631579,0.29986842105263156,0.5927631578947368,0.10742105263157894,Positive,31.0,0.0,7.0,38.0
Idle Heroes,GAME,4.7,416540,99.0,10000000,Free,0.0,Everyone 10+,Role Playing,"May 30, 2018",1.14.0,2.3 and up,,,,,Unknown,,,,
Fate/Grand Order (English),GAME,4.4,16601,55.0,500000,Free,0.0,Teen,Role Playing,"July 26, 2018",1.18.0,4.0 and up,0.506785,0.26415,0.6248,0.1111,Positive,16.0,0.0,4.0,20.0
Lords Mobile: Battle of the Empires - Strategy RPG,GAME,4.4,3057481,14.0,50000000,Free,0.0,Teen,Strategy,"July 26, 2018",1.76,2.3 and up,,,,,Unknown,,,,
War and Order,GAME,4.3,224514,81.0,5000000,Free,0.0,Teen,Strategy,"July 18, 2018",1.1.8,4.0.3 and up,,,,,Unknown,,,,
Yes day,GAME,4.5,10055521,94.0,100000000,Free,0.0,Everyone,Casual,"June 28, 2018",1_39_93,4.0.3 and up,,,,,Unknown,,,,
Jewels Star: OZ adventure,GAME,4.5,21892,14.0,1000000,Free,0.0,Everyone,Puzzle,"December 29, 2017",1.3,4.0 and up,,,,,Unknown,,,,
Sweet Fruit Candy,GAME,4.5,197540,29.0,10000000,Free,0.0,Everyone,Puzzle,"July 16, 2018",79.0,4.1 and up,,,,,Unknown,,,,
Shoot Bubble - Fruit Splash,GAME,4.6,29445,29.0,5000000,Free,0.0,Everyone,Casual,"May 11, 2018",14.0,4.0.3 and up,,,,,Unknown,,,,
Crossy Road,GAME,4.5,4230886,60.0,100000000,Free,0.0,Everyone,Action,"August 1, 2018",3.1.0,5.0 and up,0.5291230769230769,0.5416043956043957,0.3974835164835165,0.060912087912087916,Positive,76.0,10.0,5.0,91.0
Swamp Attack,GAME,4.4,2119218,70.0,50000000,Free,0.0,Everyone 10+,Action,"June 29, 2018",3.0.1,4.1 and up,,,,,Unknown,,,,
Earn to Die 2,GAME,4.6,1327265,99.0,50000000,Free,0.0,Teen,Racing,"April 12, 2017",1.3,2.3.3 and up,,,,,Unknown,,,,
Hungry Shark World,GAME,4.5,1242855,27.0,50000000,Free,0.0,Teen,Action,"July 18, 2018",3.0.0,4.2 and up,,,,,Unknown,,,,
Dude Perfect 2,GAME,4.5,401425,70.0,10000000,Free,0.0,Everyone,Action,"April 12, 2017",1.6.1,4.0.3 and up,0.5891642857142857,0.3659761904761905,0.52475,0.10932142857142857,Positive,71.0,2.0,11.0,84.0
Shadow Fight 2,GAME,4.6,10979062,88.0,100000000,Free,0.0,Everyone 10+,Action,"July 2, 2018",1.9.38,3.0 and up,,,,,Unknown,,,,
Alto's Adventure,GAME,4.6,515657,63.0,10000000,Free,0.0,Everyone,Action,"June 5, 2018",1.7.1,4.0 and up,0.5688297142857143,0.3003085714285714,0.5913371428571428,0.10834285714285714,Positive,149.0,4.0,22.0,175.0
DEER HUNTER 2018,GAME,4.3,955656,82.0,10000000,Free,0.0,Teen,Action,"June 26, 2018",5.1.2,3.0 and up,-0.07456666666666666,0.09799999999999999,0.7396666666666666,0.16233333333333333,Negative,1.0,1.0,1.0,3.0
Cover Fire: offline shooting games for free,GAME,4.7,725897,31.0,10000000,Free,0.0,Teen,Action,"August 3, 2018",1.8.20,4.1 and up,,,,,Unknown,,,,
Anger of stick 5 : zombie,GAME,4.5,549039,23.0,50000000,Free,0.0,Teen,Action,"August 3, 2018",1.1.5,2.3 and up,0.5329333333333334,0.5113333333333333,0.421,0.06766666666666667,Positive,3.0,0.0,0.0,3.0
Soul Knight,GAME,4.7,292164,59.0,10000000,Free,0.0,Everyone 10+,Action,"August 1, 2018",1.8.4,4.1 and up,,,,,Unknown,,,,
Major Mayhem,GAME,4.6,520962,39.0,10000000,Free,0.0,Teen,Action,"June 28, 2017",108,4.0 and up,,,,,Unknown,,,,
DINO HUNTER: DEADLY SHORES,GAME,4.4,1381820,54.0,10000000,Free,0.0,Teen,Action,"March 14, 2017",3.1.1,3.0 and up,0.39647173913043476,0.2888804347826087,0.5703695652173913,0.14071739130434782,Positive,72.0,2.0,18.0,92.0
Strawberry Shortcake BerryRush,GAME,4.3,525517,48.0,10000000,Free,0.0,Everyone,Action;Action & Adventure,"October 15, 2017",1.2.3,2.3 and up,,,,,Unknown,,,,
Power Rangers Dino Charge,GAME,4.3,194969,30.0,10000000,Free,0.0,Everyone 10+,Action,"January 29, 2018",1.4.0,4.1 and up,,,,,Unknown,,,,
Zombie Hunter: Post Apocalypse Survival Games,GAME,4.4,327599,66.0,10000000,Free,0.0,Teen,Action,"July 28, 2017",2.4.2,2.3.3 and up,,,,,Unknown,,,,
Agar.io,GAME,4.2,3816799,32.0,100000000,Free,0.0,Everyone,Action,"July 23, 2018",2.2.8,4.0.3 and up,-0.037040441176470595,0.21081617647058823,0.5643382352941176,0.22483823529411764,Negative,60.0,5.0,71.0,136.0
Battlelands Royale,GAME,4.4,105620,61.0,1000000,Free,0.0,Everyone 10+,Action,"July 16, 2018",0.5.8,4.1 and up,0.35367865168539325,0.27214606741573033,0.557123595505618,0.17079775280898876,Positive,64.0,1.0,24.0,89.0
Once Upon a Tower,GAME,4.7,37139,49.0,1000000,Free,0.0,Everyone 10+,Action,"January 24, 2018",8,4.1 and up,,,,,Unknown,,,,
TEKKEN™,GAME,4.2,147791,38.0,5000000,Free,0.0,Teen,Action,"July 26, 2018",1.3,5.0 and up,,,,,Unknown,,,,
diep.io,GAME,4.1,347883,20.0,10000000,Free,0.0,Everyone,Action,"March 16, 2018",1.2.7,4.0.3 and up,,,,,Unknown,,,,
Dragon Hills,GAME,4.5,354373,66.0,10000000,Free,0.0,Everyone 10+,Action,"October 12, 2017",1.2.7,4.1 and up,0.65178,0.37706666666666666,0.48800000000000004,0.13506666666666664,Positive,13.0,0.0,2.0,15.0
Bus Rush: Subway Edition,GAME,4.1,753043,57.0,100000000,Free,0.0,Teen,Action,"August 1, 2018",1.15.2,4.0.3 and up,,,,,Unknown,,,,
DC Super Hero Girls™,GAME,4.3,43055,95.0,5000000,Free,0.0,Everyone,Action;Action & Adventure,"June 29, 2018",2.8.0,4.0 and up,0.5993882352941177,0.587764705882353,0.3740588235294118,0.0381764705882353,Positive,93.0,6.0,3.0,102.0
Runner 3d like,GAME,4.5,559,32.0,100000,Free,0.0,Everyone 10+,Action,"August 3, 2018",1.0.7,4.0 and up,,,,,Unknown,,,,
War Robots,GAME,4.6,3073251,33.0,50000000,Free,0.0,Everyone 10+,Action,"July 25, 2018",4.1.1,4.1 and up,,,,,Unknown,,,,
Dinosaur Simulator: Dino World,GAME,4.0,26649,66.0,5000000,Free,0.0,Teen,Action,"August 5, 2018",1.2,4.2 and up,0.05393846153846154,0.26361538461538464,0.4941538461538461,0.24223076923076922,Positive,6.0,3.0,4.0,13.0
GUNSHIP BATTLE: Helicopter 3D,GAME,4.3,2151039,75.0,50000000,Free,0.0,Teen,Action,"August 1, 2018",2.6.61,4.0.3 and up,0.19547941176470587,0.23829411764705882,0.6527647058823529,0.10882352941176471,Positive,18.0,7.0,9.0,34.0
Quiz: Logo game,GAME,4.5,306764,29.0,10000000,Free,0.0,Everyone,Trivia,"August 3, 2018",6.2,4.0.3 and up,,,,,Unknown,,,,
Jewels Legend - Match 3 Puzzle,GAME,4.6,280098,50.0,10000000,Free,0.0,Everyone,Arcade,"July 20, 2018",2.11.2,4.0.3 and up,,,,,Unknown,,,,
Bubble Shooter Genies,GAME,4.5,26985,41.0,5000000,Free,0.0,Everyone,Casual,"June 4, 2018",1.9.1,4.0.3 and up,0.49015000000000003,0.4231,0.4894,0.0874,Positive,8.0,1.0,1.0,10.0
Blossom Blast Saga,GAME,4.5,1125438,63.0,10000000,Free,0.0,Everyone,Casual,"July 5, 2018",57.0.8,4.0.3 and up,0.46656388888888883,0.28150000000000003,0.6271944444444445,0.09133333333333334,Positive,29.0,1.0,6.0,36.0
Candy Bomb,GAME,4.4,42145,20.0,10000000,Free,0.0,Everyone,Casual;Brain Games,"July 4, 2018",2.9.3181,4.0.3 and up,0.4737611111111111,0.67375,0.2985,0.02775,Positive,62.0,6.0,4.0,72.0
Gems or jewels ?,GAME,4.7,171448,13.0,10000000,Free,0.0,Teen,Puzzle,"August 3, 2018",1.0.109,4.0 and up,0.45738205128205134,0.5012820512820513,0.4542307692307692,0.04448717948717949,Positive,30.0,7.0,2.0,39.0
Jewels classic Prince,GAME,4.4,47644,15.0,5000000,Free,0.0,Everyone,Puzzle,"June 15, 2018",2.4.2,4.0 and up,,,,,Unknown,,,,
Fruit Block - Puzzle Legend,GAME,4.6,125647,33.0,10000000,Free,0.0,Everyone,Casual,"July 23, 2018",60,4.1 and up,-0.6597,0.0,0.852,0.148,Negative,0.0,0.0,1.0,1.0
1LINE – One Line with One Touch,GAME,4.6,214878,10.0,10000000,Free,0.0,Everyone,Board,"August 3, 2018",2.0.4,4.1 and up,0.3383684210526316,0.5608421052631579,0.37942105263157894,0.05976315789473684,Positive,27.0,6.0,5.0,38.0
Stick War: Legacy,GAME,4.6,811040,77.0,10000000,Free,0.0,Teen,Strategy,"May 10, 2018",1.7.04,4.4 and up,,,,,Unknown,,,,
Super Jabber Jump 3,GAME,4.3,34494,23.0,5000000,Free,0.0,Everyone 10+,Arcade,"July 11, 2018",2.5.3182,2.3 and up,,,,,Unknown,,,,
Rush,GAME,4.6,260651,51.0,10000000,Free,0.0,Everyone,Arcade,"February 14, 2018",1.1,4.0 and up,,,,,Unknown,,,,
Jetpack Joyride,GAME,4.4,4638163,96.0,100000000,Free,0.0,Everyone 10+,Arcade,"July 19, 2018",1.10.12,4.1 and up,,,,,Unknown,,,,
Racing in Car 2,GAME,4.3,234110,38.0,50000000,Free,0.0,Everyone,Racing,"November 22, 2016",1.0,2.3.3 and up,,,,,Unknown,,,,
Dog Run - Pet Dog Simulator,GAME,4.7,48615,24.0,10000000,Free,0.0,Everyone,Simulation;Action & Adventure,"May 22, 2018",1.4.12,4.1 and up,0.5052493150684931,0.45135616438356163,0.47290410958904106,0.07563013698630137,Positive,60.0,2.0,11.0,73.0
Jewels Crush- Match 3 Puzzle,FAMILY,4.4,14774,19.0,1000000,Free,0.0,Everyone,Casual;Brain Games,"July 23, 2018",1.9.3901,4.0.3 and up,,,,,Unknown,,,,
Coloring & Learn,FAMILY,4.4,12753,51.0,5000000,Free,0.0,Everyone,Educational;Creativity,"July 17, 2018",1.49,4.0.3 and up,0.500428947368421,0.6247105263157895,0.36255263157894735,0.012763157894736843,Positive,35.0,2.0,1.0,38.0
Mahjong,FAMILY,4.5,33983,22.0,5000000,Free,0.0,Everyone,Puzzle;Brain Games,"August 2, 2018",1.24.3181,4.0.3 and up,,,,,Unknown,,,,
Super ABC! Learning games for kids! Preschool apps,FAMILY,4.6,20267,46.0,1000000,Free,0.0,Everyone,Educational;Education,"July 16, 2018",1.1.6.7,4.1 and up,,,,,Unknown,,,,
Toy Pop Cubes,FAMILY,4.5,5761,21.0,1000000,Free,0.0,Everyone,Casual;Brain Games,"July 4, 2018",1.8.3181,4.0.3 and up,,,,,Unknown,,,,
Educational Games 4 Kids,FAMILY,4.3,11618,39.0,5000000,Free,0.0,Everyone,Educational;Education,"April 3, 2018",2.4,4.1 and up,0.37716578947368423,0.36478947368421055,0.5668157894736843,0.06839473684210527,Positive,27.0,5.0,6.0,38.0
Candy Pop Story,FAMILY,4.7,12948,23.0,1000000,Free,0.0,Everyone,Casual;Brain Games,"May 24, 2018",2.0.3165,2.3 and up,0.3878625,0.40054999999999996,0.511275,0.088175,Positive,30.0,5.0,5.0,40.0
Candy Smash,FAMILY,4.5,11436,15.0,1000000,Free,0.0,Everyone,Casual;Brain Games,"April 17, 2018",2.2.3169,4.0.3 and up,0.43248,0.5248,0.42295,0.05225,Positive,32.0,5.0,3.0,40.0
Happy Fruits Bomb - Cube Blast,FAMILY,4.5,2150,20.0,500000,Free,0.0,Everyone,Casual;Brain Games,"February 1, 2018",1.0.3122,4.0.3 and up,0.226592,0.3468,0.5418,0.11132000000000002,Positive,13.0,7.0,5.0,25.0
Princess Adventures Puzzles,FAMILY,4.4,382,44.0,500000,Free,0.0,Everyone,Education;Creativity,"August 1, 2018",1.1.0,2.3 and up,,,,,Unknown,,,,
Kids Educational Game 3 Free,FAMILY,4.3,24936,38.0,5000000,Free,0.0,Everyone,Educational;Education,"May 16, 2018",3.1,4.1 and up,,,,,Unknown,,,,
Puzzle Kids - Animals Shapes and Jigsaw Puzzles,FAMILY,4.6,1109,52.0,1000000,Free,0.0,Everyone,Educational;Brain Games,"July 18, 2018",1.0.6,4.1 and up,,,,,Unknown,,,,
Baby Panda Care,FAMILY,4.2,108795,49.0,10000000,Free,0.0,Everyone,Educational;Pretend Play,"June 15, 2018",8.25.10.00,4.0.3 and up,0.369334,0.5032800000000001,0.38322,0.11346,Positive,37.0,5.0,8.0,50.0
Kids Educational :All in One,FAMILY,4.5,1455,8.9,500000,Free,0.0,Everyone,Education;Education,"February 1, 2018",2.7,2.3 and up,,,,,Unknown,,,,
Toca Kitchen 2,FAMILY,4.5,1014822,56.0,50000000,Free,0.0,Everyone,Educational;Pretend Play,"June 29, 2017",1.2.3-play,4.1 and up,,,,,Unknown,,,,
PJ Masks: Moonlight Heroes,FAMILY,4.4,86961,99.0,10000000,Free,0.0,Everyone,Casual;Action & Adventure,"June 5, 2018",2.0.1,4.0.3 and up,,,,,Unknown,,,,
Learn To Draw Glow Flower,FAMILY,4.4,7320,10.0,1000000,Free,0.0,Everyone,Entertainment;Education,"July 7, 2017",1.0.1,4.0.3 and up,,,,,Unknown,,,,
"No. Color - Color by Number, Number Coloring",FAMILY,4.8,269194,6.9,10000000,Free,0.0,Everyone,Entertainment;Brain Games,"August 3, 2018",Varies with device,Varies with device,,,,,Unknown,,,,
Draw.ly - Color by Number Pixel Art Coloring,FAMILY,4.4,18616,10.0,1000000,Free,0.0,Everyone,Casual;Education,"August 5, 2018",1.0.9,4.0.3 and up,,,,,Unknown,,,,
Baby puzzles,FAMILY,4.3,11950,19.0,5000000,Free,0.0,Everyone,Educational;Education,"July 12, 2018",6.1,4.0.3 and up,0.24248529411764708,0.2506764705882353,0.6651764705882353,0.08411764705882352,Positive,22.0,6.0,6.0,34.0
Garden Fruit Legend,FAMILY,4.6,4289,33.0,500000,Free,0.0,Everyone,Casual;Brain Games,"July 31, 2018",3.5.3183,4.0.3 and up,0.5073948717948717,0.6793846153846154,0.2965897435897436,0.024025641025641028,Positive,34.0,4.0,1.0,39.0
Candy Day,FAMILY,4.5,11716,48.0,1000000,Free,0.0,Everyone,Casual;Brain Games,"August 3, 2018",8.4.3180,4.0 and up,0.4637289473684211,0.5911578947368421,0.3809736842105263,0.027868421052631584,Positive,31.0,5.0,2.0,38.0
Learn To Draw Glow Princess,FAMILY,4.5,3323,9.6,1000000,Free,0.0,Everyone,Casual;Pretend Play,"July 14, 2017",1.0.1,4.0.3 and up,,,,,Unknown,,,,
Barbie Magical Fashion,FAMILY,4.0,328619,15.0,10000000,Free,0.0,Everyone,Casual;Creativity,"October 6, 2017",2.2,4.1 and up,0.5300516129032258,0.3645161290322581,0.5466129032258065,0.089,Positive,26.0,1.0,4.0,31.0
Piano Kids - Music & Songs,FAMILY,4.6,46741,50.0,10000000,Free,0.0,Everyone,Music;Music & Video,"August 3, 2018",1.73,4.0.3 and up,,,,,Unknown,,,,
Farming Simulator 14,FAMILY,4.5,530854,51.0,10000000,Free,0.0,Everyone,Simulation;Action & Adventure,"July 17, 2017",1.4.4,2.3.3 and up,0.7026529411764706,0.2988235294117647,0.6457058823529412,0.05552941176470588,Positive,16.0,0.0,1.0,17.0
Educational Games for Kids,FAMILY,4.5,7050,24.0,1000000,Free,0.0,Everyone,Educational;Education,"May 27, 2018",2.0,4.0 and up,0.5184361111111111,0.5616111111111111,0.42230555555555555,0.016083333333333335,Positive,30.0,5.0,1.0,36.0
Fruit Boom,FAMILY,4.4,17753,16.0,1000000,Free,0.0,Everyone,Casual;Brain Games,"May 25, 2018",2.2.3172,4.0.3 and up,,,,,Unknown,,,,
Baby Tiger Care - My Cute Virtual Pet Friend,FAMILY,4.5,432,63.0,100000,Free,0.0,Everyone 10+,Educational;Education,"July 27, 2018",1.0.89,4.4 and up,0.32595555555555555,0.3967777777777778,0.6032222222222222,0.0,Positive,5.0,4.0,0.0,9.0
Strawberry Shortcake Ice Cream Island,FAMILY,4.2,32029,15.0,5000000,Free,0.0,Everyone,Casual;Pretend Play,"November 6, 2017",1.2,4.1 and up,,,,,Unknown,,,,
Rhythm Patrol,FAMILY,4.3,4207,26.0,100000,Free,0.0,Everyone,Music;Music & Video,"July 23, 2018",2.180723,4.1 and up,,,,,Unknown,,,,
Kiddopia - Preschool Learning Games,FAMILY,4.5,64,81.0,10000,Free,0.0,Everyone,Educational;Education,"July 18, 2018",1.1.2,5.0 and up,,,,,Unknown,,,,
Toca Mystery House,FAMILY,4.2,96,79.0,5000,Paid,3.99,Everyone,Educational;Creativity,"June 14, 2018",1.0.1,4.4 and up,,,,,Unknown,,,,
Papumba Academy - Fun Learning For Kids,FAMILY,4.4,496,94.0,100000,Free,0.0,Everyone,Education;Education,"July 11, 2018",1.0,4.2 and up,,,,,Unknown,,,,
Drawing for Kids Learning Games for Toddlers age 3,FAMILY,4.6,29436,43.0,1000000,Free,0.0,Everyone,Educational;Education,"March 21, 2018",2.0.5.0,4.1 and up,0.8807,0.505,0.495,0.0,Positive,1.0,0.0,0.0,1.0
Baby Panda’s Juice Shop,FAMILY,4.5,19230,45.0,5000000,Free,0.0,Everyone,Educational;Brain Games,"July 12, 2018",8.25.10.01,4.0.3 and up,0.5116333333333333,0.5896666666666667,0.41033333333333327,0.0,Positive,3.0,0.0,0.0,3.0
Dr. Panda Restaurant 3,FAMILY,4.2,11126,91.0,1000000,Free,0.0,Everyone,Educational;Pretend Play,"March 23, 2018",1.6.4,4.1 and up,0.14950882352941175,0.21391176470588236,0.5973529411764705,0.18876470588235295,Positive,18.0,2.0,14.0,34.0
LEGO® Friends: Heartlake Rush,FAMILY,4.5,23671,91.0,1000000,Free,0.0,Everyone,Arcade;Pretend Play,"July 31, 2018",1.2.0,4.1 and up,,,,,Unknown,,,,
Baby ABC in box! Kids alphabet games for toddlers!,FAMILY,4.6,9652,53.0,1000000,Free,0.0,Everyone,Educational;Education,"July 16, 2018",2.0.7.4,4.1 and up,0.46984054054054053,0.47405405405405404,0.4647567567567568,0.0611891891891892,Positive,31.0,0.0,6.0,37.0
Henry Danger Crime Warp,FAMILY,4.6,9626,28.0,1000000,Free,0.0,Everyone,Action;Action & Adventure,"February 7, 2018",1.1,4.4 and up,,,,,Unknown,,,,
Thomas & Friends: Race On!,FAMILY,4.1,29319,26.0,5000000,Free,0.0,Everyone,Casual;Action & Adventure,"May 18, 2018",2.4,4.4 and up,,,,,Unknown,,,,
Super School: Educational Kids Games & Rhymes,FAMILY,4.5,1791,56.0,500000,Free,0.0,Everyone,Education;Education,"June 2, 2018",5.3.11,5.0 and up,,,,,Unknown,,,,
Fruit Cube Blast,FAMILY,4.6,9199,80.0,500000,Free,0.0,Everyone,Puzzle;Brain Games,"August 3, 2018",1.2.7,4.1 and up,,,,,Unknown,,,,
Toddler Kids Puzzles PUZZINGO,FAMILY,4.6,14014,60.0,1000000,Free,0.0,Everyone,Education;Education,"July 6, 2018",7.32,4.0.3 and up,,,,,Unknown,,,,
Intellijoy Early Learning Academy,FAMILY,4.3,160,67.0,50000,Free,0.0,Everyone,Education;Education,"June 18, 2018",3.4.0,Varies with device,,,,,Unknown,,,,
Dr. Panda Town: Vacation,FAMILY,3.8,10366,78.0,1000000,Free,0.0,Everyone,Education;Pretend Play,"July 24, 2018",1.2.1,4.1 and up,0.38722,0.31817142857142855,0.5625428571428571,0.11934285714285715,Positive,25.0,3.0,7.0,35.0
Leo and Tig,FAMILY,4.5,47644,27.0,1000000,Free,0.0,Everyone,Adventure;Action & Adventure,"May 31, 2018",10.180530,4.0.3 and up,,,,,Unknown,,,,
Fuzzy Seasons: Animal Forest,FAMILY,4.8,12137,63.0,100000,Free,0.0,Everyone 10+,Simulation;Pretend Play,"August 6, 2018",149,4.1 and up,0.8079214285714286,0.41828571428571426,0.51,0.07164285714285715,Positive,14.0,0.0,0.0,14.0
Montessori Preschool,FAMILY,3.9,237,26.0,100000,Free,0.0,Everyone,Education;Education,"July 12, 2018",1.7.2,4.1 and up,,,,,Unknown,,,,
Kids Corner: Interactive Tales and Games for kids,FAMILY,4.5,6404,46.0,500000,Free,0.0,Everyone,Educational;Brain Games,"July 16, 2018",1.8.3,4.1 and up,,,,,Unknown,,,,
Cutie Cubies,FAMILY,4.4,6356,83.0,500000,Free,0.0,Everyone,Puzzle;Creativity,"July 4, 2018",1.180702,4.1 and up,,,,,Unknown,,,,
My Little Princess : Stores,FAMILY,4.3,169,60.0,5000,Paid,2.99,Everyone,Educational;Pretend Play,"May 25, 2018",1.08,4.1 and up,,,,,Unknown,,,,
Sago Mini Big City,FAMILY,4.2,8,44.0,1000,Paid,3.99,Everyone,Education;Pretend Play,"July 9, 2018",1.1,4.4 and up,,,,,Unknown,,,,
Pinkalicious Party,FAMILY,3.0,2,82.0,500,Paid,2.99,Everyone,Educational;Creativity,"June 25, 2018",1.5.0,4.1 and up,,,,,Unknown,,,,
Moana Island Life,FAMILY,4.1,15246,78.0,1000000,Free,0.0,Everyone,Simulation;Action & Adventure,"July 12, 2017",3.2.473.202,4.0 and up,,,,,Unknown,,,,
My Oasis - Calming and Relaxing Idle Clicker Game,FAMILY,4.6,106750,94.0,1000000,Free,0.0,Everyone,Simulation;Action & Adventure,"June 29, 2018",1.221,4.1 and up,,,,,Unknown,,,,
My Little Pony Rainbow Runners,FAMILY,4.3,33785,16.0,5000000,Free,0.0,Everyone,Casual;Action & Adventure,"December 20, 2017",1.3,4.1 and up,,,,,Unknown,,,,
Extreme Racing 2 - Real driving RC cars game!,FAMILY,4.3,4207,93.0,500000,Free,0.0,Everyone,Racing;Action & Adventure,"August 31, 2017",1.1.9,4.1 and up,0.030927777777777776,0.2752777777777778,0.5408333333333333,0.18394444444444444,Positive,14.0,9.0,13.0,36.0
Cars: Lightning League,FAMILY,4.5,58795,77.0,10000000,Free,0.0,Everyone,Racing;Action & Adventure,"May 21, 2018",1.6,4.0.3 and up,,,,,Unknown,,,,
Little Panda Run,FAMILY,4.2,3235,32.0,1000000,Free,0.0,Everyone,Educational;Action & Adventure,"June 20, 2018",8.25.10.00,4.0.3 and up,,,,,Unknown,,,,
Snoopy's Town Tale - City Building Simulator,FAMILY,4.2,47031,58.0,1000000,Free,0.0,Everyone,Simulation;Action & Adventure,"July 30, 2018",3.2.4,4.4 and up,,,,,Unknown,,,,
Car Racing game for Kids - Beepzz Dogs 🐕,FAMILY,4.4,131,48.0,100000,Free,0.0,Everyone,Racing;Action & Adventure,"June 13, 2018",1.1.1,4.2 and up,,,,,Unknown,,,,
Pony Friends 🦄 - Beepzz racing game for kids,FAMILY,4.5,114,69.0,50000,Free,0.0,Everyone,Racing;Action & Adventure,"June 13, 2018",1.4.3,4.2 and up,,,,,Unknown,,,,
LEGO® Juniors Create & Cruise,FAMILY,4.1,673203,73.0,50000000,Free,0.0,Everyone,Educational;Action & Adventure,"January 19, 2018",6.7.5222,4.1 and up,,,,,Unknown,,,,
Xtreme Racing 2018 - Jeep & 4x4 off road simulator,FAMILY,4.2,2178,99.0,500000,Free,0.0,Everyone,Racing;Action & Adventure,"August 23, 2017",1.0.8,4.1 and up,,,,,Unknown,,,,
Thomas & Friends: Go Go Thomas,FAMILY,4.1,175625,16.0,10000000,Free,0.0,Everyone,Racing;Action & Adventure,"November 22, 2017",1.4,4.1 and up,,,,,Unknown,,,,
Ninja Dash - Ronin Jump RPG,FAMILY,4.7,8508,54.0,500000,Free,0.0,Everyone 10+,Arcade;Action & Adventure,"August 2, 2018",1.1.23,4.0.3 and up,,,,,Unknown,,,,
Paw Patrol by ShuffleCards,FAMILY,4.3,3484,56.0,1000000,Free,0.0,Everyone,Entertainment;Action & Adventure,"March 7, 2017",1.0.1,4.0 and up,,,,,Unknown,,,,
Plants vs. Zombies™ Heroes,FAMILY,4.4,379415,68.0,10000000,Free,0.0,Everyone,Casual;Action & Adventure,"June 26, 2018",1.28.01,4.1 and up,,,,,Unknown,,,,
Transformers Rescue Bots: Disaster Dash,FAMILY,4.4,19245,25.0,1000000,Free,0.0,Everyone,Casual;Action & Adventure,"March 28, 2018",1.3,4.1 and up,,,,,Unknown,,,,
PAC-MAN Pop,FAMILY,4.3,24877,54.0,5000000,Free,0.0,Everyone,Puzzle;Action & Adventure,"June 20, 2018",2.1.6579,4.1 and up,,,,,Unknown,,,,
Little Fire Station,FAMILY,4.2,3762,44.0,1000000,Free,0.0,Everyone,Education;Action & Adventure,"July 2, 2018",1.47,4.3 and up,,,,,Unknown,,,,
Ice Cream Jump,FAMILY,4.2,141363,8.7,10000000,Free,0.0,Everyone,Casual;Action & Adventure,"January 21, 2018",1.20.2,2.3 and up,,,,,Unknown,,,,
Disney Magic Kingdoms: Build Your Own Magical Park,FAMILY,4.3,472584,91.0,10000000,Free,0.0,Everyone,Simulation;Action & Adventure,"August 2, 2018",3.2.0h,4.0.3 and up,0.37624255319148936,0.24812765957446806,0.6738723404255319,0.07802127659574468,Positive,32.0,6.0,9.0,47.0
Turbo FAST,FAMILY,4.3,1329192,97.0,50000000,Free,0.0,Everyone,Racing;Action & Adventure,"October 4, 2017",2.1.20,2.3.3 and up,,,,,Unknown,,,,
My Little Pony: Harmony Quest,FAMILY,4.1,148295,26.0,10000000,Free,0.0,Everyone,Casual;Action & Adventure,"March 5, 2018",1.6,4.1 and up,,,,,Unknown,,,,
Transformers Rescue Bots: Hero Adventures,FAMILY,4.2,41273,16.0,5000000,Free,0.0,Everyone,Adventure;Action & Adventure,"July 5, 2018",1.5,4.1 and up,,,,,Unknown,,,,
Equestria Girls,FAMILY,4.3,392596,53.0,10000000,Free,0.0,Everyone,Role Playing;Action & Adventure,"July 22, 2016",37893,4.0 and up,0.4773081081081081,0.27686486486486483,0.606,0.11716216216216216,Positive,58.0,0.0,16.0,74.0
Disney Crossy Road,FAMILY,4.5,514088,83.0,10000000,Free,0.0,Everyone,Arcade;Action & Adventure,"May 30, 2018",3.200.18289,4.4 and up,,,,,Unknown,,,,
Touch Racing 2 - Mini RC Race,FAMILY,4.1,41867,78.0,1000000,Free,0.0,Everyone,Racing;Action & Adventure,"May 18, 2017",1.4.2.1,2.3.3 and up,,,,,Unknown,,,,
Doctor Pets,FAMILY,4.2,23060,21.0,1000000,Free,0.0,Everyone,Educational;Education,"July 26, 2018",1.19,4.1 and up,0.497240625,0.68471875,0.221125,0.09415625,Positive,29.0,0.0,3.0,32.0
Supermarket – Game for Kids,FAMILY,4.4,112080,26.0,10000000,Free,0.0,Everyone,Casual;Pretend Play,"July 26, 2018",1.24,4.1 and up,,,,,Unknown,,,,
Supermarket Manager: Cashier Simulator Kids Games,FAMILY,4.0,15489,60.0,1000000,Free,0.0,Everyone,Casual;Pretend Play,"October 11, 2017",2.4.9,4.0 and up,,,,,Unknown,,,,
Kids Animals Jigsaw Puzzles 😄,FAMILY,4.1,51895,22.0,10000000,Free,0.0,Everyone,Educational;Brain Games,"June 16, 2018",18.1,4.2 and up,,,,,Unknown,,,,
Inside Out Thought Bubbles,FAMILY,4.4,623398,58.0,10000000,Free,0.0,Everyone,Puzzle;Brain Games,"August 31, 2017",1.22.0,4.0.3 and up,,,,,Unknown,,,,
Monster High™,FAMILY,4.1,66661,22.0,5000000,Free,0.0,Everyone,Casual;Pretend Play,"February 2, 2018",5.2,4.1 and up,,,,,Unknown,,,,
Cute Pet Puppies,FAMILY,4.0,10447,36.0,1000000,Free,0.0,Everyone,Simulation;Action & Adventure,"February 18, 2016",1.0.4,2.3 and up,,,,,Unknown,,,,
Frozen Free Fall,FAMILY,4.3,1574197,37.0,50000000,Free,0.0,Everyone,Puzzle;Action & Adventure,"July 27, 2018",6.7.0,4.2 and up,0.37862666666666667,0.28841666666666665,0.6096666666666667,0.10198333333333333,Positive,39.0,12.0,9.0,60.0
Monster High™ Minis Mania,FAMILY,4.6,19170,70.0,1000000,Free,0.0,Everyone,Strategy;Action & Adventure,"March 15, 2017",1.4.2,4.0.3 and up,,,,,Unknown,,,,
Shopkins World!,FAMILY,4.3,169609,34.0,10000000,Free,0.0,Everyone,Arcade;Action & Adventure,"June 13, 2018",3.6.1,4.1 and up,,,,,Unknown,,,,
Monica Toy TV,FAMILY,4.7,6188,49.0,500000,Free,0.0,Everyone 10+,Entertainment;Music & Video,"April 3, 2018",1.6.4,4.1 and up,,,,,Unknown,,,,
Toy Guitar with songs for kids,FAMILY,4.3,1369,9.8,500000,Free,0.0,Everyone,Music & Audio;Music & Video,"March 5, 2016",1.0.3,2.3 and up,,,,,Unknown,,,,
Endless Numbers,FAMILY,4.4,2952,37.0,500000,Free,0.0,Everyone,Education;Education,"June 19, 2018",1.2.0,5.1 and up,,,,,Unknown,,,,
Sworkit Kids - Fitness Meets Fun,FAMILY,4.7,9856,55.0,100000,Free,0.0,Everyone,Health & Fitness;Education,"February 2, 2016",1.1.1,4.0 and up,,,,,Unknown,,,,
Earth to Luna! Watch and Play,FAMILY,3.9,10753,84.0,1000000,Free,0.0,Everyone,Educational;Education,"July 23, 2018",2.5.6,4.1 and up,,,,,Unknown,,,,
Nancy Drew Codes and Clues,FAMILY,4.1,154,16.0,10000,Free,0.0,Everyone,Educational;Education,"January 13, 2017",2.0.0,4.1 and up,,,,,Unknown,,,,
Masha and the Bear Child Games,FAMILY,4.1,288523,92.0,10000000,Free,0.0,Everyone,Adventure;Education,"May 8, 2018",2.7.4,4.0 and up,,,,,Unknown,,,,
codeSpark Academy & The Foos,FAMILY,4.1,4522,57.0,500000,Free,0.0,Everyone,Educational;Education,"June 21, 2018",2.19.01,4.1 and up,,,,,Unknown,,,,
LEGO® Friends,FAMILY,4.4,854,6.9,10000,Paid,4.99,Everyone,Casual;Pretend Play,"December 1, 2015",Varies with device,4.0.3 and up,,,,,Unknown,,,,
My Little Work – Garage,FAMILY,4.3,560,44.0,10000,Paid,3.99,Everyone,Casual;Education,"June 17, 2015",2.0.1,2.3 and up,,,,,Unknown,,,,
"Alizay, pirate girl",FAMILY,4.5,197,11.0,1000,Paid,2.99,Everyone,Casual;Action & Adventure,"March 23, 2017",4.0.2,2.3 and up,,,,,Unknown,,,,
Word Search Games in english,FAMILY,4.3,63186,16.0,10000000,Free,0.0,Everyone,Puzzle;Brain Games,"July 12, 2018",7.5,4.0.3 and up,,,,,Unknown,,,,
Chess Free,FAMILY,4.3,23772,17.0,5000000,Free,0.0,Everyone,Board;Brain Games,"August 2, 2017",1.15.3028.0,2.3 and up,,,,,Unknown,,,,
Tic Tac Toe,FAMILY,4.1,6007,18.0,1000000,Free,0.0,Everyone,Board;Action & Adventure,"July 3, 2017",1.6.3028.0,2.3 and up,,,,,Unknown,,,,
Dominos Game ✔️,FAMILY,4.1,2903,16.0,1000000,Free,0.0,Everyone,Board;Brain Games,"July 5, 2018",5.2,4.1 and up,0.11522564102564103,0.19797435897435897,0.7064871794871795,0.09556410256410257,Neutral,14.0,17.0,8.0,39.0
Checkers ✔️,FAMILY,4.1,3617,19.0,1000000,Free,0.0,Everyone,Board;Brain Games,"July 24, 2018",4.0.2,4.1 and up,0.3319861111111111,0.3724166666666667,0.5690555555555555,0.058555555555555555,Positive,27.0,5.0,4.0,36.0
Crazy Colors: Bubbles Matching,FAMILY,4.6,3063,1.6,100000,Free,0.0,Everyone,Board;Brain Games,"May 24, 2018",2.9.7,3.0 and up,,,,,Unknown,,,,
Chess for Kids - Play & Learn,FAMILY,4.1,3234,47.0,100000,Free,0.0,Everyone,Puzzle;Brain Games,"May 15, 2018",2.2.3,4.1 and up,,,,,Unknown,,,,
Block Puzzle : Night in Egypt,FAMILY,4.4,276,16.0,50000,Free,0.0,Everyone,Puzzle;Brain Games,"September 12, 2017",1.2.16,2.3 and up,,,,,Unknown,,,,
Mosaic puzzles,FAMILY,4.4,1595,14.0,500000,Free,0.0,Everyone,Puzzle;Brain Games,"July 4, 2018",2.8,4.0.3 and up,,,,,Unknown,,,,
RISK: Global Domination,FAMILY,4.0,68559,75.0,5000000,Free,0.0,Everyone,Board;Action & Adventure,"July 31, 2018",1.19.56.434,4.4 and up,,,,,Unknown,,,,
Pino chess,FAMILY,4.8,61,25.0,1000,Free,0.0,Everyone,Casual;Brain Games,"January 26, 2017",0.1.0,4.0 and up,,,,,Unknown,,,,
Chess PRO Free,FAMILY,3.8,1123,5.7,100000,Free,0.0,Everyone,Board;Brain Games,"September 8, 2016",4.2,2.3 and up,,,,,Unknown,,,,
All-in-One Mahjong 3 FREE,FAMILY,4.5,566,17.0,50000,Free,0.0,Everyone,Board;Brain Games,"June 13, 2018",20180609,4.0 and up,0.4404,0.4,0.381,0.219,Positive,1.0,0.0,0.0,1.0
Hactar Go,FAMILY,4.8,97,3.5,1000,Paid,2.99,Everyone,Board;Brain Games,"March 30, 2018",2.4.15,4.0 and up,,,,,Unknown,,,,
All-in-One Mahjong 3,FAMILY,4.4,38,16.0,100,Paid,0.99,Everyone,Board;Brain Games,"June 14, 2018",20180609,4.0 and up,,,,,Unknown,,,,
World Racers family board game,FAMILY,4.8,4,42.0,100,Paid,0.99,Everyone,Board;Pretend Play,"September 3, 2015",1.1,5.1 and up,,,,,Unknown,,,,
SweetLand — Family Board Game,FAMILY,4.2,38,47.0,1000,Paid,0.99,Everyone,Casual;Pretend Play,"November 14, 2014",1.2,2.3.3 and up,,,,,Unknown,,,,
Steam: Rails to Riches,FAMILY,4.2,214,67.0,5000,Paid,4.99,Everyone,Board;Brain Games,"December 13, 2017",3.3.1,4.1 and up,,,,,Unknown,,,,
Whoowasit? - Best kids game!,FAMILY,4.0,248,26.0,5000,Paid,2.99,Everyone,Board;Action & Adventure,"July 24, 2018",1.6,4.1 and up,,,,,Unknown,,,,
Lanterns: The Harvest Festival,FAMILY,4.7,185,72.0,1000,Paid,4.99,Everyone,Board;Brain Games,"May 1, 2018",1.16.5,4.1 and up,,,,,Unknown,,,,
Tsuro - The Game of the Path,FAMILY,4.7,2195,37.0,10000,Paid,2.99,Everyone,Board;Brain Games,"August 2, 2016",1.3.3,2.3 and up,,,,,Unknown,,,,
THE aMAZEing Labyrinth,FAMILY,3.9,1615,1.2,10000,Paid,4.99,Everyone,Board;Brain Games,"February 9, 2016",1.0.3,4.0 and up,,,,,Unknown,,,,
Chess and Mate,FAMILY,4.5,359,17.0,5000,Paid,4.99,Everyone,Board;Brain Games,"August 12, 2015",2.0.5,2.3 and up,,,,,Unknown,,,,
Kids Balloon Pop Game Free 🎈,FAMILY,4.1,38021,19.0,10000000,Free,0.0,Everyone,Casual;Music & Video,"July 6, 2018",18.2,4.0.3 and up,,,,,Unknown,,,,
Sounds for Toddlers FREE,FAMILY,4.4,6190,23.0,1000000,Free,0.0,Everyone,Educational;Education,"August 24, 2015",1.7.1,4.0 and up,,,,,Unknown,,,,
Elmo Calls by Sesame Street,FAMILY,3.9,6903,25.0,1000000,Free,0.0,Everyone,Educational;Pretend Play,"January 31, 2018",2.0.7,2.3 and up,,,,,Unknown,,,,
Sago Mini Friends,FAMILY,4.4,13155,83.0,1000000,Free,0.0,Everyone,Education;Pretend Play,"June 16, 2016",1.3,4.0.3 and up,,,,,Unknown,,,,
Tee and Mo Bath Time Free,FAMILY,3.6,418,97.0,100000,Free,0.0,Everyone,Educational;Education,"November 7, 2016",1.0.3,4.0.3 and up,,,,,Unknown,,,,
Bita and the Animals - Pelos Ares,FAMILY,4.4,1160,37.0,100000,Free,0.0,Everyone,Education;Music & Video,"May 22, 2013",1.0,2.2 and up,,,,,Unknown,,,,
TO-FU Oh!SUSHI,FAMILY,4.1,59917,92.0,5000000,Free,0.0,Everyone,Education;Pretend Play,"July 31, 2018",2.3,4.4 and up,,,,,Unknown,,,,
DreamWorks Friends,FAMILY,3.6,1042,48.0,100000,Free,0.0,Everyone,Role Playing;Pretend Play,"August 4, 2017",2.5,4.3 and up,0.1335,0.22557575757575757,0.5925454545454545,0.1819090909090909,Positive,28.0,18.0,20.0,66.0
Avokiddo Emotions,FAMILY,4.6,73,12.0,1000,Paid,2.99,Everyone,Education;Pretend Play,"May 21, 2018",1.7.0,4.0.3 and up,,,,,Unknown,,,,
Nighty Night Circus,FAMILY,4.3,382,15.0,10000,Paid,2.99,Everyone,Education;Action & Adventure,"March 7, 2017",2.6,2.3 and up,,,,,Unknown,,,,
Sago Mini Babies,FAMILY,4.5,253,83.0,10000,Paid,3.99,Everyone,Education;Pretend Play,"October 28, 2016",1.1,4.0.3 and up,,,,,Unknown,,,,
Dr. Panda & Toto's Treehouse,FAMILY,4.4,3396,9.5,50000,Paid,3.99,Everyone,Casual;Pretend Play,"December 9, 2014",1.8,4.0 and up,0.643738888888889,0.44558333333333333,0.5277777777777778,0.026666666666666665,Positive,58.0,10.0,4.0,72.0
Barbie Life™,FAMILY,3.9,133117,63.0,5000000,Free,0.0,Everyone,Casual;Pretend Play,"July 12, 2018",2.6,4.1 and up,0.4251421052631579,0.4553157894736842,0.49368421052631584,0.051,Positive,14.0,3.0,2.0,19.0
Palace Pets in Whisker Haven,FAMILY,4.1,47213,14.0,5000000,Free,0.0,Everyone,Entertainment;Pretend Play,"December 9, 2017",1.8,4.2 and up,,,,,Unknown,,,,
Sweet Baby Girl - Dream House and Play Time,FAMILY,3.9,95537,58.0,10000000,Free,0.0,Everyone,Educational;Education,"July 13, 2018",2.2.54,4.4 and up,,,,,Unknown,,,,
Hello Kitty Lunchbox,FAMILY,4.2,51838,15.0,5000000,Free,0.0,Everyone,Casual;Creativity,"November 21, 2017",1.6,4.1 and up,0.26366764705882356,0.2978823529411765,0.5596764705882353,0.14244117647058824,Positive,22.0,4.0,8.0,34.0
Sweet Baby Girl Newborn Baby,FAMILY,3.8,36028,50.0,5000000,Free,0.0,Everyone,Educational;Education,"July 2, 2018",1.3.51,4.4 and up,,,,,Unknown,,,,
COOKING MAMA Let's Cook!,FAMILY,4.3,528745,59.0,10000000,Free,0.0,Everyone,Educational;Pretend Play,"July 26, 2018",1.38.0,4.1 and up,0.4865333333333333,0.46880555555555553,0.48666666666666664,0.04455555555555556,Positive,30.0,4.0,2.0,36.0
Ever After High™ Charmed Style,FAMILY,3.9,44062,54.0,1000000,Free,0.0,Everyone,Casual;Pretend Play,"December 30, 2016",1.3,4.0.3 and up,,,,,Unknown,,,,
Mad Libs,FAMILY,4.0,8126,61.0,1000000,Free,0.0,Everyone,Entertainment;Brain Games,"July 31, 2018",1.1.1,6.0 and up,,,,,Unknown,,,,
ABCmouse.com,FAMILY,4.3,50887,91.0,5000000,Free,0.0,Everyone,Education;Education,"July 3, 2018",7.2.0,4.4 and up,0.34048055555555556,0.25002777777777774,0.64725,0.10266666666666667,Positive,27.0,2.0,7.0,36.0
My Little Pony Celebration,FAMILY,4.3,63160,17.0,1000000,Free,0.0,Everyone,Simulation;Pretend Play,"July 22, 2016",1.0.0,2.3 and up,,,,,Unknown,,,,
Thomas & Friends: Delivery,FAMILY,4.2,28737,17.0,1000000,Free,0.0,Everyone,Casual;Action & Adventure,"February 5, 2016",1.0,2.3 and up,,,,,Unknown,,,,
Nasty Goats,FAMILY,4.3,45579,64.0,1000000,Free,0.0,Everyone,Arcade;Action & Adventure,"April 14, 2016",1.1.0,4.0 and up,,,,,Unknown,,,,
Starfall Free & Member,FAMILY,4.2,19720,41.0,1000000,Free,0.0,Everyone,Education;Education,"November 7, 2017",1.35.23,4.0 and up,,,,,Unknown,,,,
Animal Jam - Play Wild!,FAMILY,4.6,361970,58.0,5000000,Free,0.0,Everyone,Casual;Pretend Play,"August 2, 2018",28.0.14,4.1 and up,,,,,Unknown,,,,
Video Editor,FAMILY,4.1,159619,23.0,5000000,Free,0.0,Everyone,Video Players & Editors;Creativity,"July 17, 2018",6.14.091,4.3 and up,,,,,Unknown,,,,
Real Racing 3,FAMILY,4.5,354384,71.0,10000000,Free,0.0,Everyone,Racing;Action & Adventure,"July 2, 2018",6.4.0,4.1 and up,,,,,Unknown,,,,
Card Wars - Adventure Time,FAMILY,4.3,129603,23.0,1000000,Paid,2.99,Everyone 10+,Card;Action & Adventure,"February 11, 2016",1.11.0,2.3.3 and up,,,,,Unknown,,,,
Monash Uni Low FODMAP Diet,MEDICAL,4.2,1135,12.0,100000,Paid,9.0,Everyone,Medical,"July 16, 2018",2.0.7,4.0 and up,,,,,Unknown,,,,
iBP Blood Pressure,MEDICAL,4.4,578,0.704,10000,Paid,0.99,Everyone,Medical,"November 30, 2014",7.0.1,2.2 and up,,,,,Unknown,,,,
Pedi STAT,MEDICAL,4.6,129,2.9,10000,Paid,5.49,Everyone,Medical,"April 6, 2018",3.0.1.0,4.1 and up,,,,,Unknown,,,,
ASCCP Mobile,MEDICAL,4.5,63,25.0,10000,Paid,9.99,Everyone,Medical,"October 3, 2016",2.1.1,2.2 and up,,,,,Unknown,,,,
Paramedic Protocol Provider,MEDICAL,4.5,171,20.0,10000,Paid,10.0,Everyone 10+,Medical,"September 21, 2017",1.8.3,4.1 and up,,,,,Unknown,,,,
MommyMeds,MEDICAL,3.2,45,21.0,5000,Paid,3.99,Everyone,Medical,"November 15, 2017",2.0.1,6.0 and up,,,,,Unknown,,,,
Medical ID - In Case of Emergency (ICE),MEDICAL,4.6,717,5.4,5000,Paid,5.99,Everyone,Medical,"May 31, 2018",6.5.0,5.0 and up,,,,,Unknown,,,,
Human Anatomy Atlas 2018: Complete 3D Human Body,MEDICAL,4.5,2921,25.0,100000,Paid,24.99,Everyone,Medical,"May 25, 2018",2018.5.47,5.0 and up,,,,,Unknown,,,,
Essential Anatomy 3,MEDICAL,4.1,1533,42.0,50000,Paid,11.99,Mature 17+,Medical,"August 7, 2014",1.1.3,4.0.3 and up,0.5547075,0.24795000000000003,0.6797500000000001,0.072275,Positive,70.0,0.0,10.0,80.0
Vargo Anesthesia Mega App,MEDICAL,4.6,92,32.0,1000,Paid,79.99,Everyone,Medical,"June 18, 2018",19.0,4.0.3 and up,,,,,Unknown,,,,
EMT Review Plus,MEDICAL,4.5,199,1.8,10000,Paid,11.99,Everyone,Medical,"June 27, 2018",3.0.5,4.4W and up,,,,,Unknown,,,,
Muscle Trigger Point Anatomy,MEDICAL,4.4,1361,33.0,50000,Paid,2.99,Everyone,Medical,"July 17, 2018",2.4.4,4.0.3 and up,,,,,Unknown,,,,
2017 EMRA Antibiotic Guide,MEDICAL,4.4,12,3.8,1000,Paid,16.99,Everyone,Medical,"January 27, 2017",1.0.5,4.0.3 and up,,,,,Unknown,,,,
ASRA Coags,MEDICAL,4.4,15,5.8,1000,Paid,3.99,Everyone,Medical,"August 1, 2018",2.1,4.1 and up,,,,,Unknown,,,,
IBM Micromedex Drug Info,MEDICAL,3.8,206,9.5,10000,Paid,2.99,Everyone,Medical,"April 25, 2018",1.17.0,4.0 and up,,,,,Unknown,,,,
Diabetes & Diet Tracker,MEDICAL,4.6,395,19.0,1000,Paid,9.99,Everyone,Medical,"July 16, 2018",6.5.1,5.0 and up,0.6313972972972973,0.37445945945945946,0.5832432432432432,0.04232432432432433,Positive,66.0,4.0,4.0,74.0
Block Buddy,MEDICAL,4.0,15,5.0,1000,Paid,14.99,Everyone,Medical,"August 1, 2018",7.6.14,4.0 and up,,,,,Unknown,,,,
Super Hearing Secret Voices Recorder PRO,MEDICAL,5.0,3,23.0,100,Paid,2.99,Everyone,Medical,"April 20, 2018",1.0,4.1 and up,,,,,Unknown,,,,
EMT Study - NREMT Test Prep,MEDICAL,4.3,35,0.862,5000,Paid,3.99,Everyone,Medical,"December 3, 2014",1.1,4.0.3 and up,,,,,Unknown,,,,
Calcium Pro,MEDICAL,3.4,77,9.9,5000,Paid,2.99,Everyone,Medical,"April 18, 2017",1.6.2,4.0.3 and up,,,,,Unknown,,,,
EMT PASS,MEDICAL,3.4,51,2.4,1000,Paid,29.99,Everyone,Medical,"October 22, 2014",2.0.2,4.0 and up,,,,,Unknown,,,,
Pocket Lab Values,MEDICAL,4.3,214,0.899,10000,Paid,2.99,Everyone,Medical,"November 22, 2012",2.5,2.1 and up,,,,,Unknown,,,,
Medical terms (OFFLINE),MEDICAL,4.4,104,38.0,1000,Paid,2.99,Teen,Medical,"May 24, 2018",3.2.0,4.1 and up,,,,,Unknown,,,,
"Cardiac diagnosis (heart rate, arrhythmia)",MEDICAL,4.4,8,6.5,100,Paid,12.99,Everyone,Medical,"July 25, 2018",7,3.0 and up,,,,,Unknown,,,,
ERres- Emergency Medicine,MEDICAL,4.2,45,14.0,1000,Paid,4.99,Everyone,Medical,"August 18, 2015",6.0,4.0 and up,,,,,Unknown,,,,
FHR 5-Tier 2.0,MEDICAL,5.0,2,1.2,500,Paid,2.99,Everyone,Medical,"December 16, 2015",1.0,4.0 and up,,,,,Unknown,,,,
AnatomyMapp,MEDICAL,4.1,80,48.0,5000,Paid,14.99,Everyone,Medical,"November 5, 2013",1.0,3.0 and up,,,,,Unknown,,,,
OptoDrum,MEDICAL,3.9,10,0.378,1000,Paid,5.99,Everyone,Medical,"May 26, 2015",1.0,3.0 and up,,,,,Unknown,,,,
"Migraine, Headache Diary HeadApp Pro",MEDICAL,4.6,156,22.0,500,Paid,3.49,Everyone,Medical,"March 14, 2018",1.10.0.user.pro.release,4.4 and up,,,,,Unknown,,,,
Blood Pressure Companion,MEDICAL,4.2,178,4.8,1000,Paid,0.99,Everyone,Medical,"July 22, 2018",4.1.5 (Steglitz),4.1 and up,,,,,Unknown,,,,
"Muscle Premium - Human Anatomy, Kinesiology, Bones",MEDICAL,4.2,168,25.0,10000,Paid,24.99,Everyone,Medical,"August 11, 2017",7.1.17,4.4 and up,,,,,Unknown,,,,
CCHT PREP,MEDICAL,3.6,25,0.266,1000,Paid,10.99,Everyone,Medical,"December 8, 2016",1.2,2.1 and up,,,,,Unknown,,,,
Paramedic Meds,MEDICAL,4.5,163,0.375,10000,Paid,1.99,Everyone,Medical,"August 3, 2015",3.4.3,1.6 and up,,,,,Unknown,,,,
OmniMedix Medical Calculator,MEDICAL,4.7,25,1.2,1000,Paid,4.99,Everyone,Medical,"June 11, 2016",3.1.6,3.0 and up,,,,,Unknown,,,,
Lab Values + Medical Reference,MEDICAL,4.5,133,2.8,10000,Paid,2.99,Everyone,Medical,"August 2, 2014",3.0,2.3 and up,,,,,Unknown,,,,
Recognise Foot,MEDICAL,4.2,9,95.0,1000,Paid,7.49,Everyone,Medical,"September 14, 2017",1.0.3,4.1 and up,,,,,Unknown,,,,
Anti Mosquito simulation,MEDICAL,4.2,74,2.6,1000,Paid,1.5,Everyone,Medical,"September 6, 2014",1.0,2.3.3 and up,,,,,Unknown,,,,
Pain Tracker & Diary,MEDICAL,4.3,3,4.6,100,Paid,2.99,Everyone,Medical,"January 2, 2018",1.50,4.1 and up,,,,,Unknown,,,,
Whist - Tinnitus Relief,MEDICAL,4.1,12,5.1,1000,Paid,1.99,Everyone,Medical,"March 2, 2017",1.2,4.1 and up,,,,,Unknown,,,,
Critical Care Paramedic Review,MEDICAL,4.4,17,1.8,1000,Paid,9.99,Everyone 10+,Medical,"May 14, 2018",2.0.5,4.4W and up,,,,,Unknown,,,,
"End Anxiety Pro - Stress, Panic Attack Help",MEDICAL,4.2,33,53.0,1000,Paid,3.99,Everyone,Medical,"May 8, 2018",2.29,4.2 and up,,,,,Unknown,,,,
Acupuncture Assistant,MEDICAL,4.5,492,39.0,10000,Paid,7.99,Everyone,Medical,"April 13, 2018",4.4.5,4.1 and up,,,,,Unknown,,,,
InfantRisk Center HCP,MEDICAL,2.6,41,14.0,1000,Paid,9.99,Everyone,Medical,"May 6, 2015",1.3.4,2.3.3 and up,,,,,Unknown,,,,
EMT Tutor NREMT-B Study Guide,MEDICAL,4.6,625,8.4,10000,Paid,3.99,Everyone,Medical,"January 8, 2017",2.1,2.1 and up,,,,,Unknown,,,,
Hospitalist Handbook,MEDICAL,4.8,12,18.0,1000,Paid,19.99,Everyone,Medical,"June 5, 2017",6.0.4,4.1 and up,,,,,Unknown,,,,
PTA Content Master,MEDICAL,4.2,64,41.0,1000,Paid,29.99,Everyone,Medical,"December 22, 2015",2.1,2.2 and up,,,,,Unknown,,,,
Navi Radiography Pro,MEDICAL,4.7,11,100.0,500,Paid,15.99,Everyone,Medical,"January 14, 2018",1.2.0,4.0.3 and up,,,,,Unknown,,,,
Nursing Care Plan NANDA Tables,MEDICAL,3.0,4,3.4,500,Paid,0.99,Everyone,Medical,"May 9, 2017",1.0,2.3.3 and up,,,,,Unknown,,,,
A Manual of Acupuncture,MEDICAL,3.5,214,68.0,1000,Paid,33.99,Everyone,Medical,"October 2, 2017",2.1.35,4.0 and up,,,,,Unknown,,,,
palmPEDi: Pediatric Tape,MEDICAL,4.6,66,2.6,5000,Paid,0.99,Everyone,Medical,"December 2, 2013",4.1,3.2 and up,,,,,Unknown,,,,
GoodRx Drug Prices and Coupons,MEDICAL,4.8,59158,11.0,1000000,Free,0.0,Everyone,Medical,"July 26, 2018",5.4.8,4.1 and up,0.5725837837837838,0.34945945945945944,0.6132972972972973,0.03724324324324325,Positive,31.0,5.0,1.0,37.0
FollowMyHealth®,MEDICAL,4.6,73118,37.0,1000000,Free,0.0,Everyone,Medical,"May 10, 2018",3.3,4.4 and up,0.5237026315789474,0.22621052631578947,0.7181315789473685,0.05565789473684211,Positive,31.0,1.0,6.0,38.0
Ovia Pregnancy Tracker & Baby Countdown Calendar,MEDICAL,4.8,102858,9.8,1000000,Free,0.0,Everyone,Medical,"August 3, 2018",2.2.4,4.3 and up,,,,,Unknown,,,,
Teladoc Member,MEDICAL,4.0,2094,23.0,500000,Free,0.0,Everyone,Medical,"July 26, 2018",3.19,4.3 and up,,,,,Unknown,,,,
myAir™ for Air10™ by ResMed,MEDICAL,3.7,236,18.0,50000,Free,0.0,Everyone,Medical,"July 25, 2018",1.1.0.0.1487,5.0 and up,,,,,Unknown,,,,
Blood Pressure,MEDICAL,4.2,33033,7.4,5000000,Free,0.0,Everyone,Medical,"July 24, 2018",3.27.3,4.1 and up,0.4793282051282051,0.4641794871794872,0.4522820512820513,0.08353846153846153,Positive,32.0,3.0,4.0,39.0
Pregnancy Week By Week,MEDICAL,4.8,78825,11.0,1000000,Free,0.0,Everyone,Medical,"August 2, 2018",1.2.16,4.1 and up,,,,,Unknown,,,,
BioLife Plasma Services,MEDICAL,3.5,250,23.0,100000,Free,0.0,Everyone,Medical,"July 9, 2018",1.2.0,4.4 and up,0.2484230769230769,0.176,0.749948717948718,0.07405128205128204,Positive,23.0,9.0,7.0,39.0
OneTouch Reveal,MEDICAL,3.9,6266,34.0,500000,Free,0.0,Everyone,Medical,"May 22, 2018",3.5,5.1 and up,,,,,Unknown,,,,
To,MEDICAL,4.2,22,15.0,10000,Free,0.0,Everyone,Medical,"May 30, 2018",Varies with device,Varies with device,,,,,Unknown,,,,
Ovia Fertility Tracker & Ovulation Calculator,MEDICAL,4.8,53743,13.0,1000000,Free,0.0,Everyone,Medical,"July 27, 2018",Varies with device,4.3 and up,,,,,Unknown,,,,
Anthem Anywhere,MEDICAL,2.7,2657,24.0,500000,Free,0.0,Everyone,Medical,"July 27, 2018",8.0.226,4.4 and up,-0.027736923076923086,0.11723076923076924,0.7296461538461538,0.15306153846153847,Positive,23.0,21.0,21.0,65.0
Blood Donor,MEDICAL,4.2,4476,20.0,500000,Free,0.0,Everyone,Medical,"July 31, 2018",1.6.2,4.1 and up,0.29511794871794866,0.2245897435897436,0.7266153846153847,0.04874358974358974,Positive,23.0,9.0,7.0,39.0
My Calendar - Period Tracker,MEDICAL,4.7,156410,14.0,5000000,Free,0.0,Everyone,Medical,"August 3, 2018",5.9.6,4.1 and up,,,,,Unknown,,,,
Youper - AI Therapy,MEDICAL,4.6,2006,69.0,50000,Free,0.0,Everyone,Medical,"August 3, 2018",6.02.000,6.0 and up,,,,,Unknown,,,,
Zocdoc: Find Doctors & Book Appointments,MEDICAL,4.5,6099,38.0,500000,Free,0.0,Everyone,Medical,"July 31, 2018",3.18.2,4.3 and up,,,,,Unknown,,,,
1800 Contacts - Lens Store,MEDICAL,4.7,23160,26.0,1000000,Free,0.0,Everyone,Medical,"July 27, 2018",7.4.1,5.0 and up,0.5195075,0.47002499999999997,0.497525,0.032424999999999995,Positive,70.0,6.0,4.0,80.0
Blood Pressure Log - MyDiary,MEDICAL,4.7,8348,2.6,500000,Free,0.0,Everyone,Medical,"April 13, 2018",1.4.6,4.0 and up,0.66796,0.3191,0.6239,0.056925,Positive,35.0,1.0,4.0,40.0
PulsePoint Respond,MEDICAL,4.5,7837,21.0,100000,Free,0.0,Everyone,Medical,"July 31, 2018",2.4,4.1 and up,,,,,Unknown,,,,
Ovia Parenting & Baby Development Tracker,MEDICAL,4.7,6185,38.0,100000,Free,0.0,Everyone,Medical,"August 3, 2018",1.2.0,4.3 and up,,,,,Unknown,,,,
MyQuest for Patients,MEDICAL,4.0,3803,16.0,100000,Free,0.0,Everyone,Medical,"March 13, 2018",2.17,4.0 and up,,,,,Unknown,,,,
OptumRx,MEDICAL,3.4,1838,21.0,100000,Free,0.0,Everyone,Medical,"July 2, 2018",2.11.0,4.0.3 and up,,,,,Unknown,,,,
CVS Caremark,MEDICAL,3.5,3707,10.0,500000,Free,0.0,Everyone,Medical,"July 28, 2018",4.36,4.4 and up,0.20782307692307692,0.31346153846153846,0.6021538461538462,0.08438461538461538,Positive,22.0,8.0,9.0,39.0
fred's Pharmacy,MEDICAL,3.0,315,22.0,100000,Free,0.0,Everyone,Medical,"October 10, 2017",1.0.02,4.0 and up,,,,,Unknown,,,,
Ada - Your Health Guide,MEDICAL,4.7,87418,14.0,1000000,Free,0.0,Everyone,Medical,"July 16, 2018",2.25.0,4.4 and up,0.532495238095238,0.29734920634920636,0.615047619047619,0.08752380952380953,Positive,51.0,2.0,10.0,63.0
mySugr: the blood sugar tracker made just for you,MEDICAL,4.6,21189,36.0,1000000,Free,0.0,Everyone,Medical,"August 6, 2018",3.52.1,5.0 and up,,,,,Unknown,,,,
ClearCareGo Caregiver,MEDICAL,4.2,1746,16.0,50000,Free,0.0,Everyone,Medical,"July 25, 2018",2.1.3,4.1 and up,,,,,Unknown,,,,
Pregnancy Calculator and Tracker app,MEDICAL,4.8,69126,61.0,1000000,Free,0.0,Everyone,Medical,"June 1, 2018",2.6.1,4.1 and up,,,,,Unknown,,,,
All Mental disorders,MEDICAL,4.5,453,11.0,100000,Free,0.0,Everyone,Medical,"July 7, 2017",1.1,4.0.3 and up,0.3818323076923077,0.32176923076923075,0.6208615384615385,0.05736923076923077,Positive,45.0,10.0,10.0,65.0
DreamMapper,MEDICAL,4.2,10710,8.5,100000,Free,0.0,Everyone,Medical,"July 3, 2018",2.15,5.0 and up,,,,,Unknown,,,,
ScriptSave WellRx Rx Discounts,MEDICAL,3.8,700,37.0,100000,Free,0.0,Everyone,Medical,"June 21, 2018",3.3.0,4.4 and up,,,,,Unknown,,,,
MoodSpace,MEDICAL,4.5,503,22.0,50000,Free,0.0,Everyone,Medical,"June 10, 2018",3.2.4,5.0 and up,,,,,Unknown,,,,
Pill Identifier and Drug list,MEDICAL,4.0,488,17.0,100000,Free,0.0,Everyone,Medical,"August 1, 2018",3.8,4.1 and up,,,,,Unknown,,,,
HealtheLife,MEDICAL,3.6,190,7.7,100000,Free,0.0,Everyone,Medical,"January 2, 2018",2.4.0,4.4 and up,0.1094525,0.16735,0.738975,0.093725,Neutral,14.0,14.0,12.0,40.0
SonicCloud: Hearing App,MEDICAL,4.4,15,39.0,1000,Free,0.0,Everyone,Medical,"July 19, 2018",1.16.0,4.1 and up,,,,,Unknown,,,,
Migraine Buddy - The Migraine and Headache tracker,MEDICAL,4.7,26862,30.0,500000,Free,0.0,Everyone,Medical,"June 25, 2018",25.3.1,4.0.3 and up,,,,,Unknown,,,,
Period Tracker,MEDICAL,4.9,100082,3.7,1000000,Free,0.0,Everyone,Medical,"July 9, 2018",1.2.2,4.1 and up,,,,,Unknown,,,,
LabCorp | Patient,MEDICAL,3.6,27,28.0,10000,Free,0.0,Everyone,Medical,"April 19, 2018",1.0.0,4.1 and up,,,,,Unknown,,,,
Anatomy Learning - 3D Atlas,MEDICAL,4.5,72167,16.0,1000000,Free,0.0,Everyone,Medical,"July 18, 2018",2.0,4.1 and up,0.5559472222222221,0.25975000000000004,0.678611111111111,0.06161111111111111,Positive,28.0,3.0,5.0,36.0
Super Hearing Super Ear Amplifier,MEDICAL,4.1,21,20.0,1000,Free,0.0,Everyone,Medical,"June 11, 2018",1.1,4.1 and up,,,,,Unknown,,,,
Moodpath - Depression & Anxiety Test,MEDICAL,4.6,6035,8.9,100000,Free,0.0,Everyone,Medical,"July 5, 2018",1.2.0,4.4 and up,,,,,Unknown,,,,
Teach Me Anatomy,MEDICAL,4.7,9945,97.0,500000,Free,0.0,Everyone,Medical,"July 5, 2018",5.11,4.1 and up,,,,,Unknown,,,,
Baritastic - Bariatric Tracker,MEDICAL,4.7,4318,12.0,100000,Free,0.0,Everyone,Medical,"July 26, 2018",1.3.185,4.1 and up,0.642695,0.49684999999999996,0.488825,0.014325000000000001,Positive,38.0,2.0,0.0,40.0
Brilliant Distinctions®,MEDICAL,2.8,78,72.0,50000,Free,0.0,Everyone,Medical,"June 27, 2018",2.2.12,4.4 and up,,,,,Unknown,,,,
98point6,MEDICAL,4.6,47,21.0,10000,Free,0.0,Everyone,Medical,"August 2, 2018",1.7.1 (946),5.0 and up,,,,,Unknown,,,,
MDLIVE: Talk to a Doctor 24/7,MEDICAL,3.4,650,27.0,100000,Free,0.0,Everyone,Medical,"July 23, 2018",4.23.0,4.4 and up,,,,,Unknown,,,,
Super Ear,MEDICAL,4.0,3498,6.6,100000,Free,0.0,Everyone,Medical,"May 1, 2018",1.7.2,4.0 and up,,,,,Unknown,,,,
VitusVet: Pet Health Care App,MEDICAL,4.8,3052,12.0,100000,Free,0.0,Everyone,Medical,"July 31, 2018",3.8.0,4.1 and up,,,,,Unknown,,,,
Banfield Pet Health Tracker,MEDICAL,4.2,1747,5.9,100000,Free,0.0,Everyone,Medical,"October 17, 2016",1.2.2,4.0 and up,0.1512075,0.171475,0.7214,0.1071,Positive,44.0,4.0,32.0,80.0
Dexcom G6,MEDICAL,3.0,45,20.0,5000,Free,0.0,Everyone,Medical,"July 16, 2018",1.2.3.2,6.0 and up,,,,,Unknown,,,,
Nurse Grid,MEDICAL,4.5,1686,15.0,100000,Free,0.0,Everyone,Medical,"July 30, 2018",2.9,4.4 and up,,,,,Unknown,,,,
Castlight Mobile,MEDICAL,3.7,529,26.0,100000,Free,0.0,Everyone,Medical,"July 30, 2018",4.4.7,5.0 and up,,,,,Unknown,,,,
Sanford Guide:Antimicrobial Rx,MEDICAL,4.5,1388,3.3,100000,Free,0.0,Everyone,Medical,"July 3, 2018",2.1.11,4.1 and up,,,,,Unknown,,,,
Davis's Drug Guide for Nurses,MEDICAL,4.5,572,44.0,50000,Free,0.0,Everyone,Medical,"July 13, 2018",4.3.2.315,4.4 and up,0.5714666666666667,0.521,0.47900000000000004,0.0,Positive,2.0,1.0,0.0,3.0
live Point,MEDICAL,3.6,54,17.0,5000,Free,0.0,Mature 17+,Medical,"July 3, 2018",2.6.5,4.1 and up,,,,,Unknown,,,,
Tarascon Pharmacopoeia,MEDICAL,4.4,275,5.8,10000,Free,0.0,Everyone 10+,Medical,"March 16, 2018",3.16.4.1669,4.4 and up,,,,,Unknown,,,,
Official NBSTSA CST Exam Prep,MEDICAL,4.4,2159,11.0,10000,Free,0.0,Everyone,Medical,"May 17, 2018",4.5.1,4.4 and up,,,,,Unknown,,,,
EMT-B Pocket Prep,MEDICAL,4.5,2951,16.0,50000,Free,0.0,Everyone,Medical,"July 11, 2018",4.5.2,4.4 and up,,,,,Unknown,,,,
5-Minute Clinical Consult,MEDICAL,4.1,84,6.1,10000,Free,0.0,Everyone,Medical,"December 11, 2017",2.7.36,4.1 and up,,,,,Unknown,,,,
"Pzizz - Sleep, Nap, Focus",MEDICAL,4.3,5521,22.0,100000,Free,0.0,Everyone,Medical,"July 1, 2018",4.9.6,4.1 and up,,,,,Unknown,,,,
HESI A2 Pocket Prep,MEDICAL,4.3,2108,28.0,50000,Free,0.0,Everyone,Medical,"May 2, 2018",4.5.1,4.4 and up,0.5309766666666667,0.4953666666666667,0.4686333333333333,0.036000000000000004,Positive,28.0,2.0,0.0,30.0
Johns Hopkins Guides ABX...,MEDICAL,4.7,73,6.3,10000,Free,0.0,Everyone,Medical,"December 8, 2017",2.7.36,4.1 and up,,,,,Unknown,,,,
FP Notebook,MEDICAL,4.5,408,60.0,50000,Free,0.0,Everyone,Medical,"March 24, 2018",2.1.0.372,4.4 and up,,,,,Unknown,,,,
5 Minute Clinical Consult 2019 - #1 for 25 years,MEDICAL,4.2,33,8.0,10000,Free,0.0,Everyone,Medical,"May 2, 2018",2.6.2,4.2 and up,,,,,Unknown,,,,
Open Sesame - Touch Free Control,MEDICAL,4.4,197,20.0,10000,Free,0.0,Everyone,Medical,"August 2, 2018",3.5.7,7.0 and up,,,,,Unknown,,,,
Davis's Drug Guide,MEDICAL,3.9,272,6.4,50000,Free,0.0,Everyone,Medical,"December 11, 2017",2.7.36,4.1 and up,0.09396666666666666,0.36766666666666664,0.559,0.07333333333333333,Positive,2.0,0.0,1.0,3.0
Deep Sleep and Relax Hypnosis,MEDICAL,4.2,4852,34.0,100000,Free,0.0,Everyone,Medical,"October 22, 2013",1.3,2.2 and up,,,,,Unknown,,,,
Christella VoiceUp,MEDICAL,4.1,38,70.0,5000,Free,0.0,Everyone,Medical,"July 12, 2018",2.1.4,4.1 and up,,,,,Unknown,,,,
Complete Anatomy for Android,MEDICAL,4.1,90,21.0,1000,Free,0.0,Everyone,Medical,"July 11, 2018",1.0.0,7.0 and up,,,,,Unknown,,,,
GlassesOff,MEDICAL,3.5,1288,38.0,100000,Free,0.0,Everyone,Medical,"July 10, 2018",1.0.0.10,3.0 and up,,,,,Unknown,,,,
e-Anatomy,MEDICAL,4.0,1545,74.0,100000,Free,0.0,Everyone,Medical,"July 30, 2018",4.8.2,4.0.3 and up,,,,,Unknown,,,,
Registered Dietitian Pocket Prep,MEDICAL,4.3,283,12.0,5000,Free,0.0,Everyone,Medical,"July 12, 2018",4.5.3,4.4 and up,,,,,Unknown,,,,
Paramedic Pocket Prep,MEDICAL,4.3,460,13.0,10000,Free,0.0,Everyone,Medical,"July 12, 2018",4.5.2,4.4 and up,,,,,Unknown,,,,
5 Minute Veterinary Consult: Canine & Feline,MEDICAL,2.3,17,6.8,1000,Free,0.0,Everyone,Medical,"March 29, 2018",2.6,4.2 and up,,,,,Unknown,,,,
Wide address pocket prep,MEDICAL,4.5,513,12.0,5000,Free,0.0,Everyone,Medical,"July 11, 2018",4.5.2,4.4 and up,,,,,Unknown,,,,
Nursing Central,MEDICAL,4.3,168,5.8,10000,Free,0.0,Everyone,Medical,"January 29, 2018",2.7.38,4.1 and up,,,,,Unknown,,,,
Tinnitus Alleviator,MEDICAL,3.1,82,42.0,5000,Free,0.0,Everyone,Medical,"December 23, 2017",1.6.17,4.1 and up,,,,,Unknown,,,,
PMHNP-BC Pocket Prep,MEDICAL,4.4,112,13.0,1000,Free,0.0,Everyone,Medical,"July 12, 2018",4.5.2,4.4 and up,,,,,Unknown,,,,
Dialysis of Drugs,MEDICAL,2.9,92,1.5,10000,Free,0.0,Everyone,Medical,"June 15, 2018",3.1-2018 – (13),4.0 and up,,,,,Unknown,,,,
abeoCoder,MEDICAL,3.1,83,3.2,10000,Free,0.0,Everyone,Medical,"July 30, 2018",6.6,4.1 and up,,,,,Unknown,,,,
Saunders Comprehensive Review NCLEX-PN Examination,MEDICAL,3.7,3,7.7,5000,Free,0.0,Everyone,Medical,"July 16, 2018",2.7.6,5.0 and up,,,,,Unknown,,,,
LTC AS Legal,MEDICAL,4.0,6,1.3,100,Paid,39.99,Everyone,Medical,"April 4, 2018",3.0.1,4.1 and up,,,,,Unknown,,,,
Lippincott Nursing Advisor,MEDICAL,3.8,343,26.0,50000,Free,0.0,Everyone,Medical,"May 1, 2018",3.3.1,4.1 and up,,,,,Unknown,,,,
Official NBSTSA CSFA Exam Prep,MEDICAL,4.4,137,11.0,1000,Free,0.0,Everyone,Medical,"May 17, 2018",4.5.1,4.4 and up,,,,,Unknown,,,,
JH Blood Pressure Monitor,MEDICAL,3.7,9,2.9,500,Free,0.0,Everyone,Medical,"July 21, 2018",1.1,4.0.3 and up,,,,,Unknown,,,,
Sway Medical,MEDICAL,5.0,3,22.0,100,Free,0.0,Everyone,Medical,"July 25, 2018",3.0.0,5.0 and up,,,,,Unknown,,,,
Exposure Ed,MEDICAL,3.0,2,16.0,500,Free,0.0,Everyone,Medical,"July 17, 2018",1.2.9,4.4 and up,,,,,Unknown,,,,
Nucleus Smart,MEDICAL,3.7,20,19.0,1000,Free,0.0,Everyone,Medical,"June 27, 2018",1.830.0.564-(e405bb2),5.0 and up,,,,,Unknown,,,,
Cochrane Library,MEDICAL,3.7,3,10.0,100,Free,0.0,Everyone,Medical,"July 17, 2018",1.5.0,4.1 and up,,,,,Unknown,,,,
Labs on Demand,MEDICAL,5.0,1,22.0,10,Free,0.0,Everyone,Medical,"August 3, 2018",1.2,4.2 and up,,,,,Unknown,,,,
Dermatology Atlas (Colored & Illustrative),MEDICAL,5.0,3,20.0,100,Free,0.0,Everyone,Medical,"July 19, 2018",1.0,4.1 and up,,,,,Unknown,,,,
Tablet Reminder,MEDICAL,5.0,4,2.5,5,Free,0.0,Everyone,Medical,"August 3, 2018",1.0,4.1 and up,,,,,Unknown,,,,
Galaxies of Hope,MEDICAL,5.0,2,24.0,50,Free,0.0,Everyone,Medical,"July 27, 2018",1.0,4.1 and up,,,,,Unknown,,,,
KBA-EZ Health Guide,MEDICAL,5.0,4,25.0,1,Free,0.0,Everyone,Medical,"August 2, 2018",1.0.72,4.0.3 and up,,,,,Unknown,,,,
FoothillsVet,MEDICAL,5.0,2,29.0,50,Free,0.0,Everyone,Medical,"July 11, 2018",300000.1.11,4.0.3 and up,,,,,Unknown,,,,
PrimeDelivery,MEDICAL,5.0,3,53.0,10,Free,0.0,Everyone,Medical,"July 13, 2018",0.1,4.1 and up,,,,,Unknown,,,,
You're an Anime,MEDICAL,5.0,2,83.0,10,Free,0.0,Everyone,Medical,"July 12, 2018",1.0,5.0 and up,,,,,Unknown,,,,
Anatomy & Physiology Vocabulary Exam Review App,MEDICAL,5.0,1,4.6,5,Free,0.0,Everyone,Medical,"August 2, 2018",2.0,4.0 and up,,,,,Unknown,,,,
CT Scan Cross Sectional Anatomy,MEDICAL,4.3,10,46.0,100,Free,0.0,Everyone,Medical,"July 19, 2018",5.0.16,4.1 and up,,,,,Unknown,,,,
VetCode,MEDICAL,4.9,28,5.7,5000,Free,0.0,Everyone,Medical,"July 7, 2018",1.0,4.4 and up,,,,,Unknown,,,,
NCLEX Multi-topic Nursing Exam Review-Quiz & notes,MEDICAL,5.0,1,4.2,10,Free,0.0,Everyone,Medical,"July 24, 2018",1.0,4.0.3 and up,,,,,Unknown,,,,
Pediatric Nursing,MEDICAL,4.9,14,7.0,100,Free,0.0,Everyone,Medical,"July 13, 2018",PN.1.0,4.0.3 and up,,,,,Unknown,,,,
Interpret Chest X-Ray With 100 Cases,MEDICAL,4.6,5,11.0,100,Free,0.0,Everyone,Medical,"August 3, 2018",1.0,4.1 and up,,,,,Unknown,,,,
Basics of Orthopaedics,MEDICAL,5.0,1,5.6,10,Free,0.0,Everyone,Medical,"July 27, 2018",1.0,4.1 and up,,,,,Unknown,,,,
Familyfirst Messenger,MEDICAL,4.0,1,3.3,10,Free,0.0,Everyone,Medical,"July 12, 2018",0.1.2,4.4 and up,,,,,Unknown,,,,
Clinic Doctor EHr,MEDICAL,5.0,2,7.1,5,Free,0.0,Everyone,Medical,"August 3, 2018",1.0.51.0.3,8.0 and up,,,,,Unknown,,,,
Anthem BC Anywhere,MEDICAL,2.6,496,24.0,100000,Free,0.0,Everyone,Medical,"July 27, 2018",8.0.226,4.4 and up,-0.06410645161290322,0.06680645161290323,0.7842903225806451,0.1489032258064516,Neutral,5.0,15.0,11.0,31.0
My Cancer Coach,MEDICAL,4.3,44,34.0,10000,Free,0.0,Everyone,Medical,"April 12, 2018",3.4.0.10,4.0.3 and up,,,,,Unknown,,,,
IHSS Help,MEDICAL,4.7,10,4.3,1000,Free,0.0,Everyone,Medical,"June 5, 2018",1.0,5.0 and up,,,,,Unknown,,,,
mobileRx Pharmacy,MEDICAL,2.5,124,43.0,10000,Free,0.0,Everyone,Medical,"January 13, 2017",3.0.2,3.0 and up,,,,,Unknown,,,,
BURST Professionals,MEDICAL,4.5,11,25.0,1000,Free,0.0,Everyone,Medical,"January 17, 2018",1.0.7,4.2 and up,,,,,Unknown,,,,
LactMed,MEDICAL,4.3,573,2.0,100000,Free,0.0,Everyone,Medical,"June 1, 2017",3.1,3.0 and up,,,,,Unknown,,,,
Blue CareOnDemand,MEDICAL,4.4,163,40.0,10000,Free,0.0,Everyone,Medical,"June 29, 2018",10.4.1.015_05,4.0.3 and up,,,,,Unknown,,,,
PulsePoint AED,MEDICAL,4.5,330,17.0,50000,Free,0.0,Everyone,Medical,"July 31, 2018",1.12,4.0.3 and up,,,,,Unknown,,,,
Deaf Interpreter,MEDICAL,3.8,24,4.4,1000,Free,0.0,Everyone,Medical,"September 26, 2017",5.51,3.0 and up,,,,,Unknown,,,,
High Blood Pressure Symptoms,MEDICAL,4.0,531,2.3,100000,Free,0.0,Everyone,Medical,"January 18, 2015",1.0,3.0 and up,0.3581594594594595,0.5309999999999999,0.3803783783783784,0.0885945945945946,Positive,27.0,4.0,6.0,37.0
MedStar eVisit,MEDICAL,4.5,20,40.0,5000,Free,0.0,Everyone,Medical,"April 10, 2018",10.4.1.000_00,4.0.3 and up,,,,,Unknown,,,,
Blood Pressure(BP) Diary,MEDICAL,3.7,3596,8.4,1000000,Free,0.0,Everyone,Medical,"July 18, 2018",4.0.9,4.0.3 and up,0.08197499999999999,0.14504999999999998,0.7776,0.077375,Neutral,13.0,19.0,8.0,40.0
REDCap Mobile App,MEDICAL,4.3,56,11.0,10000,Free,0.0,Everyone,Medical,"July 31, 2018",3.0.8,4.3 and up,,,,,Unknown,,,,
VITAS Hospice Referral App for Healthcare Pros,MEDICAL,4.4,27,15.0,5000,Free,0.0,Everyone,Medical,"July 20, 2018",2.5.0 b665,5.0 and up,,,,,Unknown,,,,
AAFP,MEDICAL,3.8,63,24.0,10000,Free,0.0,Everyone,Medical,"June 22, 2018",2.3.1,5.0 and up,,,,,Unknown,,,,
Airway Ex - Intubate. Anesthetize. Train.,MEDICAL,4.3,123,86.0,10000,Free,0.0,Everyone,Medical,"June 1, 2018",0.6.88,5.0 and up,0.33534358974358974,0.33964102564102566,0.6171794871794872,0.043153846153846154,Positive,25.0,10.0,4.0,39.0
420 BZ Budeze Delivery,MEDICAL,5.0,2,11.0,100,Free,0.0,Mature 17+,Medical,"June 6, 2018",1.0.1,4.1 and up,,,,,Unknown,,,,
Fever Meter,MEDICAL,3.6,26,0.975,5000,Free,0.0,Everyone,Medical,"May 10, 2015",1.1,2.2 and up,,,,,Unknown,,,,
Super Ear Super Hearing,MEDICAL,4.0,122,0.98,10000,Free,0.0,Everyone,Medical,"July 13, 2018",1.4,4.0 and up,,,,,Unknown,,,,
Blood Pressure Monitor,MEDICAL,4.3,17,6.0,10000,Free,0.0,Everyone,Medical,"February 25, 2017",1.0.1,4.4 and up,,,,,Unknown,,,,
BELONG Beating Cancer Together,MEDICAL,4.7,623,20.0,50000,Free,0.0,Teen,Medical,"July 29, 2018",4.0.5,4.3 and up,0.4575368421052632,0.47176315789473683,0.49355263157894735,0.03471052631578947,Positive,30.0,6.0,2.0,38.0
BP Journal - Blood Pressure Diary,MEDICAL,5.0,6,26.0,1000,Free,0.0,Everyone,Medical,"May 25, 2018",1.0.32,4.4 and up,,,,,Unknown,,,,
TelaDoc,MEDICAL,4.7,6,13.0,1000,Free,0.0,Everyone,Medical,"March 31, 2018",1.3.0,5.0 and up,,,,,Unknown,,,,
Blood Pressure - Stay Healthy,MEDICAL,4.6,7,2.7,1000,Free,0.0,Everyone,Medical,"April 16, 2018",43.0,4.0.3 and up,,,,,Unknown,,,,
ConnectLine,MEDICAL,3.1,253,4.2,50000,Free,0.0,Everyone,Medical,"September 12, 2016",1.3.4,2.3.3 and up,0.24327105263157892,0.2053157894736842,0.7126315789473684,0.08202631578947368,Positive,20.0,8.0,10.0,38.0
Club,MEDICAL,4.4,3786,28.0,50000,Free,0.0,Everyone,Medical,"July 16, 2018",4.4.3,4.0.3 and up,,,,,Unknown,,,,
Zen Leaf,MEDICAL,5.0,1,6.1,100,Free,0.0,Mature 17+,Medical,"March 8, 2018",2.3.5,4.1 and up,,,,,Unknown,,,,
Homeopathic Medicine Finder,MEDICAL,3.6,10,15.0,1000,Free,0.0,Everyone,Medical,"November 20, 2017",0.0.1,4.0 and up,,,,,Unknown,,,,
Patient Portal,MEDICAL,2.8,66,1.2,50000,Free,0.0,Everyone,Medical,"October 25, 2016",1.0,4.0.3 and up,,,,,Unknown,,,,
Nemours CareConnect,MEDICAL,4.4,65,37.0,10000,Free,0.0,Everyone,Medical,"April 5, 2018",10.4.1.000_00,4.0.3 and up,,,,,Unknown,,,,
tökr,MEDICAL,4.6,17,14.0,1000,Free,0.0,Everyone,Medical,"July 11, 2018",1.9.0.0,4.1 and up,,,,,Unknown,,,,
Low Blood Pressure Symptoms,MEDICAL,4.2,28,2.3,10000,Free,0.0,Everyone,Medical,"January 20, 2015",1.0,3.0 and up,,,,,Unknown,,,,
Hypertension High blood pressure,MEDICAL,3.8,292,2.7,100000,Free,0.0,Everyone,Medical,"April 16, 2018",43.0,4.0.3 and up,,,,,Unknown,,,,
Fever Care,MEDICAL,3.5,19,2.2,5000,Free,0.0,Everyone,Medical,"May 12, 2018",1.4.15-free,4.0.3 and up,,,,,Unknown,,,,
"Messages, Text and Video Chat for Messenger",SOCIAL,4.4,49173,4.0,10000000,Free,0.0,Everyone,Social,"June 4, 2018",1.24,4.1 and up,,,,,Unknown,,,,
All Social Networks,SOCIAL,4.2,22492,1.5,1000000,Free,0.0,Everyone,Social,"May 21, 2018",2.4.12,4.0 and up,-0.02546176470588235,0.17529411764705882,0.6267058823529412,0.19797058823529412,Negative,15.0,4.0,15.0,34.0
Social network all in one 2018,SOCIAL,4.3,1403,3.7,100000,Free,0.0,Everyone,Social,"January 30, 2018",1.0,4.0 and up,,,,,Unknown,,,,
The Messenger App,SOCIAL,4.4,4919,2.8,1000000,Free,0.0,Everyone,Social,"August 3, 2018",0.1.1,4.1 and up,,,,,Unknown,,,,
Messenger Pro,SOCIAL,4.4,13762,3.9,1000000,Free,0.0,Everyone,Social,"May 9, 2018",1.0.2,4.1 and up,,,,,Unknown,,,,
"Free Messages, Video, Chat,Text for Messenger Plus",SOCIAL,4.3,6086,3.1,1000000,Free,0.0,Teen,Social,"June 14, 2018",1.0.9,4.3 and up,,,,,Unknown,,,,
The Video Messenger App,SOCIAL,4.4,1200,2.8,100000,Free,0.0,Everyone,Social,"August 2, 2018",0.1.1,4.1 and up,,,,,Unknown,,,,
Jodel - The Hyperlocal App,SOCIAL,4.5,76480,20.0,1000000,Free,0.0,Mature 17+,Social,"August 6, 2018",4.95.4,5.0 and up,,,,,Unknown,,,,
Who Viewed My Facebook Profile - Stalkers Visitors,SOCIAL,4.6,271445,9.9,5000000,Free,0.0,Everyone,Social,"June 24, 2018",4.1.1,4.0.3 and up,,,,,Unknown,,,,
"Hide Something - Photo, Video",SOCIAL,4.6,225103,5.3,5000000,Free,0.0,Everyone,Social,"June 13, 2018",5.1.1,4.1 and up,0.4002466666666667,0.35246666666666665,0.5570333333333333,0.0906,Positive,24.0,2.0,4.0,30.0
Love Sticker,SOCIAL,4.6,33177,10.0,1000000,Free,0.0,Everyone,Social,"June 12, 2018",2.1.6,4.0 and up,,,,,Unknown,,,,
Web Browser & Fast Explorer,SOCIAL,4.4,54768,2.6,5000000,Free,0.0,Everyone,Social,"May 16, 2018",3.6.1,4.0.3 and up,,,,,Unknown,,,,
VidStatus app - Status Videos & Status Downloader,SOCIAL,4.5,25562,31.0,5000000,Free,0.0,Teen,Social,"August 2, 2018",2.6.10,4.1 and up,,,,,Unknown,,,,
Love Images,SOCIAL,4.3,16404,2.3,1000000,Free,0.0,Everyone,Social,"June 24, 2018",1.6,2.3 and up,,,,,Unknown,,,,
Web Browser ( Fast & Secure Web Explorer),SOCIAL,4.4,2508,6.0,500000,Free,0.0,Everyone,Social,"November 20, 2017",2.0.1,4.0.3 and up,,,,,Unknown,,,,
SPARK - Live random video chat & meet new people,SOCIAL,4.6,79658,17.0,5000000,Free,0.0,Mature 17+,Social,"August 6, 2018",2.1.3.2,4.3 and up,,,,,Unknown,,,,
Golden telegram,SOCIAL,4.3,374,20.0,50000,Free,0.0,Everyone,Social,"July 30, 2018",T4.6.5-tl2.0.1,4.1 and up,,,,,Unknown,,,,
Amino: Communities and Chats,SOCIAL,4.8,1259075,62.0,10000000,Free,0.0,Teen,Social,"July 20, 2018",1.8.19179,4.0.3 and up,0.2535685714285714,0.22902857142857144,0.6255142857142857,0.14545714285714287,Positive,23.0,2.0,10.0,35.0
Meet – Talk to Strangers Using Random Video Chat,SOCIAL,4.6,60562,15.0,5000000,Free,0.0,Mature 17+,Social,"August 6, 2018",1.3.2,4.3 and up,,,,,Unknown,,,,
"💘 WhatsLov: Smileys of love, stickers and GIF",SOCIAL,4.6,22098,18.0,1000000,Free,0.0,Everyone,Social,"July 24, 2018",4.2.4,4.0.3 and up,,,,,Unknown,,,,
Phone Tracker : Family Locator,SOCIAL,4.3,231325,5.4,10000000,Free,0.0,Everyone,Social,"August 2, 2018",4.81,4.0 and up,,,,,Unknown,,,,
HTC Social Plugin - Facebook,SOCIAL,3.6,13223,2.8,10000000,Free,0.0,Mature 17+,Social,"June 8, 2016",8.00.752746,4.4 and up,-0.23091538461538463,0.1227948717948718,0.660923076923077,0.2162820512820513,Negative,14.0,0.0,25.0,39.0
Periscope - Live Video,SOCIAL,4.0,479908,15.0,10000000,Free,0.0,Mature 17+,Social,"July 9, 2018",1.23.3.0,4.4 and up,,,,,Unknown,,,,
Kate Mobile for VK,SOCIAL,4.4,540930,5.3,10000000,Free,0.0,Teen,Social,"July 23, 2018",50.2 lite,2.2 and up,,,,,Unknown,,,,
Moment,SOCIAL,4.5,19583,37.0,1000000,Free,0.0,Teen,Social,"August 1, 2018",5.2.1,4.4 and up,,,,,Unknown,,,,
Meetup,SOCIAL,4.2,79129,23.0,5000000,Free,0.0,Teen,Social,"August 2, 2018",3.10.26,4.4 and up,,,,,Unknown,,,,
textPlus: Free Text & Calls,SOCIAL,4.1,382120,28.0,10000000,Free,0.0,Everyone,Social,"July 26, 2018",7.3.1,4.1 and up,,,,,Unknown,,,,
"Free phone calls, free texting SMS on free number",SOCIAL,4.5,412725,35.0,10000000,Free,0.0,Everyone,Social,"July 31, 2018",3.8.1,4.1 and up,0.4554416666666667,0.36783333333333335,0.5469722222222222,0.08522222222222223,Positive,27.0,2.0,7.0,36.0
MeetMe: Chat & Meet New People,SOCIAL,4.2,1259849,76.0,50000000,Free,0.0,Mature 17+,Social,"August 3, 2018",Varies with device,4.1 and up,,,,,Unknown,,,,
"ooVoo Video Calls, Messaging & Stories",SOCIAL,4.3,1157004,34.0,50000000,Free,0.0,Everyone,Social,"October 16, 2017",4.2.1,4.3 and up,,,,,Unknown,,,,
Blogger,SOCIAL,3.7,138026,2.7,5000000,Free,0.0,Mature 17+,Social,"February 29, 2016",2.1.3,2.1 and up,0.5079868421052631,0.248,0.6581315789473684,0.09386842105263159,Positive,30.0,1.0,7.0,38.0
Blogaway for Android (Blogger),SOCIAL,3.7,4253,4.1,100000,Free,0.0,Teen,Social,"May 31, 2018",7.0.7,4.0.3 and up,0.34526666666666667,0.2737222222222222,0.6736666666666666,0.052611111111111115,Positive,23.0,9.0,4.0,36.0
YouNow: Live Stream Video Chat,SOCIAL,4.1,309872,85.0,10000000,Free,0.0,Teen,Social,"August 3, 2018",14.0.13,4.1 and up,,,,,Unknown,,,,
Mirrativ: Live Stream Any App,SOCIAL,4.1,17955,89.0,500000,Free,0.0,Teen,Social,"August 2, 2018",7.23.4,4.1 and up,,,,,Unknown,,,,
Nextdoor - Local neighborhood news & classifieds,SOCIAL,4.3,51502,20.0,5000000,Free,0.0,Teen,Social,"July 25, 2018",2.69,5.0 and up,,,,,Unknown,,,,
Banjo,SOCIAL,4.2,58341,9.3,1000000,Free,0.0,Everyone,Social,"July 25, 2015",4.6.2.0,2.3 and up,0.342548717948718,0.2302307692307692,0.6994358974358974,0.07030769230769231,Positive,24.0,6.0,9.0,39.0
Timehop,SOCIAL,4.1,161610,16.0,5000000,Free,0.0,Teen,Social,"August 5, 2018",4.5.3,4.1 and up,,,,,Unknown,,,,
Couple - Relationship App,SOCIAL,4.0,33249,8.4,1000000,Free,0.0,Everyone,Social,"March 5, 2015",1.8.0,2.3 and up,0.8994086956521739,0.32917391304347826,0.631695652173913,0.03904347826086957,Positive,22.0,1.0,0.0,23.0
LOVOO,SOCIAL,4.0,852455,68.0,10000000,Free,0.0,Mature 17+,Social,"August 3, 2018",27.0,4.2 and up,,,,,Unknown,,,,
"Jaumo Dating, Flirt & Live Video",SOCIAL,4.4,900064,13.0,10000000,Free,0.0,Mature 17+,Social,"July 31, 2018",4.17.2,4.1 and up,,,,,Unknown,,,,
Patook - make platonic friends,SOCIAL,4.0,3677,50.0,100000,Free,0.0,Mature 17+,Social,"June 21, 2018",10.6.3,5.0 and up,,,,,Unknown,,,,
uCiC- Videos and Photos on demand,SOCIAL,4.0,2052,7.0,100000,Free,0.0,Teen,Social,"September 27, 2017",2.16,4.4 and up,,,,,Unknown,,,,
"Mico- Stranger Chat Random video Chat, Live, Meet",SOCIAL,4.4,624557,56.0,10000000,Free,0.0,Mature 17+,Social,"July 27, 2018",5.4.7.1,4.3 and up,,,,,Unknown,,,,
Amazon for Tablets,SHOPPING,4.0,141613,22.0,10000000,Free,0.0,Teen,Shopping,"July 31, 2018",16.14.0.850,4.4 and up,0.09555,0.18925,0.70875,0.10205,Positive,10.0,3.0,7.0,20.0
Wish - Shopping Made Fun,SHOPPING,4.5,6210998,15.0,100000000,Free,0.0,Everyone,Shopping,"August 3, 2018",4.20.5,4.1 and up,,,,,Unknown,,,,
Shopee - No. 1 Online Shopping,SHOPPING,4.3,94294,30.0,10000000,Free,0.0,Everyone,Shopping,"July 23, 2018",2.25.17,4.1 and up,,,,,Unknown,,,,
Shopee: No.1 Online Shopping,SHOPPING,4.2,608753,30.0,10000000,Free,0.0,Everyone,Shopping,"July 23, 2018",2.25.17,4.1 and up,,,,,Unknown,,,,
Kroger,SHOPPING,4.3,38961,27.0,5000000,Free,0.0,Everyone,Shopping,"August 2, 2018",14.2.1,5.0 and up,,,,,Unknown,,,,
"letgo: Buy & Sell Used Stuff, Cars & Real Estate",SHOPPING,4.5,973270,20.0,50000000,Free,0.0,Teen,Shopping,"August 6, 2018",2.4.9,4.1 and up,,,,,Unknown,,,,
Amazon Shopping,SHOPPING,4.3,909226,42.0,100000000,Free,0.0,Teen,Shopping,"July 31, 2018",16.14.0.100,4.4 and up,0.22565555555555555,0.3257111111111111,0.5694222222222222,0.10497777777777778,Positive,25.0,8.0,12.0,45.0
OLX - Buy and Sell,SHOPPING,4.2,857923,18.0,50000000,Free,0.0,Everyone,Shopping,"July 31, 2018",11.7.3.0,4.1 and up,,,,,Unknown,,,,
The wall,SHOPPING,4.4,35563,4.2,1000000,Free,0.0,Everyone,Shopping,"July 23, 2018",10.2.1,4.1 and up,,,,,Unknown,,,,
"Shrimp skin shopping: spend less, buy better",SHOPPING,4.2,106798,30.0,5000000,Free,0.0,Everyone,Shopping,"July 23, 2018",2.25.17,4.1 and up,,,,,Unknown,,,,
Lotte Home Shopping LOTTE Homeshopping,SHOPPING,3.6,8820,33.0,5000000,Free,0.0,Everyone,Shopping,"July 25, 2018",3.0.5,4.0.3 and up,,,,,Unknown,,,,
"Horn, free country requirements",SHOPPING,4.5,37186,7.9,1000000,Free,0.0,Everyone,Shopping,"June 30, 2018",3.4.5,4.0 and up,,,,,Unknown,,,,
Jiji.ng,SHOPPING,4.4,25714,12.0,1000000,Free,0.0,Everyone,Shopping,"July 24, 2018",3.8.2.2,4.0.3 and up,,,,,Unknown,,,,
GS SHOP,SHOPPING,3.8,44255,15.0,10000000,Free,0.0,Everyone,Shopping,"August 3, 2018",6.0.4,4.1 and up,0.36699473684210526,0.4548947368421053,0.5125526315789474,0.03255263157894737,Positive,26.0,9.0,3.0,38.0
CJmall,SHOPPING,3.6,18252,10.0,10000000,Free,0.0,Everyone,Shopping,"August 6, 2018",6.3.8,4.1 and up,,,,,Unknown,,,,
Home & Shopping - Only in apps. 10% off + 10% off,SHOPPING,4.2,42750,9.9,10000000,Free,0.0,Everyone,Shopping,"August 4, 2018",2.8.7,4.1 and up,,,,,Unknown,,,,
EHS Dongsen Shopping,SHOPPING,3.6,3656,9.0,1000000,Free,0.0,Teen,Shopping,"August 3, 2018",4.16.2,4.1 and up,,,,,Unknown,,,,
Bukalapak - Buy and Sell Online,SHOPPING,4.4,662287,21.0,10000000,Free,0.0,Everyone,Shopping,"August 3, 2018",4.26.7,4.1 and up,,,,,Unknown,,,,
Life market,SHOPPING,4.5,30834,13.0,1000000,Free,0.0,Everyone,Shopping,"July 17, 2018",3.2.6,4.0.3 and up,,,,,Unknown,,,,
Jabong Online Shopping App,SHOPPING,4.1,367290,11.0,10000000,Free,0.0,Everyone,Shopping,"July 20, 2018",4.9.3,4.0.3 and up,,,,,Unknown,,,,
Family Dollar,SHOPPING,4.3,2588,21.0,1000000,Free,0.0,Everyone,Shopping,"July 23, 2018",2.4.0,4.1 and up,0.3128542857142857,0.3817142857142857,0.5551714285714286,0.06314285714285714,Positive,25.0,4.0,6.0,35.0
Jumia online shopping,SHOPPING,4.3,162655,8.1,10000000,Free,0.0,Teen,Shopping,"July 10, 2018",4.7.1,4.4 and up,,,,,Unknown,,,,
Blibli.com Online Shopping,SHOPPING,4.2,171584,12.0,10000000,Free,0.0,Everyone,Shopping,"July 26, 2018",4.9.5,4.2 and up,,,,,Unknown,,,,
"Club Factory Everything, Unbeaten Price",SHOPPING,4.2,244141,7.3,10000000,Free,0.0,Everyone,Shopping,"August 6, 2018",4.4.5,4.3 and up,,,,,Unknown,,,,
ZALORA Fashion Shopping,SHOPPING,4.2,142512,15.0,10000000,Free,0.0,Everyone,Shopping,"July 25, 2018",6.2.0,4.1 and up,,,,,Unknown,,,,
Magazine Luiza Online Shopping,SHOPPING,4.3,109124,22.0,10000000,Free,0.0,Everyone,Shopping,"August 2, 2018",3.11.1,4.1 and up,,,,,Unknown,,,,
ROMWE - Women's Fashion,SHOPPING,4.6,135043,11.0,10000000,Free,0.0,Everyone,Shopping,"July 30, 2018",4.0.2,4.2 and up,,,,,Unknown,,,,
Buscapé - Offers and discounts,SHOPPING,4.4,108592,8.3,10000000,Free,0.0,Everyone,Shopping,"July 24, 2018",4.7.5,4.1 and up,,,,,Unknown,,,,
11st,SHOPPING,3.8,48732,20.0,10000000,Free,0.0,Everyone,Shopping,"July 31, 2018",7.8.1,4.0 and up,0.1362923076923077,0.3283076923076923,0.5738717948717948,0.09782051282051282,Positive,19.0,7.0,13.0,39.0
Coupang,SHOPPING,4.6,308234,38.0,10000000,Free,0.0,Everyone,Shopping,"August 2, 2018",5.3.0,4.0.3 and up,,,,,Unknown,,,,
Wemep - Special price representative (special / shopping / shopping app / coupon / shipping),SHOPPING,4.5,178497,9.1,10000000,Free,0.0,Everyone,Shopping,"August 2, 2018",4.33.0,4.0.3 and up,,,,,Unknown,,,,
Target - now with Cartwheel,SHOPPING,4.1,68406,24.0,10000000,Free,0.0,Everyone,Shopping,"July 25, 2018",6.25.0+1906001476,5.0 and up,,,,,Unknown,,,,
Chilindo,SHOPPING,3.8,18364,29.0,1000000,Free,0.0,Everyone,Shopping,"August 4, 2018",29.14,4.2 and up,,,,,Unknown,,,,
"Jingdong - pick good things, go to Jingdong",SHOPPING,3.3,9189,98.0,1000000,Free,0.0,Teen,Shopping,"August 1, 2018",7.0.14,4.0 and up,,,,,Unknown,,,,
CheckPoints 🏆 Rewards App,SHOPPING,4.1,23187,25.0,1000000,Free,0.0,Everyone,Shopping,"June 21, 2018",4.89,4.3 and up,0.4271375,0.423925,0.536225,0.039825,Positive,29.0,6.0,5.0,40.0
SnipSnap Coupon App,SHOPPING,4.2,9975,18.0,1000000,Free,0.0,Everyone,Shopping,"January 22, 2018",1.4,4.3 and up,,,,,Unknown,,,,
Coupon Sherpa,SHOPPING,4.4,7793,6.1,500000,Free,0.0,Everyone,Shopping,"February 6, 2018",3.0.3,4.0.3 and up,,,,,Unknown,,,,
Gyft - Mobile Gift Card Wallet,SHOPPING,4.1,9701,14.0,500000,Free,0.0,Everyone,Shopping,"July 25, 2018",2.4.0,4.4 and up,0.18133,0.20265000000000002,0.671275,0.12605000000000002,Positive,63.0,9.0,48.0,120.0
SavingStar - Grocery Coupons,SHOPPING,4.2,31519,21.0,1000000,Free,0.0,Everyone,Shopping,"June 12, 2018",4.9.1,4.0 and up,,,,,Unknown,,,,
"Shopkick: Free Gift Cards, Shop Rewards & Deals",SHOPPING,4.3,213735,43.0,10000000,Free,0.0,Everyone,Shopping,"July 24, 2018",5.3.73,4.4 and up,,,,,Unknown,,,,
Key Ring: Cards Coupon & Sales,SHOPPING,4.1,42871,23.0,1000000,Free,0.0,Everyone,Shopping,"July 27, 2018",8.9.1,4.1 and up,,,,,Unknown,,,,
"Ibotta: Cash Back Savings, Rewards & Coupons App",SHOPPING,4.5,315908,52.0,10000000,Free,0.0,Everyone,Shopping,"August 1, 2018",5.21.1,4.1 and up,,,,,Unknown,,,,
"Kohl's: Scan, Shop, Pay & Save",SHOPPING,4.5,79261,57.0,5000000,Free,0.0,Everyone,Shopping,"August 3, 2018",7.36,4.4 and up,,,,,Unknown,,,,
Stocard - Rewards Cards Wallet,SHOPPING,4.6,284725,20.0,10000000,Free,0.0,Everyone,Shopping,"July 31, 2018",7.2.1,4.1 and up,,,,,Unknown,,,,
Nike,SHOPPING,4.7,67071,40.0,1000000,Free,0.0,Everyone,Shopping,"August 1, 2018",2.24.0,4.4 and up,,,,,Unknown,,,,
Poshmark - Buy & Sell Fashion,SHOPPING,4.3,46153,17.0,10000000,Free,0.0,Everyone,Shopping,"August 4, 2018",2.124.01,4.4 and up,,,,,Unknown,,,,
Mercari: The Selling App,SHOPPING,4.4,101883,13.0,10000000,Free,0.0,Everyone,Shopping,"August 3, 2018",6.9.2,5.0 and up,,,,,Unknown,,,,
Blidz - Hunt Free Deals On Trending Items!,SHOPPING,4.4,1659,33.0,50000,Free,0.0,Everyone,Shopping,"June 29, 2018",2.4.0,4.4 and up,,,,,Unknown,,,,
LivingSocial - Local Deals,SHOPPING,4.1,28523,29.0,5000000,Free,0.0,Everyone,Shopping,"August 3, 2018",18.10.157066,4.4 and up,,,,,Unknown,,,,
"Ebates: Cash Back, Coupons, Rewards & Savings",SHOPPING,4.5,37253,31.0,1000000,Free,0.0,Everyone,Shopping,"August 3, 2018",4.31.2,4.4 and up,0.4234210526315789,0.3136052631578947,0.607421052631579,0.07894736842105263,Positive,27.0,4.0,7.0,38.0
Ratings by Consumer Reports,SHOPPING,4.3,3420,13.0,100000,Free,0.0,Everyone,Shopping,"February 27, 2018",2.3.2,4.1 and up,,,,,Unknown,,,,
HauteLook,SHOPPING,4.1,7193,7.3,500000,Free,0.0,Everyone,Shopping,"July 13, 2018",5.0.2,4.4 and up,0.2614212121212121,0.3613636363636364,0.5372121212121213,0.1013939393939394,Positive,22.0,2.0,9.0,33.0
Nordstrom,SHOPPING,4.6,2278,12.0,500000,Free,0.0,Everyone,Shopping,"July 15, 2018",3.28.1.3.1359,4.4 and up,,,,,Unknown,,,,
Modcloth – Unique Indie Women's Fashion & Style,SHOPPING,4.2,5121,8.8,500000,Free,0.0,Everyone,Shopping,"July 13, 2018",9.0.30,4.1 and up,,,,,Unknown,,,,
Fancy,SHOPPING,4.2,39735,18.0,5000000,Free,0.0,Teen,Shopping,"July 25, 2018",3.13.09,4.0 and up,,,,,Unknown,,,,
"Twice: Buy, Sell Clothing",SHOPPING,4.2,1558,21.0,100000,Free,0.0,Everyone,Shopping,"July 29, 2015",1.2.12,2.3 and up,,,,,Unknown,,,,
Slice: Package Tracker,SHOPPING,4.2,16966,34.0,1000000,Free,0.0,Everyone,Shopping,"July 12, 2018",6.10.0,4.0.3 and up,,,,,Unknown,,,,
LightInTheBox Online Shopping,SHOPPING,4.0,41986,26.0,5000000,Free,0.0,Teen,Shopping,"August 6, 2018",3.69.0,4.1 and up,,,,,Unknown,,,,
Best Buy,SHOPPING,4.4,186116,34.0,5000000,Free,0.0,Everyone,Shopping,"August 3, 2018",11.6.0,4.4 and up,,,,,Unknown,,,,
JackThreads: Men's Shopping,SHOPPING,4.0,13085,2.7,1000000,Free,0.0,Teen,Shopping,"November 8, 2017",5.1,4.0.3 and up,,,,,Unknown,,,,
Zappos – Shoe shopping made simple,SHOPPING,4.5,44588,20.0,5000000,Free,0.0,Everyone,Shopping,"July 12, 2018",9.0.0,4.4 and up,,,,,Unknown,,,,
Urban Outfitters,SHOPPING,4.2,4158,23.0,500000,Free,0.0,Teen,Shopping,"July 2, 2018",2.8,4.0.3 and up,,,,,Unknown,,,,
Shopfully - Weekly Ads & Deals,SHOPPING,4.4,279428,16.0,10000000,Free,0.0,Everyone,Shopping,"August 3, 2018",6.4.2,4.4 and up,,,,,Unknown,,,,
Slickdeals: Coupons & Shopping,SHOPPING,4.5,33583,12.0,1000000,Free,0.0,Everyone,Shopping,"July 30, 2018",3.9,4.4 and up,,,,,Unknown,,,,
Wanelo Shopping,SHOPPING,4.6,94205,6.5,1000000,Free,0.0,Everyone,Shopping,"June 13, 2018",5.6.8,4.4 and up,,,,,Unknown,,,,
Etsy: Handmade & Vintage Goods,SHOPPING,4.3,95520,15.0,10000000,Free,0.0,Teen,Shopping,"August 3, 2018",5.3.1,4.1 and up,0.3872871794871795,0.3651794871794872,0.5684358974358974,0.06635897435897437,Positive,56.0,6.0,16.0,78.0
ASOS,SHOPPING,4.7,181798,22.0,10000000,Free,0.0,Everyone,Shopping,"July 30, 2018",4.4.9,4.4 and up,0.5049939393939393,0.3678030303030303,0.556469696969697,0.07568181818181818,Positive,53.0,2.0,11.0,66.0
Find&Save - Local Shopping,SHOPPING,4.0,4602,6.2,500000,Free,0.0,Everyone,Shopping,"December 22, 2017",3.0.0,4.1 and up,0.32386129032258065,0.1965483870967742,0.7014516129032259,0.10206451612903227,Positive,21.0,2.0,8.0,31.0
Receipt Hog - Receipts to Cash,SHOPPING,4.5,72596,19.0,1000000,Free,0.0,Teen,Shopping,"August 3, 2018",4.2.2,4.1 and up,,,,,Unknown,,,,
ShopSavvy Barcode & QR Scanner,SHOPPING,4.1,110425,27.0,10000000,Free,0.0,Everyone,Shopping,"June 18, 2018",13.6.4,4.0.3 and up,,,,,Unknown,,,,
"Savory - Deals,Freebies,Sales",SHOPPING,4.4,2375,1.1,100000,Free,0.0,Everyone,Shopping,"November 2, 2016",3.1,2.3.3 and up,,,,,Unknown,,,,
Newegg Mobile,SHOPPING,4.5,35497,16.0,1000000,Free,0.0,Everyone,Shopping,"July 11, 2018",4.16.0,4.4 and up,,,,,Unknown,,,,
REI – Shop Outdoor Gear,SHOPPING,4.4,3878,8.8,100000,Free,0.0,Everyone,Shopping,"May 8, 2018",5.6.8,4.1 and up,,,,,Unknown,,,,
The Home Depot,SHOPPING,4.3,44071,56.0,5000000,Free,0.0,Everyone,Shopping,"July 19, 2018",5.10,4.4 and up,,,,,Unknown,,,,
La La-Shop Designer Brands Street,SHOPPING,4.5,5123,14.0,500000,Free,0.0,Everyone,Shopping,"July 28, 2018",4.4.4,5.0 and up,,,,,Unknown,,,,
TouchNote: Cards & Gifts,PHOTOGRAPHY,4.1,19232,28.0,1000000,Free,0.0,Everyone,Photography,"August 6, 2018",7.4.2,4.4 and up,,,,,Unknown,,,,
"Shutterfly: Free Prints, Photo Books, Cards, Gifts",PHOTOGRAPHY,4.6,98716,59.0,5000000,Free,0.0,Everyone,Photography,"August 1, 2018",5.13.1,5.0 and up,,,,,Unknown,,,,
FreePrints – Free Photos Delivered,PHOTOGRAPHY,4.8,109500,37.0,1000000,Free,0.0,Everyone,Photography,"August 2, 2018",2.18.2,4.1 and up,0.7374222222222222,0.4057777777777778,0.5731388888888889,0.021055555555555557,Positive,34.0,1.0,1.0,36.0
Groovebook Photo Books & Gifts,PHOTOGRAPHY,4.0,21159,36.0,500000,Free,0.0,Everyone,Photography,"January 31, 2018",2.1.9,4.0.3 and up,0.42320256410256407,0.22605128205128208,0.6681282051282051,0.1058974358974359,Positive,29.0,2.0,8.0,39.0
"Moony Lab - Print Photos, Books & Magnets ™",PHOTOGRAPHY,4.7,1320,9.5,50000,Free,0.0,Everyone,Photography,"June 27, 2018",2.1.9,4.1 and up,,,,,Unknown,,,,
"LALALAB prints your photos, photobooks and magnets",PHOTOGRAPHY,4.7,50424,82.0,1000000,Free,0.0,Everyone,Photography,"August 2, 2018",584,4.1 and up,,,,,Unknown,,,,
Snapfish,PHOTOGRAPHY,4.1,32398,28.0,1000000,Free,0.0,Everyone,Photography,"August 1, 2018",9.6.4,4.4 and up,,,,,Unknown,,,,
HD Camera - Best Cam with filters & panorama,PHOTOGRAPHY,4.5,38953,9.7,5000000,Free,0.0,Everyone,Photography,"July 26, 2018",2.2.4,4.2 and up,0.358225,0.36716666666666664,0.5798333333333333,0.053,Positive,7.0,4.0,1.0,12.0
"Face Filter, Selfie Editor - Sweet Camera",PHOTOGRAPHY,4.7,142634,22.0,10000000,Free,0.0,Everyone,Photography,"July 6, 2018",1.5.1,4.4 and up,0.2206823529411765,0.2684705882352941,0.605764705882353,0.12576470588235295,Positive,9.0,4.0,4.0,17.0
LightX Photo Editor & Photo Effects,PHOTOGRAPHY,4.7,259450,17.0,10000000,Free,0.0,Everyone,Photography,"May 24, 2018",1.0.4,4.1 and up,,,,,Unknown,,,,
HD Camera - Quick Snap Photo & Video,PHOTOGRAPHY,4.5,21841,7.7,1000000,Free,0.0,Everyone,Photography,"July 24, 2018",1.6.4,4.2 and up,0.5073941176470589,0.6761176470588235,0.3238823529411765,0.0,Positive,15.0,2.0,0.0,17.0
Waterfall Photo Frames,PHOTOGRAPHY,4.5,10349,11.0,1000000,Free,0.0,Everyone,Photography,"July 29, 2017",1.6.0,2.3 and up,,,,,Unknown,,,,
Photo frame,PHOTOGRAPHY,4.5,859,21.0,100000,Free,0.0,Everyone,Photography,"July 18, 2018",1.5.1,4.0.3 and up,,,,,Unknown,,,,
Huji Cam,PHOTOGRAPHY,4.4,40289,19.0,5000000,Free,0.0,Everyone,Photography,"July 11, 2018",2.2,5.0 and up,,,,,Unknown,,,,
HD Camera,PHOTOGRAPHY,4.3,49680,8.7,5000000,Free,0.0,Everyone,Photography,"July 11, 2018",1.8.5,4.2 and up,-0.4019,0.0,0.426,0.574,Negative,0.0,0.0,1.0,1.0
Makeup Editor -Beauty Photo Editor & Selfie Camera,PHOTOGRAPHY,4.5,3378,30.0,1000000,Free,0.0,Mature 17+,Photography,"July 25, 2018",1.7,4.1 and up,,,,,Unknown,,,,
Makeup Photo Editor: Makeup Camera & Makeup Editor,PHOTOGRAPHY,4.4,10525,25.0,1000000,Free,0.0,Everyone,Photography,"July 27, 2018",8.9.9,4.0 and up,,,,,Unknown,,,,
Moto Photo Editor,PHOTOGRAPHY,3.3,3492,17.0,5000000,Free,0.0,Everyone,Photography,"June 14, 2018",1.5.3.8,7.0 and up,,,,,Unknown,,,,
Garden Photo Frames - Garden Photo Editor,PHOTOGRAPHY,4.4,1864,13.0,500000,Free,0.0,Everyone,Photography,"May 3, 2018",22.0,4.0.3 and up,0.28313589743589745,0.4266666666666667,0.5126666666666667,0.06066666666666667,Positive,24.0,11.0,4.0,39.0
Photo Frame,PHOTOGRAPHY,4.5,74476,23.0,10000000,Free,0.0,Everyone,Photography,"June 19, 2018",1.6,4.0 and up,,,,,Unknown,,,,
"Sweet Snap Lite - live filter, Selfie photo editor",PHOTOGRAPHY,4.5,3116,22.0,500000,Free,0.0,Everyone,Photography,"August 3, 2018",2.15.180,4.0.3 and up,,,,,Unknown,,,,
"Selfie Camera: Beauty Camera, Photo Editor,Collage",PHOTOGRAPHY,4.7,31985,9.1,1000000,Free,0.0,Everyone,Photography,"August 6, 2018",1.7.14,4.2 and up,,,,,Unknown,,,,
Night Photo Frame,PHOTOGRAPHY,4.5,4400,8.3,1000000,Free,0.0,Everyone,Photography,"July 28, 2018",2.0.1,4.0.3 and up,,,,,Unknown,,,,
Selfie Photo Editor,PHOTOGRAPHY,4.6,11677,19.0,1000000,Free,0.0,Everyone,Photography,"July 5, 2018",1.0.3,4.4 and up,,,,,Unknown,,,,
BeautyPlus - Easy Photo Editor & Selfie Camera,PHOTOGRAPHY,4.4,3158047,53.0,100000000,Free,0.0,Everyone,Photography,"July 31, 2018",6.9.031,4.1 and up,0.32415,0.41300000000000003,0.587,0.0,Neutral,2.0,2.0,0.0,4.0
My Photo Keyboard,PHOTOGRAPHY,4.3,56114,17.0,10000000,Free,0.0,Everyone,Photography,"July 9, 2018",2.6,2.3 and up,,,,,Unknown,,,,
Kids Photo Frames,PHOTOGRAPHY,4.6,15700,10.0,1000000,Free,0.0,Everyone,Photography,"July 7, 2018",2.3,4.0.3 and up,,,,,Unknown,,,,
"Pretty Makeup, Beauty Photo Editor & Snappy Camera",PHOTOGRAPHY,4.5,26361,29.0,5000000,Free,0.0,Everyone,Photography,"July 25, 2018",5.3,4.1 and up,,,,,Unknown,,,,
Photo Collage - Layout Editor,PHOTOGRAPHY,4.5,285788,46.0,10000000,Free,0.0,Everyone,Photography,"December 4, 2017",1.8.0.170824_9,5.0 - 8.0,,,,,Unknown,,,,
DSLR Camera Hd Ultra Professional,PHOTOGRAPHY,4.2,4410,4.5,1000000,Free,0.0,Everyone,Photography,"June 27, 2018",4.1,4.0.3 and up,0.06745526315789474,0.3617368421052632,0.4248157894736842,0.21344736842105264,Positive,19.0,8.0,11.0,38.0
Snap Cat Face Camera,PHOTOGRAPHY,4.0,5855,4.9,1000000,Free,0.0,Everyone,Photography,"July 12, 2018",1.6,2.3 and up,,,,,Unknown,,,,
"Sweet Camera - Selfie Filters, Beauty Camera",PHOTOGRAPHY,4.7,233039,24.0,10000000,Free,0.0,Everyone,Photography,"July 28, 2018",1.5.3,4.4 and up,,,,,Unknown,,,,
Photo Frames,PHOTOGRAPHY,4.3,28578,23.0,10000000,Free,0.0,Everyone,Photography,"July 28, 2018",6.21,4.0 and up,,,,,Unknown,,,,
"Sweet Selfie - selfie camera, beauty cam, photo edit",PHOTOGRAPHY,4.6,1159058,25.0,100000000,Free,0.0,Everyone,Photography,"August 3, 2018",2.73.672,4.0.3 and up,,,,,Unknown,,,,
"Candy selfie - photo editor, live filter camera",PHOTOGRAPHY,4.4,53421,26.0,10000000,Free,0.0,Everyone,Photography,"August 6, 2018",2.74.685,4.0.3 and up,0.3428090909090909,0.5141818181818182,0.4359090909090909,0.04990909090909091,Positive,20.0,11.0,2.0,33.0
Open Camera,PHOTOGRAPHY,4.3,116880,2.0,10000000,Free,0.0,Everyone,Photography,"April 23, 2018",1.43.3,4.0.3 and up,,,,,Unknown,,,,
Beauty Makeup – Photo Makeover,PHOTOGRAPHY,4.3,21730,19.0,1000000,Free,0.0,Everyone,Photography,"May 23, 2018",1.6.0,4.0 and up,,,,,Unknown,,,,
Blur Image Background Editor (Blur Photo Editor),PHOTOGRAPHY,4.4,62421,9.6,5000000,Free,0.0,Everyone,Photography,"July 28, 2018",2.4,4.1 and up,0.2720333333333333,0.3270512820512821,0.5374615384615384,0.13546153846153844,Positive,25.0,4.0,10.0,39.0
Muzy - Share photos & collages,PHOTOGRAPHY,4.4,70189,13.0,5000000,Free,0.0,Teen,Photography,"August 11, 2015",4.0.10,4.0 and up,,,,,Unknown,,,,
QuickPic - Photo Gallery with Google Drive Support,PHOTOGRAPHY,4.6,847159,4.2,10000000,Free,0.0,Everyone,Photography,"November 10, 2017",4.7.4,4.0 and up,,,,,Unknown,,,,
Flickr,PHOTOGRAPHY,4.3,251951,16.0,10000000,Free,0.0,Mature 17+,Photography,"July 11, 2018",4.7.3,4.4 and up,0.3121234375,0.2468125,0.66934375,0.083890625,Positive,37.0,14.0,13.0,64.0
Camera for Android,PHOTOGRAPHY,4.2,240475,9.5,10000000,Free,0.0,Everyone,Photography,"November 22, 2017",3.8,4.0 and up,,,,,Unknown,,,,
Photo Mixer,PHOTOGRAPHY,3.9,55427,6.6,10000000,Free,0.0,Everyone,Photography,"March 25, 2016",5.1,2.3.3 and up,,,,,Unknown,,,,
Wondershare PowerCam,PHOTOGRAPHY,4.2,329160,27.0,10000000,Free,0.0,Everyone,Photography,"May 29, 2018",3.1.8.180529,2.3 and up,,,,,Unknown,,,,
love,PHOTOGRAPHY,4.3,42677,22.0,1000000,Free,0.0,Everyone,Photography,"June 15, 2018",1.28,4.0.3 and up,,,,,Unknown,,,,
InstaSize Photo Filters & Collage Editor,PHOTOGRAPHY,4.3,811693,50.0,50000000,Free,0.0,Everyone,Photography,"August 2, 2018",4.0.26,4.4 and up,,,,,Unknown,,,,
"KVAD Camera +: Selfie, Photo Filter, Grids",PHOTOGRAPHY,4.1,23440,30.0,1000000,Free,0.0,Everyone,Photography,"July 11, 2018",1.8.2,4.0 and up,,,,,Unknown,,,,
Photo Editor,PHOTOGRAPHY,4.3,42079,17.0,1000000,Free,0.0,Everyone,Photography,"September 24, 2015",Varies with device,4.0.3 and up,,,,,Unknown,,,,
Camera51 - a smarter camera,PHOTOGRAPHY,4.0,29707,18.0,1000000,Free,0.0,Everyone,Photography,"February 10, 2015",1.1.6,4.0 and up,,,,,Unknown,,,,
InstaCam - Camera for Selfie,PHOTOGRAPHY,4.0,15098,10.0,1000000,Free,0.0,Everyone,Photography,"March 3, 2017",1.43,2.3 and up,,,,,Unknown,,,,
"Phogy, 3D Camera",PHOTOGRAPHY,4.0,35724,9.9,1000000,Free,0.0,Everyone,Photography,"February 11, 2015",1.40,4.0 and up,,,,,Unknown,,,,
Sweet Camera,PHOTOGRAPHY,4.4,71898,23.0,5000000,Free,0.0,Everyone,Photography,"October 10, 2017",6.1.7.100920,4.0.3 and up,,,,,Unknown,,,,
Camera360: Selfie Photo Editor with Funny Sticker,PHOTOGRAPHY,4.3,4865093,51.0,100000000,Free,0.0,Everyone,Photography,"August 6, 2018",9.3.1,4.0.3 and up,,,,,Unknown,,,,
RetroSelfie - Selfie Editor,PHOTOGRAPHY,4.1,106080,35.0,10000000,Free,0.0,Everyone,Photography,"June 27, 2018",6.1.6,4.1 and up,,,,,Unknown,,,,
Mega Photo,PHOTOGRAPHY,4.2,44941,16.0,1000000,Free,0.0,Everyone,Photography,"October 19, 2016",1.6.2,3.0 and up,,,,,Unknown,,,,
Blur Image Background,PHOTOGRAPHY,3.9,129272,11.0,10000000,Free,0.0,Everyone,Photography,"July 30, 2018",1.32,4.1 and up,0.3529818181818182,0.7506363636363637,0.17745454545454545,0.07190909090909091,Positive,9.0,1.0,1.0,11.0
MIX by Camera360,PHOTOGRAPHY,4.4,111066,74.0,5000000,Free,0.0,Everyone,Photography,"August 3, 2018",4.8.7,4.0.3 and up,,,,,Unknown,,,,
Facetune - For Free,PHOTOGRAPHY,4.4,49553,48.0,1000000,Paid,5.99,Everyone,Photography,"July 25, 2018",1.3.1,4.1 and up,,,,,Unknown,,,,
Camera FV-5 Lite,PHOTOGRAPHY,4.0,130081,5.6,10000000,Free,0.0,Everyone,Photography,"November 10, 2017",3.31.4,4.0 and up,,,,,Unknown,,,,
HD Camera Ultra,PHOTOGRAPHY,4.3,462152,1.5,10000000,Free,0.0,Everyone,Photography,"October 17, 2015",2.3.1,Varies with device,0.1948888888888889,0.1928888888888889,0.6851666666666667,0.12194444444444444,Positive,10.0,1.0,7.0,18.0
Cameringo Lite. Filters Camera,PHOTOGRAPHY,4.2,140917,5.7,10000000,Free,0.0,Everyone,Photography,"June 11, 2018",2.2.93,4.0 and up,0.5262,0.7143333333333334,0.2856666666666667,0.0,Positive,8.0,1.0,0.0,9.0
Camera ZOOM FX - FREE,PHOTOGRAPHY,4.0,88860,6.1,5000000,Free,0.0,Everyone,Photography,"April 6, 2017",6.2.9,2.3 and up,,,,,Unknown,,,,
HD Camera Pro for Android,PHOTOGRAPHY,4.1,49211,1.9,1000000,Free,0.0,Everyone,Photography,"January 19, 2017",1.5.5,2.1 and up,0.2345176470588235,0.35205882352941176,0.5031764705882353,0.14470588235294118,Positive,10.0,3.0,4.0,17.0
HD Camera for Android,PHOTOGRAPHY,4.1,351254,4.0,10000000,Free,0.0,Everyone,Photography,"June 29, 2018",4.6.0.0,4.2 and up,0.4528653846153846,0.5556730769230769,0.4170384615384615,0.02728846153846154,Positive,42.0,8.0,2.0,52.0
GoPro (formerly Capture),PHOTOGRAPHY,4.0,157506,47.0,10000000,Free,0.0,Everyone,Photography,"May 24, 2018",4.5.2,5.0 and up,0.08044871794871795,0.15566666666666665,0.7045128205128205,0.13987179487179488,Positive,21.0,2.0,16.0,39.0
Samsung SMART CAMERA App,PHOTOGRAPHY,4.0,34753,22.0,1000000,Free,0.0,Everyone,Photography,"July 3, 2018",1.4.0_180703,4.2 and up,,,,,Unknown,,,,
Square InPic - Photo Editor & Collage Maker,PHOTOGRAPHY,4.4,635846,14.0,50000000,Free,0.0,Everyone,Photography,"May 23, 2018",4.2.14,4.0 and up,,,,,Unknown,,,,
"High-Speed Camera (GIF,Burst)",PHOTOGRAPHY,4.1,78140,10.0,5000000,Free,0.0,Everyone,Photography,"February 11, 2018",5.5.2,4.0.3 and up,0.35854074074074077,0.48992592592592593,0.40011111111111114,0.10996296296296297,Positive,22.0,2.0,3.0,27.0
Lapse It • Time Lapse • Pro,PHOTOGRAPHY,4.3,12865,6.9,100000,Paid,2.99,Everyone,Photography,"November 6, 2014",4.70,2.2 and up,,,,,Unknown,,,,
EyeEm - Camera & Photo Filter,PHOTOGRAPHY,4.2,215343,44.0,10000000,Free,0.0,Everyone,Photography,"July 14, 2018",6.4.3,4.0.3 and up,0.4909162162162162,0.4027297297297297,0.54,0.05727027027027026,Positive,28.0,5.0,4.0,37.0
PhotoWonder: Pro Beauty Photo Editor Collage Maker,PHOTOGRAPHY,4.4,852649,43.0,50000000,Free,0.0,Teen,Photography,"June 26, 2018",4.1.0.1,4.2 and up,,,,,Unknown,,,,
Photo Effects Pro,PHOTOGRAPHY,4.4,1494491,21.0,50000000,Free,0.0,Everyone,Photography,"March 21, 2017",3.3.8,3.1 and up,,,,,Unknown,,,,
No Crop & Square for Instagram,PHOTOGRAPHY,4.6,819774,25.0,10000000,Free,0.0,Everyone,Photography,"June 26, 2018",4.2.3,4.0 and up,,,,,Unknown,,,,
Picture Grid Builder,PHOTOGRAPHY,4.0,33439,3.9,5000000,Free,0.0,Everyone,Photography,"July 18, 2016",3.2,2.3.3 and up,,,,,Unknown,,,,
Photo Studio,PHOTOGRAPHY,4.2,477831,51.0,10000000,Free,0.0,Everyone,Photography,"July 28, 2018",2.0.17.9,4.0 and up,,,,,Unknown,,,,
FilterGrid - Cam&Photo Editor,PHOTOGRAPHY,4.6,126337,9.6,1000000,Free,0.0,Everyone,Photography,"March 15, 2017",2.0.5,4.0 and up,0.14670857142857144,0.17754285714285714,0.6936285714285715,0.12882857142857143,Positive,19.0,5.0,11.0,35.0
Pic Stitch - #1 Collage Maker,PHOTOGRAPHY,4.2,15426,50.0,1000000,Free,0.0,Everyone,Photography,"July 24, 2018",3.8.3,5.1 and up,,,,,Unknown,,,,
Photo Editor by Aviary,PHOTOGRAPHY,4.4,1490732,21.0,50000000,Free,0.0,Everyone,Photography,"July 19, 2018",4.8.4,4.1 and up,,,,,Unknown,,,,
Pixlr – Free Photo Editor,PHOTOGRAPHY,4.4,1163232,31.0,50000000,Free,0.0,Everyone,Photography,"July 20, 2018",3.4.0,4.0.3 and up,,,,,Unknown,,,,
PicsArt Photo Studio: Collage Maker & Pic Editor,PHOTOGRAPHY,4.5,7594559,34.0,100000000,Free,0.0,Teen,Photography,"August 6, 2018",9.40.3,4.0.3 and up,,,,,Unknown,,,,
Color Touch Effects,PHOTOGRAPHY,3.8,167652,12.0,10000000,Free,0.0,Everyone,Photography,"April 23, 2018",4.5,4.1 and up,0.21682631578947367,0.3766052631578947,0.45239473684210524,0.1709736842105263,Positive,22.0,7.0,9.0,38.0
"Z Camera - Photo Editor, Beauty Selfie, Collage",PHOTOGRAPHY,4.4,1075277,47.0,100000000,Free,0.0,Mature 17+,Photography,"August 3, 2018",4.21,4.1 and up,,,,,Unknown,,,,
Pixgram- video photo slideshow,PHOTOGRAPHY,4.2,93726,9.2,5000000,Free,0.0,Everyone,Photography,"July 8, 2018",2.0.18,4.3 and up,,,,,Unknown,,,,
Font Studio- Photo Texts Image,PHOTOGRAPHY,4.2,197295,24.0,10000000,Free,0.0,Everyone,Photography,"June 23, 2017",4.0.7,4.0 and up,0.20623823529411767,0.17573529411764705,0.694264705882353,0.1298529411764706,Positive,21.0,1.0,12.0,34.0
Add Text To Photo,PHOTOGRAPHY,4.1,21578,1.6,1000000,Free,0.0,Everyone,Photography,"September 8, 2017",1.1.3,2.3 and up,0.4187058823529412,0.3232941176470588,0.5860294117647059,0.0906764705882353,Positive,26.0,4.0,4.0,34.0
Phonto - Text on Photos,PHOTOGRAPHY,4.3,307453,17.0,10000000,Free,0.0,Everyone,Photography,"October 26, 2017",1.7.16,4.0.3 and up,,,,,Unknown,,,,
Collage&Add Stickers papelook,PHOTOGRAPHY,4.0,32896,31.0,5000000,Free,0.0,Everyone,Photography,"March 14, 2018",3.3.5,2.3.3 and up,,,,,Unknown,,,,
Photo Collage - InstaMag,PHOTOGRAPHY,4.3,542561,46.0,10000000,Free,0.0,Everyone,Photography,"January 2, 2018",4.7.0,4.0 and up,,,,,Unknown,,,,
"Meitu – Beauty Cam, Easy Photo Editor",PHOTOGRAPHY,4.5,462702,45.0,10000000,Free,0.0,Everyone,Photography,"August 1, 2018",8.1.0.6,4.3 and up,,,,,Unknown,,,,
Free Sports TV,SPORTS,4.3,1802,9.8,100000,Free,0.0,Everyone,Sports,"June 21, 2018",1.4,4.0.3 and up,0.279825925925926,0.28440740740740744,0.5551111111111111,0.16048148148148147,Positive,19.0,2.0,6.0,27.0
"theScore: Live Sports Scores, News, Stats & Videos",SPORTS,4.4,133825,34.0,10000000,Free,0.0,Everyone 10+,Sports,"July 25, 2018",6.17.2,4.4 and up,,,,,Unknown,,,,
Onefootball - Soccer Scores,SPORTS,4.7,911995,20.0,10000000,Free,0.0,Everyone,Sports,"August 1, 2018",10.8.1.330,4.4 and up,,,,,Unknown,,,,
Cristiano Ronaldo Wallpaper,SPORTS,4.6,1733,19.0,500000,Free,0.0,Everyone,Sports,"July 17, 2018",2.1,4.1 and up,,,,,Unknown,,,,
"FIFA - Tournaments, Soccer News & Live Scores",SPORTS,4.2,342909,6.0,10000000,Free,0.0,Everyone,Sports,"August 3, 2018",4.3.1,4.4 and up,0.17123846153846153,0.18287179487179486,0.7305384615384616,0.08661538461538461,Positive,40.0,16.0,22.0,78.0
kicker football news,SPORTS,4.3,56270,15.0,5000000,Free,0.0,Everyone,Sports,"August 3, 2018",5.4.2,5.0 and up,,,,,Unknown,,,,
Football Live Scores,SPORTS,4.5,107724,6.5,5000000,Free,0.0,Everyone,Sports,"July 31, 2018",1004.0,4.0 and up,0.531514705882353,0.5173823529411765,0.4394411764705883,0.04314705882352941,Positive,31.0,2.0,1.0,34.0
Pro 2018 - Series A and B,SPORTS,4.6,101455,6.2,5000000,Free,0.0,Everyone,Sports,"August 3, 2018",2.24.2.0,4.0.3 and up,,,,,Unknown,,,,
MARCA - Sports Leader Diary,SPORTS,3.9,76346,14.0,5000000,Free,0.0,Everyone,Sports,"July 25, 2018",6.3.3,4.1 and up,,,,,Unknown,,,,
"Foot Mercato: transfers, results, news, live",SPORTS,4.3,39878,6.1,1000000,Free,0.0,Everyone,Sports,"July 28, 2018",3.6.7,4.1 and up,,,,,Unknown,,,,
All Football - Latest News & Videos,SPORTS,4.6,152867,17.0,10000000,Free,0.0,Everyone,Sports,"August 3, 2018",3.0.5,4.1 and up,0.5394375,0.47828125,0.4883125,0.03340625,Positive,27.0,2.0,3.0,32.0
Premier League - Official App,SPORTS,4.3,63580,24.0,5000000,Free,0.0,Everyone,Sports,"July 20, 2018",1.1.5,4.1 and up,,,,,Unknown,,,,
beIN SPORTS TR,SPORTS,4.0,135763,13.0,10000000,Free,0.0,Everyone,Sports,"August 2, 2018",1.5.13,4.1 and up,,,,,Unknown,,,,
ESPN Fantasy Sports,SPORTS,4.0,176448,10.0,5000000,Free,0.0,Everyone,Sports,"November 21, 2017",5.3.0,4.4 and up,,,,,Unknown,,,,
"All Football GO- Live Score, Games",SPORTS,4.6,1981,10.0,100000,Free,0.0,Everyone,Sports,"June 21, 2018",2.9.9go,4.1 and up,0.4322888888888889,0.6382777777777778,0.3199444444444445,0.041805555555555554,Positive,33.0,1.0,2.0,36.0
Top Mercato: football news,SPORTS,4.3,16016,6.9,1000000,Free,0.0,Everyone,Sports,"January 7, 2016",2.7.0,4.2 and up,,,,,Unknown,,,,
GollerCepte Live Score,SPORTS,4.2,9992,31.0,1000000,Free,0.0,Everyone,Sports,"May 23, 2018",6.5,4.1 and up,,,,,Unknown,,,,
Hovercraft Racer,SPORTS,4.0,218,28.0,100000,Free,0.0,Everyone,Sports,"July 19, 2018",5.0,4.1 and up,,,,,Unknown,,,,
World Cup 2018,SPORTS,4.6,4011,2.6,500000,Free,0.0,Teen,Sports,"July 1, 2018",1.0.16,2.3 and up,,,,,Unknown,,,,
GollerCepte 1903,SPORTS,4.7,25172,30.0,500000,Free,0.0,Everyone,Sports,"May 23, 2018",5.5,4.1 and up,,,,,Unknown,,,,
League18,SPORTS,4.3,14123,13.0,500000,Free,0.0,Everyone,Sports,"August 1, 2018",4.0.0,4.0 and up,,,,,Unknown,,,,
Speed Boat Racing,SPORTS,4.0,2487,27.0,1000000,Free,0.0,Everyone,Sports,"August 3, 2018",12.0,4.0.3 and up,,,,,Unknown,,,,
La Liga - Spanish Soccer League Official,SPORTS,4.5,180938,29.0,10000000,Free,0.0,Everyone,Sports,"July 24, 2018",6.4.8,4.0.3 and up,,,,,Unknown,,,,
Lionel Messi Wallpapers,SPORTS,4.7,950,18.0,100000,Free,0.0,Everyone,Sports,"July 17, 2018",2.6,4.1 and up,,,,,Unknown,,,,
Goal Live Scores,SPORTS,4.4,232423,35.0,5000000,Free,0.0,Everyone,Sports,"June 11, 2018",4.2.2,4.0.3 and up,0.2220075,0.19772499999999998,0.705575,0.096725,Positive,24.0,6.0,10.0,40.0
The 5th Stand,SPORTS,4.8,1664,17.0,100000,Free,0.0,Everyone,Sports,"July 31, 2018",1.2.677,4.4 and up,,,,,Unknown,,,,
U + professional baseball,SPORTS,4.3,2486,18.0,500000,Free,0.0,Everyone,Sports,"July 30, 2018",06.11.00,4.4 and up,,,,,Unknown,,,,
Mercato foot by Maxifoot,SPORTS,4.4,697,3.0,100000,Free,0.0,Everyone,Sports,"March 16, 2017",1.1,4.1 and up,,,,,Unknown,,,,
MLB Ballpark,SPORTS,3.9,5510,32.0,1000000,Free,0.0,Everyone,Sports,"July 16, 2018",7.3.0,4.2 and up,,,,,Unknown,,,,
MUTV - Manchester United TV,SPORTS,4.4,4549,24.0,500000,Free,0.0,Everyone,Sports,"August 1, 2018",2.4.0,4.1 and up,,,,,Unknown,,,,
WatchESPN,SPORTS,4.1,288809,6.6,10000000,Free,0.0,Everyone,Sports,"September 27, 2017",2.5.1,4.4 and up,,,,,Unknown,,,,
CBS Sports Fantasy,SPORTS,4.0,43611,27.0,1000000,Free,0.0,Everyone,Sports,"June 27, 2018",3.17.0+3,5.0 and up,0.26208148148148147,0.402037037037037,0.5112592592592593,0.08670370370370371,Positive,34.0,9.0,11.0,54.0
NBC Sports,SPORTS,3.1,78442,25.0,5000000,Free,0.0,Everyone,Sports,"June 22, 2018",5.12.4,4.1 and up,,,,,Unknown,,,,
NBC Sports Gold,SPORTS,2.9,3017,24.0,100000,Free,0.0,Everyone,Sports,"July 2, 2018",3.7,4.1 and up,,,,,Unknown,,,,
Telemundo Deportes - Live,SPORTS,4.5,36255,25.0,1000000,Free,0.0,Everyone,Sports,"August 1, 2018",5.10.5,4.1 and up,,,,,Unknown,,,,
SwingAid - Level up Golf,SPORTS,4.3,752,33.0,100000,Free,0.0,Everyone,Sports,"July 10, 2018",2.6.3,4.1 and up,,,,,Unknown,,,,
Golf Channel,SPORTS,4.1,19230,88.0,1000000,Free,0.0,Everyone,Sports,"May 30, 2018",4.5.19.56,4.1 and up,-0.075235,0.1065,0.748975,0.144525,Negative,12.0,9.0,19.0,40.0
The Rules of Golf,SPORTS,4.3,926,9.3,100000,Free,0.0,Everyone,Sports,"January 17, 2018",5.9,4.1 and up,,,,,Unknown,,,,
Zepp Golf Swing Analyzer,SPORTS,4.4,2020,84.0,100000,Free,0.0,Everyone,Sports,"May 24, 2018",4.4.0,5.0 and up,,,,,Unknown,,,,
Live Golf Scores - US & European Golf,SPORTS,4.2,798,4.7,50000,Free,0.0,Everyone 10+,Sports,"August 1, 2018",3.5,4.0 and up,,,,,Unknown,,,,
Golfshot: Golf GPS + Tee Times,SPORTS,4.3,7543,25.0,500000,Free,0.0,Everyone,Sports,"July 11, 2018",1.31.0,4.1 and up,0.5274075,0.433825,0.546,0.0202,Positive,70.0,8.0,2.0,80.0
PGA TOUR LIVE,SPORTS,3.4,1845,12.0,100000,Free,0.0,Everyone,Sports,"June 7, 2017",1.3.0,4.2 and up,,,,,Unknown,,,,
Mobitee GPS Golf Free,SPORTS,4.2,1904,9.9,100000,Free,0.0,Everyone,Sports,"June 11, 2018",2.0.22,2.3 and up,,,,,Unknown,,,,
GolfLogix GPS + Putt Breaks,SPORTS,4.0,11085,61.0,1000000,Free,0.0,Everyone,Sports,"June 21, 2018",8.9.3,4.0.3 and up,-0.037092307692307695,0.10192307692307692,0.7737435897435897,0.12423076923076923,Negative,11.0,14.0,14.0,39.0
Golfshot Plus: Golf GPS,SPORTS,4.1,3387,25.0,50000,Paid,29.99,Everyone,Sports,"July 11, 2018",4.18.0,4.1 and up,0.5158050000000001,0.38885000000000003,0.5742,0.03695,Positive,32.0,4.0,4.0,40.0
PGA TOUR,SPORTS,4.0,11151,52.0,1000000,Free,0.0,Everyone,Sports,"June 27, 2018",2018.6,5.0 and up,,,,,Unknown,,,,
FanDuel: Daily Fantasy Sports,SPORTS,4.6,29673,57.0,1000000,Free,0.0,Mature 17+,Sports,"August 6, 2018",2.46.1,5.0 and up,0.5545363636363636,0.39654545454545453,0.586,0.017454545454545455,Positive,8.0,2.0,1.0,11.0
DraftKings - Daily Fantasy Sports,SPORTS,4.5,50017,41.0,1000000,Free,0.0,Adults only 18+,Sports,"July 24, 2018",3.21.324,4.4 and up,0.4891111111111111,0.5311944444444445,0.4169722222222222,0.051833333333333335,Positive,28.0,4.0,4.0,36.0
Fantasy Football Manager (FPL),SPORTS,4.4,63650,4.6,1000000,Free,0.0,Everyone,Sports,"August 3, 2018",7.0.2,4.1 and up,0.40961176470588234,0.4334705882352941,0.4993529411764706,0.0671470588235294,Positive,28.0,3.0,3.0,34.0
Fantasy Football,SPORTS,3.5,50179,23.0,1000000,Free,0.0,Everyone,Sports,"August 2, 2018",2.5.7.1,5.0 and up,0.06884927536231883,0.17,0.7138115942028985,0.11620289855072465,Positive,32.0,16.0,21.0,69.0
US Open Tennis Championships 2018,SPORTS,4.0,9971,33.0,1000000,Free,0.0,Everyone,Sports,"June 5, 2018",7.1,5.0 and up,,,,,Unknown,,,,
Live Tennis Rankings / LTR,SPORTS,4.8,1660,4.7,10000,Free,0.0,Everyone,Sports,"June 5, 2018",3.9,4.0.3 and up,,,,,Unknown,,,,
Tennis Livescore Widget,SPORTS,4.1,361,2.2,50000,Free,0.0,Everyone,Sports,"October 13, 2016",1.0,2.3 and up,,,,,Unknown,,,,
"The Championships, Wimbledon 2018",SPORTS,4.3,24082,95.0,1000000,Free,0.0,Everyone,Sports,"July 4, 2018",6.5,4.4 and up,,,,,Unknown,,,,
Tennis 24 - tennis live scores,SPORTS,4.6,990,9.4,100000,Free,0.0,Everyone,Sports,"July 18, 2018",2.28.1,4.1 and up,,,,,Unknown,,,,
"Yahoo Sports - scores, stats, news, & highlights",SPORTS,4.5,32386,19.0,1000000,Free,0.0,Everyone,Sports,"August 1, 2018",7.8.0,5.1 and up,,,,,Unknown,,,,
Tennis News and Scores,SPORTS,4.3,101,3.9,10000,Free,0.0,Everyone,Sports,"July 15, 2018",5.4,4.1 and up,,,,,Unknown,,,,
MSN Sports - Scores & Schedule,SPORTS,4.5,35394,21.0,500000,Free,0.0,Everyone,Sports,"July 5, 2018",1.2.0,4.2 and up,,,,,Unknown,,,,
"FOX Sports: Live Streaming, Scores & News",SPORTS,4.0,28895,82.0,5000000,Free,0.0,Teen,Sports,"August 2, 2018",4.4.15,5.0 and up,0.3561484848484849,0.402969696969697,0.5497575757575758,0.04727272727272727,Positive,20.0,8.0,5.0,33.0
NCAA March Madness Live,SPORTS,4.1,34123,19.0,5000000,Free,0.0,Everyone,Sports,"March 30, 2018",7.1.0,5.0 and up,,,,,Unknown,,,,
SportsManias Fantasy Team News,SPORTS,3.5,4057,26.0,500000,Free,0.0,Everyone,Sports,"May 10, 2018",3.2.12,4.0.3 and up,,,,,Unknown,,,,
Thuuz Sports,SPORTS,4.5,5517,5.2,500000,Free,0.0,Everyone,Sports,"April 3, 2018",6.9.12,2.3 and up,,,,,Unknown,,,,
NCAA Sports,SPORTS,3.9,4272,16.0,500000,Free,0.0,Everyone,Sports,"April 23, 2018",3.0.13,4.1 and up,,,,,Unknown,,,,
365Scores - Live Scores,SPORTS,4.6,666521,25.0,10000000,Free,0.0,Everyone,Sports,"July 29, 2018",5.5.9,4.1 and up,0.47324285714285713,0.4417142857142857,0.5325714285714286,0.025714285714285714,Positive,6.0,0.0,1.0,7.0
Fantasy Football & NFL News,SPORTS,4.5,2943,8.1,100000,Free,0.0,Everyone,Sports,"May 15, 2018",6.1.3,2.3.3 and up,0.6026411764705882,0.3660882352941176,0.604764705882353,0.029176470588235293,Positive,29.0,4.0,1.0,34.0
NBA,SPORTS,4.4,108318,35.0,10000000,Free,0.0,Everyone,Sports,"July 9, 2018",2017.7.1,4.4 and up,,,,,Unknown,,,,
NHL,SPORTS,4.0,68935,48.0,5000000,Free,0.0,Everyone,Sports,"June 27, 2018",9.4.0,4.2 and up,,,,,Unknown,,,,
NASCAR MOBILE,SPORTS,4.2,80900,21.0,1000000,Free,0.0,Everyone,Sports,"July 25, 2018",7.1.7.4,4.4 and up,,,,,Unknown,,,,
"Expedia Hotels, Flights & Car Rental Travel Deals",TRAVEL_AND_LOCAL,4.1,136626,14.0,10000000,Free,0.0,Everyone,Travel & Local,"August 6, 2018",18.30.0,5.0 and up,0.11039921875,0.199078125,0.683734375,0.117140625,Positive,64.0,11.0,53.0,128.0
TripIt: Travel Organizer,TRAVEL_AND_LOCAL,4.4,49190,25.0,1000000,Free,0.0,Everyone,Travel & Local,"June 15, 2018",7.5.0,5.0 and up,,,,,Unknown,,,,
CityMaps2Go Plan Trips Travel Guide Offline Maps,TRAVEL_AND_LOCAL,4.3,64713,58.0,1000000,Free,0.0,Everyone,Travel & Local,"June 9, 2018",10.9.8 (Play),5.0 and up,0.49144,0.32484999999999997,0.6165499999999999,0.058625000000000003,Positive,33.0,5.0,2.0,40.0
"KAYAK Flights, Hotels & Cars",TRAVEL_AND_LOCAL,4.5,216388,19.0,10000000,Free,0.0,Everyone,Travel & Local,"July 31, 2018",Varies with device,Varies with device,,,,,Unknown,,,,
Skyscanner,TRAVEL_AND_LOCAL,4.5,481545,29.0,10000000,Free,0.0,Everyone,Travel & Local,"August 6, 2018",5.48,4.4 and up,,,,,Unknown,,,,
World Travel Guide by Triposo,TRAVEL_AND_LOCAL,4.4,6012,81.0,500000,Free,0.0,Everyone,Travel & Local,"March 5, 2018",4.6.0,4.0.3 and up,,,,,Unknown,,,,
Hostelworld: Hostels & Cheap Hotels Travel App,TRAVEL_AND_LOCAL,4.4,17878,28.0,1000000,Free,0.0,Everyone,Travel & Local,"July 16, 2018",6.7.1,4.1 and up,0.45411538461538464,0.38761538461538464,0.5324153846153846,0.07993846153846153,Positive,50.0,5.0,10.0,65.0
GPS Map Free,TRAVEL_AND_LOCAL,4.0,33782,7.6,5000000,Free,0.0,Everyone,Travel & Local,"July 11, 2018",4.6,4.0 and up,0.4404,0.744,0.256,0.0,Positive,1.0,0.0,0.0,1.0
Offline Maps & Navigation,TRAVEL_AND_LOCAL,4.7,192641,33.0,5000000,Free,0.0,Everyone,Travel & Local,"June 7, 2018",17.4.1,4.0.3 and up,,,,,Unknown,,,,
GasBuddy: Find Cheap Gas,TRAVEL_AND_LOCAL,4.6,751551,42.0,10000000,Free,0.0,Mature 17+,Travel & Local,"August 2, 2018",5.2.0 21127,4.4 and up,0.3406075,0.23595000000000002,0.697575,0.06655,Positive,26.0,7.0,7.0,40.0
Southwest Airlines,TRAVEL_AND_LOCAL,3.9,24781,8.3,5000000,Free,0.0,Everyone,Travel & Local,"July 11, 2018",5.6.1,6.0 and up,,,,,Unknown,,,,
"AT&T Navigator: Maps, Traffic",TRAVEL_AND_LOCAL,3.6,32862,14.0,10000000,Free,0.0,Everyone,Travel & Local,"December 6, 2016",5.10.6.2.8466393,4.1 and up,0.2794379310344828,0.222,0.6442068965517241,0.1337241379310345,Positive,20.0,2.0,7.0,29.0
AirAsia,TRAVEL_AND_LOCAL,3.9,98585,37.0,10000000,Free,0.0,Everyone,Travel & Local,"July 16, 2018",5.0.4,4.4 and up,-0.12116666666666667,0.12366666666666666,0.6853333333333333,0.1910952380952381,Negative,8.0,2.0,11.0,21.0
Allegiant,TRAVEL_AND_LOCAL,3.1,5572,21.0,1000000,Free,0.0,Everyone,Travel & Local,"July 12, 2018",5.16.1,4.4 and up,0.28683333333333333,0.3343333333333333,0.6656666666666666,0.0,Positive,2.0,1.0,0.0,3.0
Amtrak,TRAVEL_AND_LOCAL,3.7,16815,28.0,1000000,Free,0.0,Everyone,Travel & Local,"July 15, 2018",3.1.3,5.0 and up,-0.0020897435897435875,0.1226923076923077,0.746897435897436,0.13038461538461538,Negative,12.0,11.0,16.0,39.0
JAL (Domestic and international flights),TRAVEL_AND_LOCAL,3.4,2277,27.0,1000000,Free,0.0,Everyone,Travel & Local,"May 7, 2018",4.4.7,4.0.3 and up,,,,,Unknown,,,,
VZ Navigator for Tablets,TRAVEL_AND_LOCAL,3.6,285,39.0,500000,Free,0.0,Everyone,Travel & Local,"January 22, 2018",10.7.8.111,4.2 and up,,,,,Unknown,,,,
"HSL - Tickets, route planner and information",TRAVEL_AND_LOCAL,3.3,256,17.0,100000,Free,0.0,Everyone,Travel & Local,"August 1, 2018",1.1.2,5.0 and up,,,,,Unknown,,,,
VZ Navigator for Galaxy S4,TRAVEL_AND_LOCAL,3.0,2750,39.0,5000000,Free,0.0,Everyone,Travel & Local,"January 22, 2018",10.7.8.111,4.2 and up,,,,,Unknown,,,,
MAIN,TRAVEL_AND_LOCAL,3.6,7081,51.0,1000000,Free,0.0,Everyone,Travel & Local,"August 6, 2018",4.1.21,4.4 and up,,,,,Unknown,,,,
"Yoriza Pension - travel, lodging, pension, camping, caravan, pool villas accommodation discount",TRAVEL_AND_LOCAL,4.8,17882,86.0,1000000,Free,0.0,Everyone,Travel & Local,"August 3, 2018",3.4.5,5.0 and up,,,,,Unknown,,,,
"Yatra - Flights, Hotels, Bus, Trains & Cabs",TRAVEL_AND_LOCAL,4.5,251037,26.0,10000000,Free,0.0,Everyone,Travel & Local,"August 5, 2018",13.0.16,4.1 and up,,,,,Unknown,,,,
Fly Delta,TRAVEL_AND_LOCAL,3.7,27560,46.0,5000000,Free,0.0,Everyone,Travel & Local,"July 31, 2018",4.13.2,5.0 and up,0.2875338028169014,0.2122112676056338,0.7062957746478873,0.08149295774647887,Positive,43.0,6.0,22.0,71.0
Despegar.com Hotels and Flights,TRAVEL_AND_LOCAL,4.4,150932,27.0,10000000,Free,0.0,Everyone,Travel & Local,"July 30, 2018",9.1.0,4.1 and up,,,,,Unknown,,,,
Navigation Plus,TRAVEL_AND_LOCAL,4.1,928,14.0,1000000,Free,0.0,Everyone,Travel & Local,"January 9, 2018",11.0.269 (m),4.1 and up,,,,,Unknown,,,,
Poynt,TRAVEL_AND_LOCAL,4.0,26665,10.0,5000000,Free,0.0,Everyone,Travel & Local,"March 29, 2018",2.5.26,4.1 and up,,,,,Unknown,,,,
Gaode Map,TRAVEL_AND_LOCAL,3.9,13275,71.0,1000000,Free,0.0,Everyone,Travel & Local,"July 3, 2018",8.60.0.2586,4.0 and up,,,,,Unknown,,,,
"Priceline Hotel Deals, Rental Cars & Flights",TRAVEL_AND_LOCAL,4.4,48930,15.0,5000000,Free,0.0,Everyone,Travel & Local,"July 26, 2018",4.38.176,4.4 and up,,,,,Unknown,,,,
Free Radar Detector,TRAVEL_AND_LOCAL,4.3,15680,11.0,1000000,Free,0.0,Everyone,Travel & Local,"July 6, 2018",6.2.3,4.1 and up,,,,,Unknown,,,,
Where to travel - ticket. hotel. train ticket. car ticket. travel. tickets,TRAVEL_AND_LOCAL,4.2,5112,62.0,1000000,Free,0.0,Everyone,Travel & Local,"July 27, 2018",8.8.2,4.4 and up,,,,,Unknown,,,,
United Airlines,TRAVEL_AND_LOCAL,3.5,30447,80.0,5000000,Free,0.0,Everyone,Travel & Local,"July 20, 2018",2.1.56,5.0 and up,,,,,Unknown,,,,
NTES,TRAVEL_AND_LOCAL,4.3,165299,5.4,10000000,Free,0.0,Everyone,Travel & Local,"July 30, 2018",8.0,4.1 and up,,,,,Unknown,,,,
Where is my Train : Indian Railway & PNR Status,TRAVEL_AND_LOCAL,4.7,620534,9.8,10000000,Free,0.0,Everyone,Travel & Local,"July 30, 2018",5.7.3,4.0.3 and up,,,,,Unknown,,,,
Gormey: Find Best Restaurants,TRAVEL_AND_LOCAL,4.3,34,7.6,1000,Free,0.0,Everyone,Travel & Local,"August 29, 2017",2.3,4.0.3 and up,,,,,Unknown,,,,
Find Dining Restaurant Finder,TRAVEL_AND_LOCAL,4.1,427,26.0,100000,Free,0.0,Everyone,Travel & Local,"March 21, 2016",1.2.1,4.1 and up,0.6315428571428571,0.36428571428571427,0.5931428571428572,0.04257142857142857,Positive,6.0,0.0,1.0,7.0
Urbanspoon Restaurant Reviews,TRAVEL_AND_LOCAL,4.2,35560,13.0,5000000,Free,0.0,Everyone,Travel & Local,"July 5, 2016",4.0.21,4.0.3 and up,,,,,Unknown,,,,
Qatar Airways,TRAVEL_AND_LOCAL,4.3,11182,62.0,1000000,Free,0.0,Everyone,Travel & Local,"July 30, 2018",11.26,4.1 and up,,,,,Unknown,,,,
Hipmunk Hotels & Flights,TRAVEL_AND_LOCAL,4.3,16734,10.0,1000000,Free,0.0,Everyone,Travel & Local,"July 31, 2018",8.8.2,5.0 and up,0.5586514285714286,0.5922285714285714,0.37985714285714284,0.027914285714285714,Positive,29.0,5.0,1.0,35.0
CWT To Go,TRAVEL_AND_LOCAL,4.4,20313,57.0,100000,Free,0.0,Everyone,Travel & Local,"August 5, 2018",17.7.8,4.4 and up,0.3880078947368421,0.35286842105263155,0.5796842105263158,0.06739473684210526,Positive,27.0,5.0,6.0,38.0
British Airways,TRAVEL_AND_LOCAL,4.2,25740,51.0,1000000,Free,0.0,Everyone,Travel & Local,"July 24, 2018",4.20,4.4 and up,0.1234,0.3252727272727273,0.5198181818181818,0.15486363636363637,Positive,12.0,3.0,7.0,22.0
Cheap Flights & Hotels momondo,TRAVEL_AND_LOCAL,4.2,42546,24.0,5000000,Free,0.0,Everyone,Travel & Local,"April 25, 2018",7.6.5,4.4 and up,0.25073589743589747,0.3628974358974359,0.5603846153846154,0.0766923076923077,Positive,25.0,6.0,8.0,39.0
JetBlue,TRAVEL_AND_LOCAL,4.4,24281,29.0,1000000,Free,0.0,Everyone,Travel & Local,"July 25, 2018",4.4.2,4.4 and up,,,,,Unknown,,,,
Flights,TRAVEL_AND_LOCAL,4.4,18039,3.1,1000000,Free,0.0,Everyone,Travel & Local,"July 26, 2018",3.6.6,4.1 and up,0.05796153846153847,0.2549230769230769,0.6449230769230769,0.10015384615384616,Positive,12.0,7.0,7.0,26.0
The Emirates App,TRAVEL_AND_LOCAL,4.4,22748,55.0,1000000,Free,0.0,Everyone,Travel & Local,"August 6, 2018",4.7.1,5.0 and up,,,,,Unknown,,,,
Cheapflights – Flight Search,TRAVEL_AND_LOCAL,4.4,47780,19.0,5000000,Free,0.0,Everyone,Travel & Local,"July 31, 2018",Varies with device,Varies with device,0.43989743589743585,0.5548974358974359,0.4044871794871795,0.040615384615384616,Positive,32.0,5.0,2.0,39.0
KLM - Royal Dutch Airlines,TRAVEL_AND_LOCAL,3.7,7705,40.0,1000000,Free,0.0,Everyone,Travel & Local,"August 6, 2018",9.7.1,4.1 and up,,,,,Unknown,,,,
Lufthansa,TRAVEL_AND_LOCAL,3.6,14544,43.0,1000000,Free,0.0,Everyone,Travel & Local,"July 27, 2018",7.2.5,4.1 and up,,,,,Unknown,,,,
easyJet: Travel App,TRAVEL_AND_LOCAL,4.4,134895,50.0,10000000,Free,0.0,Everyone,Travel & Local,"July 1, 2018",2.32.2,4.2 and up,,,,,Unknown,,,,
LateRooms: Find Hotel Deals,TRAVEL_AND_LOCAL,4.1,2419,13.0,1000000,Free,0.0,Everyone,Travel & Local,"May 29, 2018",1.24.5,4.1 and up,,,,,Unknown,,,,
HOTEL DEALS,TRAVEL_AND_LOCAL,4.2,1609,4.0,100000,Free,0.0,Everyone,Travel & Local,"April 26, 2018",53.89.55,4.1 and up,,,,,Unknown,,,,
IHG®: Hotel Deals & Rewards,TRAVEL_AND_LOCAL,4.3,18622,44.0,1000000,Free,0.0,Everyone,Travel & Local,"August 3, 2018",4.15.1,4.4 and up,,,,,Unknown,,,,
SPG: Starwood Hotels & Resorts,TRAVEL_AND_LOCAL,4.2,8258,22.0,1000000,Free,0.0,Everyone,Travel & Local,"July 3, 2018",v5.4.3,4.4 and up,,,,,Unknown,,,,
Hotels Combined - Cheap deals,TRAVEL_AND_LOCAL,4.1,17202,12.0,5000000,Free,0.0,Everyone,Travel & Local,"November 13, 2017",4.9.2,4.1 and up,0.14291666666666666,0.27119444444444446,0.5847777777777777,0.14400000000000002,Positive,17.0,9.0,10.0,36.0
Turo - Better Than Car Rental,TRAVEL_AND_LOCAL,4.4,14114,46.0,1000000,Free,0.0,Everyone,Travel & Local,"August 4, 2018",18.21.0,5.0 and up,,,,,Unknown,,,,
Ascape VR: 360° Virtual Travel,TRAVEL_AND_LOCAL,4.1,890,7.6,100000,Free,0.0,Everyone,Travel & Local;Action & Adventure,"August 9, 2017",4.0.38,4.4 and up,0.20768333333333333,0.20366666666666666,0.6887777777777777,0.10755555555555556,Positive,9.0,5.0,4.0,18.0
GPS Status & Toolbox,TRAVEL_AND_LOCAL,4.5,149723,4.1,10000000,Free,0.0,Everyone,Travel & Local,"June 13, 2018",8.1.171,4.0 and up,0.3982,0.4864285714285714,0.43648571428571425,0.0771142857142857,Positive,27.0,3.0,5.0,35.0
Airport + Flight Tracker Radar,TRAVEL_AND_LOCAL,4.2,6762,8.5,1000000,Free,0.0,Everyone,Travel & Local,"July 14, 2015",8.0,4.0 and up,0.1882818181818182,0.1845,0.7069090909090909,0.10859090909090909,Positive,13.0,3.0,6.0,22.0
Scout GPS Navigation & Meet Up,TRAVEL_AND_LOCAL,4.2,120373,31.0,5000000,Free,0.0,Everyone,Travel & Local,"July 31, 2018",3.19.35.999,4.0.3 and up,,,,,Unknown,,,,
Street Panorama View,TRAVEL_AND_LOCAL,4.2,40225,4.1,1000000,Free,0.0,Everyone,Travel & Local,"July 18, 2018",4.0.3,4.1 and up,,,,,Unknown,,,,
DreamTrips,TRAVEL_AND_LOCAL,4.7,9971,22.0,500000,Free,0.0,Teen,Travel & Local,"August 6, 2018",1.28.1,5.0 and up,0.33700294117647056,0.3900588235294118,0.5101764705882353,0.09973529411764706,Positive,22.0,5.0,7.0,34.0
Sygic Truck GPS Navigation,TRAVEL_AND_LOCAL,4.2,18294,28.0,1000000,Free,0.0,Everyone,Travel & Local,"August 2, 2018",13.8.3,4.0 and up,,,,,Unknown,,,,
Moto File Manager,TOOLS,4.1,38655,5.9,10000000,Free,0.0,Everyone,Tools,"February 1, 2018",v3.7.93,5.0 and up,,,,,Unknown,,,,
Motorola Alert,TOOLS,4.2,24199,3.9,50000000,Free,0.0,Everyone,Tools,"November 21, 2014",1.02.53,4.4 and up,,,,,Unknown,,,,
Cache Cleaner-DU Speed Booster (booster & cleaner),TOOLS,4.5,12759663,15.0,100000000,Free,0.0,Everyone,Tools,"July 25, 2018",3.1.2,4.0 and up,0.32235384615384616,0.3358846153846154,0.6047307692307693,0.05942307692307692,Positive,17.0,6.0,3.0,26.0
Moto Suggestions ™,TOOLS,4.6,308,4.3,1000000,Free,0.0,Everyone,Tools,"June 8, 2018",0.2.32,8.0 and up,,,,,Unknown,,,,
myMetro,TOOLS,4.0,26189,5.3,10000000,Free,0.0,Everyone,Tools,"June 27, 2018",MyMetro_HTML_2.0_430029,4.0 and up,,,,,Unknown,,,,
My Telcel,TOOLS,3.1,45838,16.0,50000000,Free,0.0,Everyone,Tools,"July 25, 2018",7.6.1,4.1 and up,,,,,Unknown,,,,
"Calculator - free calculator, multi calculator app",TOOLS,4.6,25592,7.5,10000000,Free,0.0,Everyone,Tools,"July 31, 2018",v8.0.1.8.0629.1,4.2 and up,0.24214999999999998,0.214,0.6905,0.0955,Positive,3.0,1.0,0.0,4.0
"Calculator - free calculator ,multi calculator app",TOOLS,4.4,1236,5.8,100000,Free,0.0,Everyone,Tools,"July 6, 2018",8.1.6,4.2 and up,,,,,Unknown,,,,
SHAREit - Transfer & Share,TOOLS,4.6,7790693,17.0,500000000,Free,0.0,Everyone,Tools,"July 30, 2018",4.5.28_ww,4.1 and up,,,,,Unknown,,,,
Files Go by Google: Free up space on your phone,TOOLS,4.6,315585,8.5,10000000,Free,0.0,Everyone,Tools,"July 18, 2018",1.0.204375696,5.0 and up,0.5550294117647059,0.26285294117647057,0.6465882352941176,0.09052941176470589,Positive,28.0,2.0,4.0,34.0
Nokia mobile support,TOOLS,4.4,12215,9.1,5000000,Free,0.0,Everyone,Tools,"August 1, 2018",1.7.4,7.0 and up,,,,,Unknown,,,,
File Manager -- Take Command of Your Files Easily,TOOLS,4.2,127223,7.6,10000000,Free,0.0,Everyone,Tools,"August 3, 2018",v7.0.7.1.0625.1_06_0629,5.0 and up,0.23972727272727273,0.25727272727272726,0.662409090909091,0.08027272727272727,Positive,11.0,9.0,2.0,22.0
Samsung Calculator,TOOLS,4.4,9602,2.5,100000000,Free,0.0,Everyone,Tools,"July 5, 2018",6.0.61.5,7.0 and up,,,,,Unknown,,,,
Clear,TOOLS,3.1,24151,15.0,10000000,Free,0.0,Everyone,Tools,"August 6, 2018",11.7.0,4.1 and up,,,,,Unknown,,,,
AT&T Smart Wi-Fi,TOOLS,3.9,18513,6.1,10000000,Free,0.0,Everyone,Tools,"April 26, 2018",3.2,4.1 and up,0.23632,0.24615,0.71265,0.0412,Positive,11.0,6.0,3.0,20.0
Sound Recorder: Recorder & Voice Changer Free,TOOLS,3.9,14552,17.0,10000000,Free,0.0,Everyone,Tools,"July 31, 2018",v7.0.9.1.0526.1_06_0704,5.0 and up,,,,,Unknown,,,,
TouchPal Keyboard for vivo,TOOLS,4.3,357,58.0,1000000,Free,0.0,Everyone,Tools,"May 30, 2018",6.2.6.7,4.0.3 and up,,,,,Unknown,,,,
Google Assistant Go,TOOLS,3.7,315,4.6,500000,Free,0.0,Everyone,Tools,"July 27, 2018",1.8.203182757.armeabi-v7a.release,8.0 and up,,,,,Unknown,,,,
My love,TOOLS,3.5,163997,16.0,10000000,Free,0.0,Everyone,Tools,"August 5, 2018",5.36,4.2 and up,,,,,Unknown,,,,
DuraSpeed,TOOLS,3.8,5431,1.3,10000000,Free,0.0,Everyone,Tools,"November 13, 2017",1.5.0,6.0 and up,0.1232081081081081,0.13375675675675675,0.7754054054054055,0.09081081081081081,Positive,17.0,13.0,7.0,37.0
HTC Sense Input-LV,TOOLS,3.6,59,2.3,50000,Free,0.0,Everyone,Tools,"April 22, 2014",9.7.753080,4.1 and up,,,,,Unknown,,,,
HTC Sense Input-CA,TOOLS,3.1,124,1.9,100000,Free,0.0,Everyone,Tools,"April 22, 2014",9.7.753080,4.1 and up,,,,,Unknown,,,,
HTC Sense Input-AR,TOOLS,3.8,1420,2.7,100000,Free,0.0,Everyone,Tools,"April 22, 2014",9.7.753080,4.1 and up,0.2094325,0.415325,0.516775,0.0679,Positive,21.0,13.0,6.0,40.0
Digital Alarm Clock,TOOLS,4.2,118439,16.0,10000000,Free,0.0,Everyone,Tools,"June 19, 2018",10.4,4.4 and up,0.4044323943661972,0.3737605633802817,0.507225352112676,0.119056338028169,Positive,54.0,4.0,13.0,71.0
Alarm Clock Free,TOOLS,4.0,59973,11.0,10000000,Free,0.0,Everyone,Tools,"March 16, 2018",1.2.5,4.0 and up,0.10058823529411764,0.29376470588235293,0.5587941176470588,0.14744117647058824,Positive,17.0,4.0,13.0,34.0
Puzzle Alarm Clock ⏰,TOOLS,4.3,32111,5.3,1000000,Free,0.0,Everyone,Tools,"August 3, 2018",3.1.0.1126,4.4 and up,,,,,Unknown,,,,
I Can't Wake Up! Alarm Clock,TOOLS,4.5,70404,4.2,1000000,Free,0.0,Everyone,Tools,"May 25, 2018",3.4.0,4.0 and up,,,,,Unknown,,,,
Brightest Flashlight - LED Light,TOOLS,4.5,876866,9.1,50000000,Free,0.0,Everyone,Tools,"July 27, 2018",1.4.9,4.0.3 and up,,,,,Unknown,,,,
LED Flashlight,TOOLS,4.4,207706,4.3,10000000,Free,0.0,Everyone,Tools,"July 10, 2017",2.4,3.0 and up,,,,,Unknown,,,,
"CM Flashlight (Compass, SOS)",TOOLS,4.4,166367,1.8,5000000,Free,0.0,Everyone,Tools,"May 25, 2018",1.4.0,2.3 and up,0.5423250000000001,0.77725,0.22275,0.0,Positive,4.0,0.0,0.0,4.0
Flashlight - Torch LED Light,TOOLS,4.4,192661,8.5,10000000,Free,0.0,Everyone,Tools,"July 7, 2018",2.4.1,4.1 and up,0.37888333333333335,0.46796666666666664,0.4865333333333333,0.04546666666666666,Positive,22.0,6.0,2.0,30.0
Super Flashlight + LED,TOOLS,4.3,54207,4.4,5000000,Free,0.0,Everyone,Tools,"July 11, 2017",3.2,3.0 and up,,,,,Unknown,,,,
Brightest Flashlight Free ®,TOOLS,4.7,1335799,3.8,50000000,Free,0.0,Everyone,Tools,"October 27, 2017",2.5.2,4.2 and up,0.60534,0.302,0.6517999999999999,0.046200000000000005,Positive,4.0,0.0,1.0,5.0
Fraction Calculator Plus Free,TOOLS,4.5,148506,11.0,5000000,Free,0.0,Everyone,Tools,"July 15, 2018",Varies with device,Varies with device,0.5060290322580645,0.4248387096774194,0.5383870967741936,0.0367741935483871,Positive,28.0,1.0,2.0,31.0
CALCU™ Stylish Calculator Free,TOOLS,4.7,152692,11.0,5000000,Free,0.0,Everyone,Tools,"July 7, 2018",3.5.6,4.1 and up,0.4926868421052632,0.39752631578947367,0.5867631578947369,0.015710526315789473,Positive,29.0,8.0,1.0,38.0
Calculator with Percent (Free),TOOLS,4.8,48211,7.4,1000000,Free,0.0,Everyone,Tools,"November 18, 2017",32.1,4.1 and up,0.39665,0.1385,0.8614999999999999,0.0,Neutral,1.0,1.0,0.0,2.0
Graphing Calculator,TOOLS,3.9,12388,5.3,1000000,Free,0.0,Everyone,Tools,"April 1, 2016",1.17,2.3 and up,0.3516455696202532,0.31960759493670887,0.6169493670886076,0.06346835443037975,Positive,52.0,16.0,11.0,79.0
Unit Converter,TOOLS,4.5,85387,5.4,1000000,Free,0.0,Everyone,Tools,"July 3, 2018",2.1.54,4.0 and up,,,,,Unknown,,,,
Calculator ++,TOOLS,4.6,33509,3.6,1000000,Free,0.0,Everyone,Tools,"May 12, 2018",2.2.7,4.4 and up,,,,,Unknown,,,,
ConvertPad - Unit Converter,TOOLS,4.4,90831,4.3,10000000,Free,0.0,Everyone,Tools,"June 18, 2017",3.1.00,4.2 and up,0.345935,0.2244,0.6900999999999999,0.085525,Positive,30.0,1.0,9.0,40.0
Classic Calculator,TOOLS,4.0,85659,27.0,5000000,Free,0.0,Everyone,Tools,"February 25, 2018",1.51,3.0 and up,,,,,Unknown,,,,
weight conversion calculator,TOOLS,4.0,807,1.8,100000,Free,0.0,Everyone,Tools,"May 18, 2018",20180517,2.3 and up,,,,,Unknown,,,,
Age Calculator,TOOLS,4.4,24265,3.3,1000000,Free,0.0,Everyone,Tools,"July 25, 2017",4.0.6,4.0.3 and up,0.22901875,0.338125,0.5738125000000001,0.08809375,Positive,20.0,4.0,8.0,32.0
EzCalculator,TOOLS,4.1,1657,2.0,100000,Free,0.0,Everyone,Tools,"September 17, 2017",2.1.0,5.0 and up,0.4506315789473684,0.4048421052631579,0.5130526315789473,0.08213157894736842,Positive,32.0,2.0,4.0,38.0
SuperVPN Free VPN Client,TOOLS,4.3,576454,6.1,50000000,Free,0.0,Everyone,Tools,"February 5, 2018",2.0.9,4.0.3 and up,,,,,Unknown,,,,
Hideman VPN,TOOLS,4.1,88675,9.6,5000000,Free,0.0,Everyone,Tools,"July 24, 2018",6.0.1,4.0 and up,0.09109032258064517,0.16332258064516128,0.732516129032258,0.10412903225806451,Negative,12.0,7.0,12.0,31.0
Fast Secure VPN,TOOLS,4.3,56848,9.6,1000000,Free,0.0,Everyone,Tools,"May 18, 2018",1.6.11,4.1 and up,0.2484492957746479,0.2820985915492958,0.6023943661971831,0.11547887323943662,Positive,41.0,12.0,18.0,71.0
Free & Premium VPN - FinchVPN,TOOLS,4.2,19096,10.0,1000000,Free,0.0,Everyone,Tools,"July 5, 2018",2.0.2,4.1 and up,0.47863870967741934,0.3526129032258064,0.5660967741935484,0.08125806451612903,Positive,24.0,4.0,3.0,31.0
Hotspot Shield Free VPN Proxy & Wi-Fi Security,TOOLS,4.2,1116393,8.2,50000000,Free,0.0,Everyone,Tools,"August 6, 2018",6.1.0,4.1 and up,0.24705588235294118,0.48182352941176476,0.4101764705882353,0.10799999999999998,Positive,21.0,9.0,4.0,34.0
OpenVPN Connect – Fast & Safe SSL VPN Client,TOOLS,4.2,154578,14.0,10000000,Free,0.0,Everyone,Tools,"May 25, 2018",3.0.5,4.1 and up,,,,,Unknown,,,,
"VPN - Fast, Secure & Unlimited WiFi with VyprVPN",TOOLS,4.2,40676,25.0,1000000,Free,0.0,Everyone,Tools,"July 5, 2018",2.27.1,4.1 and up,,,,,Unknown,,,,
FREEDOME VPN Unlimited anonymous Wifi Security,TOOLS,4.3,39833,9.9,1000000,Free,0.0,Everyone,Tools,"July 9, 2018",2.5.1.7592,4.0.3 and up,0.28607272727272726,0.3985454545454546,0.5834545454545454,0.018000000000000002,Positive,6.0,5.0,0.0,11.0
SurfEasy Secure Android VPN,TOOLS,4.5,273283,22.0,5000000,Free,0.0,Everyone,Tools,"July 11, 2018",4.1.0,4.0.3 and up,,,,,Unknown,,,,
VPN Free - Betternet Hotspot VPN & Private Browser,TOOLS,4.5,801054,8.9,10000000,Free,0.0,Everyone,Tools,"August 1, 2018",4.3.0,4.1 and up,,,,,Unknown,,,,
Smart Keyboard Trial,TOOLS,4.1,65597,2.4,10000000,Free,0.0,Everyone,Tools,"April 28, 2017",4.20.1,2.3 and up,,,,,Unknown,,,,
"Emoji keyboard - Cute Emoticons, GIF, Stickers",TOOLS,4.4,1107320,25.0,50000000,Free,0.0,Everyone,Tools,"August 7, 2018",3.4.500,4.1 and up,,,,,Unknown,,,,
Wifi Analyzer,TOOLS,4.4,335115,1.8,10000000,Free,0.0,Everyone,Tools,"April 7, 2018",3.11.2,6.0 and up,,,,,Unknown,,,,
Network Signal Info,TOOLS,4.1,33926,17.0,1000000,Free,0.0,Everyone,Tools,"August 3, 2018",4.78.06,4.2 and up,,,,,Unknown,,,,
osmino Wi-Fi: free WiFi,TOOLS,4.2,134203,4.1,10000000,Free,0.0,Everyone,Tools,"August 6, 2018",6.06.14,4.4 and up,,,,,Unknown,,,,
WiFi Overview 360,TOOLS,4.1,15693,18.0,1000000,Free,0.0,Everyone,Tools,"August 3, 2018",4.32.07,4.2 and up,,,,,Unknown,,,,
Speedcheck,TOOLS,4.6,48979,14.0,1000000,Free,0.0,Everyone,Tools,"August 4, 2018",5.0.0.8,4.0.3 and up,,,,,Unknown,,,,
NETGEAR WiFi Analytics,TOOLS,4.1,9496,0.696,1000000,Free,0.0,Everyone,Tools,"April 25, 2014",1.0.19,2.2 and up,,,,,Unknown,,,,
Keypad Lock Screen,TOOLS,4.2,428581,4.7,10000000,Free,0.0,Everyone,Tools,"July 17, 2018",1.33,4.0 and up,,,,,Unknown,,,,
photo keypad lockscreen,TOOLS,4.1,225544,8.1,10000000,Free,0.0,Everyone,Tools,"July 17, 2018",3.1.2,4.0 and up,,,,,Unknown,,,,
Solo Locker (DIY Locker),TOOLS,4.5,474439,7.9,10000000,Free,0.0,Everyone,Tools,"June 26, 2018",6.1.7.5,4.2 and up,,,,,Unknown,,,,
Lock Screen,TOOLS,4.0,41137,4.6,1000000,Free,0.0,Everyone,Tools,"November 15, 2017",1.7.3,3.2 and up,,,,,Unknown,,,,
ZERO Lock Screen,TOOLS,3.5,75336,0.544,1000000,Free,0.0,Everyone,Tools,"February 5, 2016",1.3,4.0 and up,,,,,Unknown,,,,
AppLock - Fingerprint,TOOLS,4.4,745245,3.5,10000000,Free,0.0,Everyone,Tools,"April 13, 2018",7.2.0,2.3 and up,0.30145789473684215,0.21868421052631581,0.6412631578947368,0.14021052631578948,Positive,15.0,0.0,4.0,19.0
Screen Off and Lock,TOOLS,4.1,172990,0.525,10000000,Free,0.0,Everyone,Tools,"December 2, 2017",1.17.4,2.2 and up,,,,,Unknown,,,,
Screen Lock,TOOLS,4.2,68309,2.1,1000000,Free,0.0,Everyone,Tools,"November 23, 2017",v3.9f,4.0 and up,,,,,Unknown,,,,
Funny Ringtones,PERSONALIZATION,4.4,7146,14.0,1000000,Free,0.0,Everyone 10+,Personalization,"February 2, 2018",1.1,4.0 and up,,,,,Unknown,,,,
"XOS - Launcher,Theme,Wallpaper",PERSONALIZATION,4.6,49657,8.7,5000000,Free,0.0,Everyone,Personalization,"August 6, 2018",3.6.21_pre,4.4 and up,,,,,Unknown,,,,
3D Live Neon Weed Launcher,PERSONALIZATION,4.5,1724,21.0,100000,Free,0.0,Mature 17+,Personalization,"June 26, 2018",5.34.10,4.0.3 and up,0.31845,0.256,0.744,0.0,Neutral,1.0,1.0,0.0,2.0
Golden Launcher,PERSONALIZATION,4.4,32794,12.0,5000000,Free,0.0,Everyone,Personalization,"July 31, 2018",1.284.1.83,4.2 and up,0.4442394736842105,0.6605,0.33949999999999997,0.0,Positive,32.0,6.0,0.0,38.0
Launcher,PERSONALIZATION,4.5,102923,18.0,1000000,Free,0.0,Everyone,Personalization,"July 10, 2018",2.1.2,5.0 and up,,,,,Unknown,,,,
"CM Launcher 3D - Theme, Wallpapers, Efficient",PERSONALIZATION,4.6,6702776,17.0,100000000,Free,0.0,Teen,Personalization,"August 3, 2018",5.41.0,4.0.3 and up,0.39311666666666667,0.5176666666666666,0.4417222222222222,0.04061111111111111,Positive,14.0,3.0,1.0,18.0
4K Wallpapers and Ultra HD Backgrounds,PERSONALIZATION,4.6,7583,3.8,500000,Free,0.0,Everyone 10+,Personalization,"July 4, 2018",2.6.2.1,4.0.3 and up,0.42775555555555556,0.3857777777777778,0.45066666666666666,0.16355555555555557,Positive,7.0,0.0,2.0,9.0
Birds Sounds Ringtones & Wallpapers,PERSONALIZATION,4.6,5073,23.0,1000000,Free,0.0,Everyone 10+,Personalization,"September 25, 2017",1.1,4.0 and up,0.4346297297297297,0.49686486486486486,0.47305405405405404,0.030081081081081082,Positive,28.0,8.0,1.0,37.0
Funny Alarm Clock Ringtones,PERSONALIZATION,4.5,15633,14.0,1000000,Free,0.0,Everyone,Personalization,"March 9, 2017",1.1,4.0.3 and up,0.09532962962962961,0.2534444444444444,0.5485555555555556,0.198,Positive,15.0,1.0,11.0,27.0
ZenUI Launcher,PERSONALIZATION,4.7,1141545,15.0,50000000,Free,0.0,Everyone,Personalization,"July 31, 2018",Varies with device,Varies with device,,,,,Unknown,,,,
"Color Call - Caller Screen, LED Flash",PERSONALIZATION,4.7,29485,9.9,1000000,Free,0.0,Everyone,Personalization,"July 20, 2018",1.0.4,4.0 and up,,,,,Unknown,,,,
New Launcher 2018,PERSONALIZATION,4.4,142393,12.0,10000000,Free,0.0,Everyone,Personalization,"July 31, 2018",1.284.1.126,4.2 and up,,,,,Unknown,,,,
Diamond Zipper Lock Screen,PERSONALIZATION,4.3,71688,12.0,10000000,Free,0.0,Everyone,Personalization,"June 11, 2018",3.5,4.1 and up,0.21820294117647057,0.4791176470588235,0.3300882352941177,0.19079411764705884,Positive,20.0,5.0,9.0,34.0
"Emoji Keyboard - Cute Emoji,GIF, Sticker, Emoticon",PERSONALIZATION,4.7,114851,20.0,10000000,Free,0.0,Everyone,Personalization,"July 20, 2018",2.1.9,4.1 and up,,,,,Unknown,,,,
3D Blue Glass Water Keyboard Theme,PERSONALIZATION,4.1,62209,7.4,10000000,Free,0.0,Everyone,Personalization,"July 1, 2018",6.7.1,4.0.3 and up,,,,,Unknown,,,,
Backgrounds (HD Wallpapers),PERSONALIZATION,4.7,202474,3.0,10000000,Free,0.0,Teen,Personalization,"August 9, 2017",2.6.0,4.0 and up,0.48641,0.3248333333333333,0.5795999999999999,0.09556666666666666,Positive,23.0,1.0,6.0,30.0
New 2018 Keyboard,PERSONALIZATION,4.6,298321,14.0,10000000,Free,0.0,Everyone,Personalization,"August 5, 2018",2.5.5.9,4.2 and up,,,,,Unknown,,,,
"APUS Launcher - Theme, Wallpaper, Hide Apps",PERSONALIZATION,4.5,5783441,14.0,100000000,Free,0.0,Everyone,Personalization,"August 6, 2018",3.9.7,4.0.3 and up,0.3674935483870968,0.5428709677419356,0.3433548387096774,0.11380645161290323,Positive,23.0,2.0,6.0,31.0
ZenUI Themes – Stylish Themes,PERSONALIZATION,4.4,47393,7.2,10000000,Free,0.0,Everyone,Personalization,"May 24, 2018",1.8.0.24_180511,5.0 and up,,,,,Unknown,,,,
"Keyboard - wallpapers , photos",PERSONALIZATION,4.4,55525,22.0,10000000,Free,0.0,Everyone,Personalization,"February 26, 2018",1.2.7,4.0 and up,,,,,Unknown,,,,
Lovely Cute Pink Kitty Cat Keyboard Theme,PERSONALIZATION,4.3,2267,7.2,500000,Free,0.0,Everyone,Personalization,"July 9, 2018",6.7.5,4.0.3 and up,,,,,Unknown,,,,
Microsoft Launcher,PERSONALIZATION,4.6,649568,26.0,10000000,Free,0.0,Everyone,Personalization,"August 1, 2018",4.12.0.44682,4.2 and up,,,,,Unknown,,,,
Goku Wallpaper Art,PERSONALIZATION,4.7,6342,38.0,1000000,Free,0.0,Everyone,Personalization,"July 13, 2018",1.8,4.1 and up,0.43363142857142856,0.5755428571428572,0.3842,0.04025714285714285,Positive,26.0,7.0,2.0,35.0
Door Lock Screen,PERSONALIZATION,4.3,5413,3.9,1000000,Free,0.0,Everyone,Personalization,"July 28, 2018",3.3.a,4.0 and up,0.424748717948718,0.686,0.3108974358974359,0.0031025641025641025,Positive,33.0,6.0,0.0,39.0
Cute wallpapers & kawaii backgrounds images,PERSONALIZATION,4.6,4724,5.4,1000000,Free,0.0,Everyone,Personalization,"July 30, 2018",1.2,4.0.3 and up,,,,,Unknown,,,,
ASUS Cover for ZenFone 2,PERSONALIZATION,4.4,43960,9.8,10000000,Free,0.0,Everyone,Personalization,"December 1, 2017",2.0.0.39_171124,5.0 and up,0.2556333333333333,0.18800000000000003,0.6618333333333334,0.15016666666666667,Positive,3.0,1.0,2.0,6.0
"Hola Launcher- Theme,Wallpaper",PERSONALIZATION,4.5,3277209,7.6,100000000,Free,0.0,Everyone,Personalization,"May 9, 2018",3.2.5,4.0 and up,,,,,Unknown,,,,
OnePlus Icon Pack - Square,PERSONALIZATION,4.7,229,1.1,500000,Free,0.0,Everyone,Personalization,"May 23, 2018",1.9.1.180419172630.4a15962,5.0 and up,,,,,Unknown,,,,
Live 3D Neon Blue Love Heart Keyboard Theme,PERSONALIZATION,4.3,6626,9.1,1000000,Free,0.0,Everyone,Personalization,"July 25, 2018",6.7.25.2018,4.0.3 and up,,,,,Unknown,,,,
Pink Diamond Princess Keyboard Theme,PERSONALIZATION,3.7,10796,6.8,1000000,Free,0.0,Everyone,Personalization,"July 6, 2018",6.7.5,4.0.3 and up,,,,,Unknown,,,,
"Wallpapers HD, 4K Backgrounds",PERSONALIZATION,4.7,273994,12.0,10000000,Free,0.0,Everyone,Personalization,"July 23, 2018",2.3.27,4.4 and up,,,,,Unknown,,,,
Photo Lock App - Hide Pictures & Videos,PERSONALIZATION,4.5,29203,3.3,5000000,Free,0.0,Everyone,Personalization,"December 10, 2017",40.0,4.0 and up,,,,,Unknown,,,,
Romantic Love Photo Frames,PERSONALIZATION,4.4,18918,12.0,5000000,Free,0.0,Everyone,Personalization,"June 19, 2018",1.14,4.0 and up,,,,,Unknown,,,,
Colorful Glitter Neon Butterfly Keyboard Theme,PERSONALIZATION,4.3,2056,9.8,500000,Free,0.0,Everyone,Personalization,"July 25, 2018",6.7.24.2018,4.0.3 and up,0.142046875,0.43390625,0.35009375,0.216,Positive,18.0,6.0,8.0,32.0
OnePlus Icon Pack,PERSONALIZATION,4.8,440,0.92,500000,Free,0.0,Everyone,Personalization,"May 23, 2018",1.9.2.180419172639.dbf3246,5.0 and up,,,,,Unknown,,,,
Water Garden Live Wallpaper,PERSONALIZATION,4.6,66453,14.0,5000000,Free,0.0,Everyone,Personalization,"April 10, 2018",1.57,2.3 and up,,,,,Unknown,,,,
Water Droplets Keyboard Theme,PERSONALIZATION,4.1,398,6.8,100000,Free,0.0,Everyone,Personalization,"June 29, 2018",6.6.28,4.0.3 and up,,,,,Unknown,,,,
"FUN Keyboard – Emoji Keyboard, Sticker,Theme & GIF",PERSONALIZATION,4.7,12089,27.0,500000,Free,0.0,Everyone,Personalization,"July 3, 2018",1.2.5,4.0 and up,0.41483333333333333,0.45975000000000005,0.4895,0.050749999999999997,Positive,9.0,2.0,1.0,12.0
Freeme Launcher—Stylish Theme,PERSONALIZATION,4.1,2828,7.4,100000,Free,0.0,Everyone,Personalization,"January 22, 2017",2.11.5,4.1 and up,0.3053828571428571,0.3720857142857143,0.5269428571428572,0.101,Positive,22.0,6.0,7.0,35.0
Ringtones & Wallpapers for Me,PERSONALIZATION,4.2,89342,29.0,10000000,Free,0.0,Everyone,Personalization,"January 30, 2018",1.13,4.1 and up,,,,,Unknown,,,,
Zooper Widget,PERSONALIZATION,4.0,30498,5.9,1000000,Free,0.0,Everyone,Personalization,"March 11, 2015",2.60,3.2 and up,,,,,Unknown,,,,
Beautiful Widgets Pro,PERSONALIZATION,4.2,97890,14.0,1000000,Paid,2.49,Everyone,Personalization,"August 24, 2016",5.7.8,2.3 and up,0.28985945945945946,0.18510810810810813,0.7124864864864865,0.10240540540540541,Positive,24.0,1.0,12.0,37.0
Beautiful Widgets Free,PERSONALIZATION,3.9,25037,14.0,1000000,Free,0.0,Everyone,Personalization,"October 20, 2016",5.7.6,2.3 and up,-0.07437999999999999,0.12295,0.721425,0.15562499999999999,Negative,17.0,5.0,18.0,40.0
HD Widgets,PERSONALIZATION,4.3,58617,26.0,1000000,Paid,0.99,Everyone,Personalization,"December 7, 2016",4.3.2,4.4 and up,0.32571612903225805,0.184,0.722741935483871,0.09329032258064515,Positive,23.0,0.0,8.0,31.0
DashClock Widget,PERSONALIZATION,4.1,62301,1.9,1000000,Free,0.0,Everyone,Personalization,"May 11, 2016",1.7.2,4.2 and up,-0.5256,0.0,0.805,0.195,Negative,0.0,0.0,1.0,1.0
Fancy Widgets,PERSONALIZATION,4.2,37237,3.9,5000000,Free,0.0,Everyone,Personalization,"April 4, 2014",3.5.6,1.6 and up,0.5642125,0.26125,0.6350625,0.103625,Positive,14.0,0.0,2.0,16.0
Kairo XP (for HD Widgets),PERSONALIZATION,4.4,1591,0.779,10000,Paid,0.99,Everyone,Personalization,"January 7, 2015",1.1,4.0.3 and up,,,,,Unknown,,,,
Best Wallpapers QHD,PERSONALIZATION,4.4,294701,5.1,10000000,Free,0.0,Teen,Personalization,"March 17, 2018",2.85,4.0.3 and up,0.5704742857142857,0.45814285714285713,0.48122857142857145,0.06062857142857143,Positive,28.0,4.0,3.0,35.0
Dog Licks Screen Wallpaper,PERSONALIZATION,4.3,63624,10.0,5000000,Free,0.0,Everyone,Personalization,"November 20, 2017",11.0,4.0.3 and up,0.36057647058823533,0.38111764705882356,0.5436470588235295,0.07526470588235294,Positive,23.0,6.0,5.0,34.0
Waterfall Live Wallpaper,PERSONALIZATION,4.1,112977,13.0,10000000,Free,0.0,Everyone,Personalization,"May 22, 2018",3.6,4.1 and up,,,,,Unknown,,,,
Galaxy Live Wallpaper,PERSONALIZATION,4.2,58052,4.0,5000000,Free,0.0,Teen,Personalization,"September 14, 2017",1.1.8,2.3.3 and up,,,,,Unknown,,,,
Northern Lights FREE (Aurora),PERSONALIZATION,4.1,12180,5.4,1000000,Free,0.0,Everyone,Personalization,"December 24, 2016",1.3,2.1 and up,,,,,Unknown,,,,
Flowers Live Wallpaper,PERSONALIZATION,4.1,118459,3.3,10000000,Free,0.0,Everyone,Personalization,"October 27, 2017",4.0,4.1 and up,0.25164848484848484,0.4327878787878788,0.48103030303030303,0.08618181818181818,Positive,20.0,9.0,4.0,33.0
Petals 3D live wallpaper,PERSONALIZATION,4.2,112479,4.3,10000000,Free,0.0,Everyone,Personalization,"July 25, 2018",3.0.5,4.2 and up,,,,,Unknown,,,,
Galactic Core Free Wallpaper,PERSONALIZATION,4.1,69417,0.853,10000000,Free,0.0,Everyone,Personalization,"May 1, 2014",2.41,2.1 and up,0.5662138888888889,0.3199444444444445,0.5959166666666667,0.08405555555555555,Positive,31.0,0.0,5.0,36.0
LINE Launcher,PERSONALIZATION,4.4,733838,21.0,10000000,Free,0.0,Everyone,Personalization,"June 29, 2018",2.4.25,4.0.3 and up,,,,,Unknown,,,,
Asteroids 3D live wallpaper,PERSONALIZATION,4.1,157495,6.4,10000000,Free,0.0,Everyone,Personalization,"July 24, 2018",4.0.0.7,4.4 and up,0.3777709677419355,0.4333548387096774,0.4786774193548387,0.08793548387096774,Positive,22.0,4.0,5.0,31.0
Sun Rise Free Live Wallpaper,PERSONALIZATION,4.3,86481,8.6,10000000,Free,0.0,Everyone,Personalization,"January 31, 2018",4.8.3,4.0 and up,,,,,Unknown,,,,
Wallpapers HD,PERSONALIZATION,4.6,484981,2.1,10000000,Free,0.0,Everyone,Personalization,"November 28, 2016",1.7.1,3.0 and up,,,,,Unknown,,,,
Tiger Live Wallpaper,PERSONALIZATION,4.1,77724,7.1,5000000,Free,0.0,Teen,Personalization,"May 31, 2018",2.7.2,4.0 and up,,,,,Unknown,,,,
Pink Roses Live Wallpaper,PERSONALIZATION,4.2,33074,3.3,1000000,Free,0.0,Everyone,Personalization,"May 4, 2018",4.1,4.1 and up,,,,,Unknown,,,,
Butterfly Live Wallpaper,PERSONALIZATION,4.1,35771,3.5,5000000,Free,0.0,Everyone,Personalization,"May 4, 2018",4.1,4.1 and up,0.5177785714285714,0.5293571428571429,0.45557142857142857,0.01507142857142857,Positive,21.0,6.0,1.0,28.0
Koi Free Live Wallpaper,PERSONALIZATION,4.2,290241,4.1,50000000,Free,0.0,Everyone,Personalization,"June 24, 2014",1.9,2.1 and up,,,,,Unknown,,,,
Wallpaper,PERSONALIZATION,4.5,69488,9.7,1000000,Free,0.0,Everyone,Personalization,"July 8, 2018",6.07,4.1 and up,,,,,Unknown,,,,
Wolves Live Wallpaper,PERSONALIZATION,4.3,10401,3.3,1000000,Free,0.0,Everyone,Personalization,"October 27, 2017",7.5,4.1 and up,,,,,Unknown,,,,
Horses Live Wallpaper,PERSONALIZATION,4.2,28806,7.1,1000000,Free,0.0,Everyone,Personalization,"May 22, 2018",18.0,4.1 and up,0.35284848484848486,0.4383939393939394,0.5122727272727273,0.049363636363636366,Positive,21.0,8.0,4.0,33.0
Tropical Beach Live Wallpaper,PERSONALIZATION,4.0,11343,8.4,1000000,Free,0.0,Everyone,Personalization,"May 22, 2018",18.0,4.1 and up,,,,,Unknown,,,,
Glowing Flowers Live Wallpaper,PERSONALIZATION,4.2,66730,7.0,5000000,Free,0.0,Everyone,Personalization,"May 21, 2018",18.0,4.1 and up,,,,,Unknown,,,,
Dolphins Live Wallpaper,PERSONALIZATION,4.2,25807,5.5,1000000,Free,0.0,Everyone,Personalization,"October 29, 2017",15.0,4.1 and up,,,,,Unknown,,,,
Buzz Launcher-Smart&Free Theme,PERSONALIZATION,4.4,251616,13.0,10000000,Free,0.0,Everyone,Personalization,"November 13, 2017",1.9.7.07,4.0.3 and up,0.3182,0.23888888888888887,0.6375555555555557,0.12363888888888888,Positive,24.0,1.0,11.0,36.0
BIG Launcher,PERSONALIZATION,4.3,881,5.9,10000,Paid,9.99,Everyone,Personalization,"June 20, 2018",2.5.9,2.1 and up,0.454255,0.267875,0.680825,0.0513,Positive,31.0,6.0,3.0,40.0
"iKeyboard - emoji, emoticons",PERSONALIZATION,4.5,624924,24.0,10000000,Free,0.0,Everyone,Personalization,"August 1, 2018",4.8.2.2195,4.1 and up,,,,,Unknown,,,,
Simple Neon Blue Future Tech Keyboard Theme,PERSONALIZATION,4.1,51145,6.2,10000000,Free,0.0,Everyone,Personalization,"June 28, 2018",1,4.0.3 and up,,,,,Unknown,,,,
TouchPal Purple Butterfly Theme,PERSONALIZATION,4.2,7435,6.9,1000000,Free,0.0,Everyone,Personalization,"June 28, 2018",1,4.0.3 and up,,,,,Unknown,,,,
Lavender Emoji Keyboard Theme,PERSONALIZATION,4.1,12008,6.1,1000000,Free,0.0,Everyone,Personalization,"May 27, 2016",5.0,4.0 and up,,,,,Unknown,,,,
"AVG Cleaner – Speed, Battery & Memory Booster",PRODUCTIVITY,4.4,1188154,24.0,10000000,Free,0.0,Everyone,Productivity,"June 14, 2018",4.6.4,4.1 and up,0.5176514285714285,0.2981714285714286,0.6247428571428572,0.0771142857142857,Positive,28.0,1.0,6.0,35.0
QR Scanner & Barcode Scanner 2018,PRODUCTIVITY,3.8,8226,4.1,10000000,Free,0.0,Everyone,Productivity,"July 20, 2018",1.8.4,4.4 and up,,,,,Unknown,,,,
Microsoft Outlook,PRODUCTIVITY,4.3,3252896,50.0,100000000,Free,0.0,Everyone,Productivity,"August 2, 2018",2.2.194,4.4 and up,,,,,Unknown,,,,
My Claro Peru,PRODUCTIVITY,3.2,11200,11.0,5000000,Free,0.0,Everyone,Productivity,"July 23, 2018",3.1.1,4.4 and up,,,,,Unknown,,,,
Power Booster - Junk Cleaner & CPU Cooler & Boost,PRODUCTIVITY,4.5,9653,5.1,1000000,Free,0.0,Everyone,Productivity,"August 6, 2018",1.2.5,4.1 and up,,,,,Unknown,,,,
Google Assistant,PRODUCTIVITY,4.2,58675,1.3,10000000,Free,0.0,Everyone,Productivity,"March 9, 2018",0.1.187945513,5.0 and up,,,,,Unknown,,,,
Archos File Manager,PRODUCTIVITY,4.0,2131,2.3,5000000,Free,0.0,Everyone,Productivity,"April 22, 2016",4.1.4,4.1 and up,0.10255806451612903,0.2573225806451613,0.6298709677419355,0.11283870967741937,Positive,14.0,10.0,7.0,31.0
ES File Explorer File Manager,PRODUCTIVITY,4.6,5383985,16.0,100000000,Free,0.0,Everyone,Productivity,"August 3, 2018",4.1.8.2.2,4.0 and up,,,,,Unknown,,,,
MyMTN,PRODUCTIVITY,4.0,8550,15.0,1000000,Free,0.0,Everyone,Productivity,"July 25, 2018",2.1.5,4.0 and up,,,,,Unknown,,,,
Dropbox,PRODUCTIVITY,4.4,1861310,61.0,500000000,Free,0.0,Everyone,Productivity,"August 1, 2018",Varies with device,Varies with device,0.29951315789473687,0.26792105263157895,0.6727631578947368,0.059394736842105264,Positive,46.0,20.0,10.0,76.0
ASUS Quick Memo,PRODUCTIVITY,4.5,23089,1.6,10000000,Free,0.0,Everyone,Productivity,"April 11, 2018",1.10.0.33_180403,5.0 - 8.0,0.2049,0.082,0.9179999999999999,0.0,Neutral,1.0,1.0,0.0,2.0
lifebox,PRODUCTIVITY,4.2,56403,49.0,5000000,Free,0.0,Everyone,Productivity,"July 27, 2018",4.0.5,4.4 and up,,,,,Unknown,,,,
Content Transfer,PRODUCTIVITY,4.7,19302,7.2,5000000,Free,0.0,Everyone,Productivity,"June 28, 2018",3.5.12,4.0.3 and up,0.39993249999999997,0.23825,0.702225,0.0595,Positive,26.0,6.0,8.0,40.0
Advanced Task Killer,PRODUCTIVITY,4.4,577059,1.5,50000000,Free,0.0,Everyone,Productivity,"August 7, 2016",2.2.1B216,2.3.3 and up,0.07978666666666666,0.1598,0.711,0.12933333333333333,Positive,10.0,1.0,4.0,15.0
Microsoft Translator,PRODUCTIVITY,4.6,209696,49.0,5000000,Free,0.0,Everyone,Productivity,"June 18, 2018",3.2.258b ae1da5165,4.3 and up,,,,,Unknown,,,,
"My Airtel-Online Recharge, Pay Bill, Wallet, UPI",PRODUCTIVITY,4.3,1498393,14.0,50000000,Free,0.0,Everyone,Productivity,"August 2, 2018",4.3.2.0,4.2 and up,,,,,Unknown,,,,
Hacker's Keyboard,PRODUCTIVITY,4.4,41418,1.2,1000000,Free,0.0,Everyone,Productivity,"December 11, 2016",v1.39.3,2.2 and up,0.6151774999999999,0.252975,0.678875,0.06810000000000001,Positive,33.0,1.0,6.0,40.0
Security & Privacy,PRODUCTIVITY,4.0,212,10.0,1000000,Free,0.0,Everyone,Productivity,"April 26, 2018",5.0.44,4.1 and up,,,,,Unknown,,,,
7 Weeks - Habit & Goal Tracker,PRODUCTIVITY,4.4,6011,4.3,500000,Free,0.0,Everyone,Productivity,"December 19, 2015",3.2.1,4.1 and up,0.6118499999999999,0.2715714285714286,0.6443571428571427,0.08421428571428571,Positive,12.0,0.0,2.0,14.0
Loop - Habit Tracker,PRODUCTIVITY,4.7,17955,3.8,1000000,Free,0.0,Everyone,Productivity,"May 23, 2018",1.7.9,4.0.3 and up,,,,,Unknown,,,,
Keeper: Free Password Manager & Secure Vault,PRODUCTIVITY,4.2,74146,32.0,10000000,Free,0.0,Everyone,Productivity,"July 16, 2018",12.1.0,4.4 and up,,,,,Unknown,,,,
Pushbullet - SMS on PC,PRODUCTIVITY,4.5,176873,4.5,1000000,Free,0.0,Everyone,Productivity,"October 30, 2017",17.7.20,4.1 and up,,,,,Unknown,,,,
Planner Pro-Personal Organizer,PRODUCTIVITY,4.0,10270,8.4,1000000,Free,0.0,Everyone,Productivity,"March 23, 2018",4.4.1,4.0 and up,,,,,Unknown,,,,
Todoist: To-do lists for task management & errands,PRODUCTIVITY,4.5,155999,12.0,10000000,Free,0.0,Everyone,Productivity,"August 5, 2018",12.8.2,4.4 and up,,,,,Unknown,,,,
Cozi Family Organizer,PRODUCTIVITY,4.4,56713,25.0,1000000,Free,0.0,Everyone,Productivity,"July 5, 2018",9.3.5776,4.1 and up,,,,,Unknown,,,,
Trello,PRODUCTIVITY,4.5,72513,12.0,5000000,Free,0.0,Everyone,Productivity,"July 18, 2018",5.0.1.11068-production,5.0 and up,,,,,Unknown,,,,
Easy Voice Recorder,PRODUCTIVITY,4.4,205191,7.1,10000000,Free,0.0,Everyone,Productivity,"June 20, 2018",2.4.5,4.1 and up,0.6422102564102564,0.5053846153846154,0.46838461538461534,0.026230769230769228,Positive,36.0,1.0,2.0,39.0
Solid Explorer Classic,PRODUCTIVITY,4.5,49794,6.5,1000000,Free,0.0,Everyone,Productivity,"June 17, 2017",1.7.3,2.3 and up,,,,,Unknown,,,,
File Browser by Astro (File Manager),PRODUCTIVITY,4.3,609182,9.2,50000000,Free,0.0,Everyone,Productivity,"July 2, 2018",6.4.0,4.0 and up,0.2661833333333333,0.19741666666666668,0.74525,0.05741666666666667,Positive,6.0,3.0,3.0,12.0
File Explorer,PRODUCTIVITY,4.1,979,0.72,100000,Free,0.0,Everyone,Productivity,"September 30, 2013",2.1.3,2.2 and up,0.35016956521739134,0.4548695652173913,0.42673913043478257,0.07495652173913044,Positive,17.0,4.0,2.0,23.0
The Maner,PRODUCTIVITY,4.2,53015,2.2,5000000,Free,0.0,Everyone,Productivity,"November 12, 2017",2.2.2,2.3 and up,,,,,Unknown,,,,
Smart File Manager,PRODUCTIVITY,4.2,17415,4.1,1000000,Free,0.0,Everyone,Productivity,"July 5, 2018",3.5.9,4.0 and up,,,,,Unknown,,,,
"Polaris Office - Word, Docs, Sheets, Slide, PDF",PRODUCTIVITY,4.3,549900,60.0,10000000,Free,0.0,Everyone,Productivity,"July 18, 2018",7.3.30,4.1 and up,,,,,Unknown,,,,
"WPS Office - Word, Docs, PDF, Note, Slide & Sheet",PRODUCTIVITY,4.5,1508137,37.0,100000000,Free,0.0,Everyone,Productivity,"July 30, 2018",11.1.3,4.0 and up,,,,,Unknown,,,,
Simple Notepad,PRODUCTIVITY,4.3,12321,0.713,1000000,Free,0.0,Everyone,Productivity,"December 25, 2016",2.0.1,2.3 and up,,,,,Unknown,,,,
Keep My Notes - Notepad & Memo,PRODUCTIVITY,4.6,122424,4.7,5000000,Free,0.0,Everyone,Productivity,"March 16, 2018",1.35.2,2.3.3 and up,,,,,Unknown,,,,
Sticky Note + : Sync Notes,PRODUCTIVITY,4.2,21507,6.6,1000000,Free,0.0,Everyone,Productivity,"August 31, 2017",13.4,4.0 and up,,,,,Unknown,,,,
Notepad,PRODUCTIVITY,4.2,80581,2.5,10000000,Free,0.0,Everyone,Productivity,"October 16, 2016",2.4,2.3 and up,,,,,Unknown,,,,
Squid - Take Notes & Markup PDFs,PRODUCTIVITY,4.2,37204,19.0,1000000,Free,0.0,Everyone,Productivity,"July 21, 2018",3.4.4.4-GP,4.0 and up,,,,,Unknown,,,,
Notepad & To do list,PRODUCTIVITY,4.3,226295,4.2,10000000,Free,0.0,Everyone,Productivity,"June 6, 2018",4.3.19,2.3.3 and up,,,,,Unknown,,,,
"JotterPad - Writer, Screenplay, Novel",PRODUCTIVITY,4.6,57904,11.0,1000000,Free,0.0,Everyone,Productivity,"July 1, 2018",12.8.2-pi,4.2 and up,,,,,Unknown,,,,
Calendar+ Schedule Planner App,PRODUCTIVITY,4.0,8985,5.7,1000000,Free,0.0,Everyone,Productivity,"January 16, 2017",1.07.59,4.0.3 and up,0.9811,0.377,0.623,0.0,Positive,1.0,0.0,0.0,1.0
Today Calendar 2017,PRODUCTIVITY,4.2,16349,9.0,1000000,Free,0.0,Everyone,Productivity,"April 25, 2016",4.0.7.3,4.1 and up,,,,,Unknown,,,,
New Calendar,PRODUCTIVITY,4.5,25985,6.9,1000000,Free,0.0,Everyone,Productivity,"July 20, 2018",1.0.167,4.0.3 and up,,,,,Unknown,,,,
Calendar Widget Month + Agenda,PRODUCTIVITY,4.2,60840,1.9,5000000,Free,0.0,Everyone,Productivity,"May 31, 2018",1.26.2,4.0.3 and up,0.16225000000000003,0.302,0.5720000000000001,0.126,Negative,1.0,0.0,1.0,2.0
Business Calendar 2,PRODUCTIVITY,4.6,102594,15.0,5000000,Free,0.0,Everyone,Productivity,"July 23, 2018",2.30.1,4.1 and up,0.420872,0.28824,0.65432,0.0574,Positive,18.0,2.0,5.0,25.0
Unclouded - Cloud Manager,PRODUCTIVITY,4.1,6850,11.0,100000,Free,0.0,Everyone,Productivity,"August 8, 2016",2.3.3-play,4.1 and up,,,,,Unknown,,,,
Amazon Drive,PRODUCTIVITY,4.4,18669,4.1,1000000,Free,0.0,Everyone,Productivity,"January 8, 2018",1.9.1.147.0-google,4.2 and up,0.28495000000000004,0.25922222222222224,0.6404166666666666,0.10041666666666667,Positive,23.0,3.0,10.0,36.0
SugarSync,PRODUCTIVITY,4.1,16420,3.8,1000000,Free,0.0,Everyone,Productivity,"May 16, 2018",4.4.0.4,2.3.3 and up,,,,,Unknown,,,,
MediaFire,PRODUCTIVITY,4.1,71432,3.8,5000000,Free,0.0,Everyone,Productivity,"November 1, 2017",4.2.2,4.1 and up,,,,,Unknown,,,,
Baby Names,PARENTING,4.5,86,2.8,10000,Free,0.0,Everyone,Parenting,"August 3, 2018",1.7,4.0.3 and up,,,,,Unknown,,,,
My baby Game (Balloon POP!),PARENTING,3.8,3614,3.3,1000000,Free,0.0,Everyone,Parenting;Brain Games,"May 28, 2018",2.15.2714,4.0 and up,,,,,Unknown,,,,
Development of the child up to a year,PARENTING,4.6,1413,14.0,100000,Free,0.0,Mature 17+,Parenting,"July 20, 2018",2.9.9,4.1 and up,,,,,Unknown,,,,
Favorite children's songs,PARENTING,4.7,39,95.0,10000,Free,0.0,Everyone,Parenting,"July 6, 2018",1.2.5,4.2 and up,,,,,Unknown,,,,
Baby Panda Learns Shapes,PARENTING,4.0,3789,42.0,1000000,Free,0.0,Everyone,Parenting;Education,"June 21, 2018",8.25.10.00,4.0.3 and up,0.3884081081081081,0.4151621621621622,0.5578648648648649,0.02697297297297297,Positive,25.0,9.0,3.0,37.0
Mozart Baby Sleep,PARENTING,4.7,107,98.0,50000,Free,0.0,Teen,Parenting,"July 9, 2018",1.4.0,4.2 and up,,,,,Unknown,,,,
Kids Videos,PARENTING,4.1,559,6.4,100000,Free,0.0,Everyone,Parenting,"May 20, 2018",1.3.1,4.1 and up,,,,,Unknown,,,,
My baby firework,PARENTING,3.7,4976,2.8,1000000,Free,0.0,Everyone,Parenting;Education,"May 28, 2018",2.04.2714,4.0 and up,,,,,Unknown,,,,
Baby Food - Homemade Recipes,PARENTING,4.1,44,3.6,10000,Free,0.0,Everyone,Parenting,"August 7, 2018",8.2,4.0.3 and up,,,,,Unknown,,,,
My baby Phone,PARENTING,3.7,9293,2.4,1000000,Free,0.0,Everyone,Parenting,"May 28, 2018",2.03.2714,4.0 and up,,,,,Unknown,,,,
Baby Sleep: White noise lullabies for newborns,PARENTING,4.6,62386,3.4,1000000,Free,0.0,Everyone,Parenting,"June 12, 2018",2.7,4.0 and up,,,,,Unknown,,,,
Arabic Chat - Chat,PARENTING,4.4,162,1.5,10000,Free,0.0,Everyone,Parenting,"May 1, 2018",1.0,4.1 and up,,,,,Unknown,,,,
BookBaby - Baby Development,PARENTING,4.6,1002,5.0,50000,Free,0.0,Everyone,Parenting,"August 18, 2016",3.0,4.0.3 and up,,,,,Unknown,,,,
Kids Craft Ideas,PARENTING,4.1,99,6.6,10000,Free,0.0,Everyone,Parenting,"March 29, 2018",1.1,4.1 and up,,,,,Unknown,,,,
How do I take care of my child?,PARENTING,4.8,190,6.8,100000,Free,0.0,Everyone,Parenting,"June 24, 2018",1.5,4.0 and up,,,,,Unknown,,,,
Baby Name Together,PARENTING,4.0,464,24.0,100000,Free,0.0,Everyone,Parenting,"August 6, 2018",2.3.1,5.0 and up,0.3457810810810811,0.4231891891891892,0.46078378378378376,0.11602702702702702,Positive,24.0,7.0,6.0,37.0
White Noise for Baby,PARENTING,4.9,717,6.6,100000,Free,0.0,Everyone,Parenting,"December 30, 2017",1.6.0,4.1 and up,,,,,Unknown,,,,
The first year of a baby's life,PARENTING,4.8,7505,9.1,100000,Free,0.0,Everyone,Parenting,"January 7, 2017",1.1.27.477-free,2.3 and up,,,,,Unknown,,,,
Safe365 – Cell Phone GPS Locator For Your Family,PARENTING,4.4,11501,11.0,1000000,Free,0.0,Everyone,Parenting,"July 30, 2018",3.7.1,4.0.3 and up,,,,,Unknown,,,,
Listen to the story~The Story of the Fairy Tales,PARENTING,4.7,69,5.8,5000,Free,0.0,Everyone,Parenting,"July 10, 2018",1.0.6,4.0.3 and up,,,,,Unknown,,,,
"Amazon FreeTime – Kids’ Videos, Books, & TV shows",PARENTING,4.2,2715,24.0,500000,Free,0.0,Everyone,Parenting;Music & Video,"July 24, 2018",FreeTimeApp-aosp_v3.14_Build-1.0.204367.0.13014,5.0 and up,0.5751028571428571,0.4003142857142857,0.5128285714285715,0.08688571428571429,Positive,30.0,3.0,2.0,35.0
"Kids Fang - Infant Videos, Children's Songs, Fairy Tales, Lullaby Collections",PARENTING,4.6,349,4.4,100000,Free,0.0,Everyone,Parenting,"March 21, 2018",1.7,4.4 and up,,,,,Unknown,,,,
PPS Online,PARENTING,4.6,37,16.0,10000,Free,0.0,Everyone,Parenting,"July 9, 2018",3.19,4.0.3 and up,,,,,Unknown,,,,
Johny Johny Yes Papa Nursery Rhyme - offline Video,PARENTING,4.5,806,11.0,500000,Free,0.0,Everyone,Parenting,"August 4, 2018",4.2,4.0.3 and up,,,,,Unknown,,,,
Latest Emmanuella Comedy Video,PARENTING,4.6,60,4.9,10000,Free,0.0,Everyone,Parenting,"April 1, 2018",Natalia Studio Development,4.0.3 and up,,,,,Unknown,,,,
Baby Care & Tracker,PARENTING,4.1,319,11.0,100000,Free,0.0,Everyone,Parenting,"July 12, 2018",5.3,4.0.3 and up,,,,,Unknown,,,,
Urban Limo Taxi Simulator,PARENTING,3.8,824,53.0,1000000,Free,0.0,Everyone,Parenting,"August 2, 2018",8.9,4.0.3 and up,,,,,Unknown,,,,
Rainbow - Journal & Activities,PARENTING,4.8,6668,20.0,100000,Free,0.0,Everyone,Parenting,"March 28, 2018",2.5.9,4.1 and up,,,,,Unknown,,,,
Classical music for baby,PARENTING,4.8,1940,38.0,100000,Free,0.0,Everyone,Parenting;Music & Video,"July 18, 2018",1.04,4.2 and up,,,,,Unknown,,,,
My Child from eDziecko.pl,PARENTING,4.5,1025,17.0,100000,Free,0.0,Everyone,Parenting,"June 29, 2018",1.3.9,4.1 and up,,,,,Unknown,,,,
Baby Panda Musical Genius,PARENTING,4.0,3346,37.0,1000000,Free,0.0,Everyone,Parenting;Music & Video,"June 15, 2018",8.25.10.00,4.0.3 and up,0.2787972972972973,0.3717027027027027,0.5622702702702702,0.066,Positive,21.0,10.0,6.0,37.0
Baby Monitor,PARENTING,4.4,5343,5.2,1000000,Free,0.0,Everyone,Parenting,"March 30, 2018",2.1.1,4.1 and up,0.4386514285714286,0.2864857142857143,0.643,0.07054285714285714,Positive,26.0,3.0,6.0,35.0
Daniel Tiger for Parents,PARENTING,4.7,247,28.0,100000,Free,0.0,Everyone,Parenting;Music & Video,"March 19, 2018",1.3.0,4.4 and up,0.8919333333333332,0.4446666666666667,0.5553333333333333,0.0,Positive,3.0,0.0,0.0,3.0
Vegetable Fun,PARENTING,3.9,3182,46.0,1000000,Free,0.0,Everyone,Parenting;Education,"June 15, 2018",8.25.10.00,4.0.3 and up,,,,,Unknown,,,,
It's open.,PARENTING,4.4,1528,16.0,100000,Free,0.0,Everyone,Parenting,"July 24, 2018",8.1.2,4.4 and up,,,,,Unknown,,,,
Children's Stories 2018 - The Lion Come Lion,PARENTING,4.4,39,18.0,10000,Free,0.0,Everyone,Parenting;Music & Video,"October 31, 2017",1.2,4.0 and up,,,,,Unknown,,,,
Feed Baby - Baby Tracker,PARENTING,4.5,76795,18.0,1000000,Free,0.0,Everyone,Parenting,"August 1, 2018",2.0.6,4.1 and up,,,,,Unknown,,,,
Weather forecast,WEATHER,4.8,159455,10.0,1000000,Free,0.0,Everyone,Weather,"May 8, 2018",1.11.93,4.4 and up,,,,,Unknown,,,,
Live Weather Pro,WEATHER,4.8,892,17.0,10000,Free,0.0,Everyone,Weather,"July 17, 2018",1.1,4.4 and up,,,,,Unknown,,,,
weather - weather forecast,WEATHER,4.7,11118,9.7,1000000,Free,0.0,Everyone,Weather,"April 26, 2018",30,4.0 and up,,,,,Unknown,,,,
Free live weather on screen,WEATHER,4.4,15370,21.0,1000000,Free,0.0,Everyone,Weather,"August 2, 2018",12.2.6.3660,4.1 and up,0.47197631578947363,0.6358947368421053,0.33144736842105266,0.03265789473684211,Positive,33.0,3.0,2.0,38.0
Weather Radar Widget,WEATHER,4.3,18194,3.2,1000000,Free,0.0,Everyone,Weather,"June 28, 2017",1.7.7,3.0 and up,,,,,Unknown,,,,
Weather –Simple weather forecast,WEATHER,4.4,40606,15.0,10000000,Free,0.0,Everyone,Weather,"August 5, 2018",v7.0.02.3.0516.1_06_0713,5.0 and up,,,,,Unknown,,,,
Weather Crave,WEATHER,4.2,133338,44.0,5000000,Free,0.0,Everyone,Weather,"June 26, 2018",6.1.3,4.1 and up,,,,,Unknown,,,,
Klara weather,WEATHER,4.6,36900,4.8,500000,Free,0.0,Everyone,Weather,"July 28, 2018",1.3.6,4.0 and up,,,,,Unknown,,,,
Real time Weather Forecast,WEATHER,4.4,4184,10.0,1000000,Free,0.0,Everyone,Weather,"March 26, 2018",7.1.12.12,5.0 and up,,,,,Unknown,,,,
METEO FRANCE,WEATHER,3.9,100994,54.0,5000000,Free,0.0,Everyone,Weather,"July 13, 2018",5.9.7,4.1 and up,,,,,Unknown,,,,
APE Weather ( Live Forecast),WEATHER,4.3,20008,9.1,5000000,Free,0.0,Everyone,Weather,"July 3, 2018",7.1.34.28,5.0 and up,0.41193939393939394,0.642060606060606,0.3483030303030303,0.009636363636363637,Positive,27.0,5.0,1.0,33.0
Live Weather & Daily Local Weather Forecast,WEATHER,4.5,13426,19.0,1000000,Free,0.0,Everyone,Weather,"July 17, 2018",9.9.1.1910,4.1 and up,,,,,Unknown,,,,
Weather,WEATHER,4.2,18773,12.0,10000000,Free,0.0,Everyone,Weather,"May 24, 2018",1.3.A.2.9,4.4 and up,,,,,Unknown,,,,
Klart.se - Sweden's best weather,WEATHER,3.6,7623,19.0,1000000,Free,0.0,Everyone,Weather,"July 11, 2018",3.18.5,4.4 and up,,,,,Unknown,,,,
Info BMKG,WEATHER,4.3,21404,7.6,1000000,Free,0.0,Everyone,Weather,"June 15, 2017",2.2,4.4 and up,,,,,Unknown,,,,
wetter.com - Weather and Radar,WEATHER,4.2,189313,38.0,10000000,Free,0.0,Everyone,Weather,"August 6, 2018",Varies with device,Varies with device,,,,,Unknown,,,,
Local Weather Forecast & Visual Widget,WEATHER,4.5,3478,6.1,500000,Free,0.0,Everyone,Weather,"August 2, 2018",2.9.10,4.2 and up,,,,,Unknown,,,,
Wetter by t-online.de,WEATHER,4.2,24349,9.2,1000000,Free,0.0,Everyone,Weather,"May 14, 2018",1.8.4.5,4.1 and up,,,,,Unknown,,,,
Weather Live Pro,WEATHER,4.8,17493,11.0,100000,Paid,4.49,Everyone,Weather,"April 20, 2018",1.3,4.4 and up,,,,,Unknown,,,,
AEMET's time,WEATHER,3.8,15966,9.2,1000000,Free,0.0,Everyone,Weather,"July 17, 2017",2.0,2.3 and up,,,,,Unknown,,,,
New 2018 Weather App & Widget,WEATHER,4.5,2332,20.0,500000,Free,0.0,Teen,Weather,"August 3, 2018",12.2.7.3671,4.1 and up,,,,,Unknown,,,,
Météociel,WEATHER,4.5,29344,22.0,500000,Free,0.0,Everyone,Weather,"July 25, 2018",4.1.11 - Hegoa,4.1 and up,,,,,Unknown,,,,
ForecaWeather,WEATHER,4.2,18425,5.3,1000000,Free,0.0,Everyone,Weather,"July 29, 2017",3.1.7,4.1 and up,0.3252763157894737,0.4166578947368421,0.5208421052631579,0.06257894736842105,Positive,27.0,4.0,7.0,38.0
All Video Downloader 2018,VIDEO_PLAYERS,4.3,7557,5.6,1000000,Free,0.0,Everyone,Video Players & Editors,"July 25, 2018",1.0.1,4.4 and up,0.31974705882352944,0.5656470588235294,0.3135294117647059,0.1208529411764706,Positive,24.0,5.0,5.0,34.0
Video Downloader,VIDEO_PLAYERS,4.2,59089,5.4,10000000,Free,0.0,Everyone,Video Players & Editors,"August 3, 2018",1.0.8,4.4 and up,,,,,Unknown,,,,
HD Video Player,VIDEO_PLAYERS,4.3,1551,2.9,1000000,Free,0.0,Everyone,Video Players & Editors,"July 25, 2018",1.1,4.1 and up,0.23206315789473686,0.3598157894736842,0.5096315789473684,0.13057894736842104,Positive,20.0,12.0,6.0,38.0
Iqiyi (for tablet),VIDEO_PLAYERS,3.6,12764,25.0,1000000,Free,0.0,Teen,Video Players & Editors,"July 11, 2018",7.1,4.0 and up,,,,,Unknown,,,,
Motorola Gallery,VIDEO_PLAYERS,3.9,121916,23.0,100000000,Free,0.0,Everyone,Video Players & Editors,"January 25, 2016",Varies with device,Varies with device,,,,,Unknown,,,,
Free TV series,VIDEO_PLAYERS,3.7,400,7.2,100000,Free,0.0,Teen,Video Players & Editors,"May 28, 2018",v1.0.3,4.0.3 and up,,,,,Unknown,,,,
Video Player All Format for Android,VIDEO_PLAYERS,4.6,3930,3.3,500000,Free,0.0,Everyone,Video Players & Editors,"July 26, 2018",1.1.7,4.0.3 and up,,,,,Unknown,,,,
Vote for,VIDEO_PLAYERS,4.2,193381,17.0,50000000,Free,0.0,Teen,Video Players & Editors,"August 3, 2018",1.78,4.0.3 and up,,,,,Unknown,,,,
XX HD Video downloader-Free Video Downloader,VIDEO_PLAYERS,4.1,7624,6.0,1000000,Free,0.0,Everyone,Video Players & Editors,"April 20, 2018",1.9,4.0.3 and up,,,,,Unknown,,,,
OBJECTIVE,VIDEO_PLAYERS,3.8,19738,33.0,1000000,Free,0.0,Teen,Video Players & Editors,"August 7, 2018",9.7.6,4.0 and up,,,,,Unknown,,,,
Music - Mp3 Player,VIDEO_PLAYERS,4.4,259605,3.1,10000000,Free,0.0,Everyone,Video Players & Editors,"August 3, 2018",1.6.1,4.0.3 and up,,,,,Unknown,,,,
HD Movie Video Player,VIDEO_PLAYERS,4.5,18699,4.1,1000000,Free,0.0,Everyone,Video Players & Editors,"March 27, 2018",1.0,4.0.3 and up,0.13843225806451614,0.23787096774193547,0.6078064516129031,0.15435483870967742,Positive,16.0,4.0,11.0,31.0
"YouCut - Video Editor & Video Maker, No Watermark",VIDEO_PLAYERS,4.6,98819,27.0,5000000,Free,0.0,Everyone,Video Players & Editors,"August 6, 2018",1.251.54,4.3 and up,,,,,Unknown,,,,
"Video Editor,Crop Video,Movie Video,Music,Effects",VIDEO_PLAYERS,4.7,53006,44.0,1000000,Free,0.0,Everyone,Video Players & Editors,"August 3, 2018",1.5.1,4.4 and up,,,,,Unknown,,,,
video player for android,VIDEO_PLAYERS,4.5,351168,13.0,10000000,Free,0.0,Everyone,Video Players & Editors,"October 18, 2016",2.0.0,2.3 and up,,,,,Unknown,,,,
HTC Service － DLNA,VIDEO_PLAYERS,3.9,3484,3.0,10000000,Free,0.0,Everyone,Video Players & Editors,"December 3, 2015",7.10.621414,5.0 and up,-0.0886135135135135,0.11467567567567569,0.7157567567567568,0.16954054054054052,Negative,13.0,4.0,20.0,37.0
Samsung Video Library,VIDEO_PLAYERS,4.4,25922,6.1,50000000,Free,0.0,Everyone,Video Players & Editors,"May 9, 2018",1.4.08.2,7.0 and up,,,,,Unknown,,,,
OnePlus Gallery,VIDEO_PLAYERS,3.8,5555,64.0,1000000,Free,0.0,Everyone,Video Players & Editors,"July 12, 2018",2.6.71,7.1 and up,,,,,Unknown,,,,
LIKE – Magic Video Maker & Community,VIDEO_PLAYERS,4.6,921868,47.0,50000000,Free,0.0,Teen,Video Players & Editors,"August 4, 2018",2.4.11,4.0 and up,,,,,Unknown,,,,
Play Tube,VIDEO_PLAYERS,4.3,15874,5.4,1000000,Free,0.0,Everyone,Video Players & Editors,"July 5, 2018",1.2,4.1 and up,,,,,Unknown,,,,
Video.Guru - Video Maker,VIDEO_PLAYERS,4.6,36969,27.0,1000000,Free,0.0,Everyone,Video Players & Editors,"August 6, 2018",1.137.22,4.3 and up,,,,,Unknown,,,,
"PowerDirector Video Editor App: 4K, Slow Mo & More",VIDEO_PLAYERS,4.5,714665,50.0,10000000,Free,0.0,Everyone,Video Players & Editors,"July 24, 2018",4.13.3,4.3 and up,,,,,Unknown,,,,
Video Status,VIDEO_PLAYERS,4.3,6685,4.0,1000000,Free,0.0,Everyone,Video Players & Editors,"August 2, 2018",1.1.4,4.1 and up,,,,,Unknown,,,,
Tencent Video - Supporting the whole network,VIDEO_PLAYERS,3.5,13205,44.0,1000000,Free,0.0,Teen,Video Players & Editors,"July 31, 2018",6.2.2.17136,3.0 and up,,,,,Unknown,,,,
Casper Ssinema,VIDEO_PLAYERS,3.3,1261,2.5,10000,Free,0.0,Everyone,Video Players & Editors,"October 30, 2014",1.0,2.3 and up,,,,,Unknown,,,,
amazer - Global Kpop Video Community,VIDEO_PLAYERS,4.3,1215,23.0,100000,Free,0.0,Everyone 10+,Video Players & Editors,"July 20, 2018",1.5.4,4.1 and up,,,,,Unknown,,,,
"Omlet Arcade - Stream, Meet, Play",VIDEO_PLAYERS,4.4,169965,14.0,10000000,Free,0.0,Teen,Video Players & Editors,"August 2, 2018",1.32.1,4.3 and up,,,,,Unknown,,,,
VUE: video editor & camcorder,VIDEO_PLAYERS,4.4,38630,89.0,1000000,Free,0.0,Everyone,Video Players & Editors,"August 5, 2018",2.1.6,4.4 and up,,,,,Unknown,,,,
BaBe + - Indonesian News,NEWS_AND_MAGAZINES,4.3,42624,16.0,1000000,Free,0.0,Everyone 10+,News & Magazines,"August 1, 2018",6.6.4,4.0 and up,,,,,Unknown,,,,
daily News,NEWS_AND_MAGAZINES,4.5,26411,26.0,1000000,Free,0.0,Everyone,News & Magazines,"March 26, 2018",2.3.2,4.1 and up,,,,,Unknown,,,,
"Free TV Shows App:News, TV Series, Episode, Movies",NEWS_AND_MAGAZINES,4.6,29706,11.0,1000000,Free,0.0,Teen,News & Magazines,"August 2, 2018",2.71,4.1 and up,0.5166297297297298,0.3622972972972973,0.5807567567567568,0.05691891891891891,Positive,28.0,5.0,4.0,37.0
Wireless news,NEWS_AND_MAGAZINES,3.5,6066,56.0,1000000,Free,0.0,Everyone,News & Magazines,"April 16, 2018",2.1.4,4.4 and up,,,,,Unknown,,,,
CNN Breaking US & World News,NEWS_AND_MAGAZINES,4.0,293080,25.0,10000000,Free,0.0,Everyone 10+,News & Magazines,"August 6, 2018",5.17,4.4 and up,0.06376964285714286,0.18803571428571428,0.6808214285714286,0.13114285714285714,Positive,55.0,12.0,45.0,112.0
BaBe - Read News,NEWS_AND_MAGAZINES,4.3,355921,17.0,10000000,Free,0.0,Teen,News & Magazines,"August 1, 2018",9.1.4,4.0 and up,,,,,Unknown,,,,
Nigeria News NAIJ.com,NEWS_AND_MAGAZINES,4.3,37882,9.1,1000000,Free,0.0,Teen,News & Magazines,"June 1, 2018",8.2.9,4.0.3 and up,,,,,Unknown,,,,
detikcom - Latest & Most Complete News,NEWS_AND_MAGAZINES,4.1,190888,11.0,10000000,Free,0.0,Teen,News & Magazines,"July 13, 2018",5.2.5,4.1 and up,,,,,Unknown,,,,
BaBe Lite - Read Quota Saving News,NEWS_AND_MAGAZINES,4.5,9548,15.0,1000000,Free,0.0,Everyone,News & Magazines,"August 1, 2018",6.6.4,4.0 and up,,,,,Unknown,,,,
ARY NEWS URDU,NEWS_AND_MAGAZINES,4.4,1071,9.7,500000,Free,0.0,Everyone,News & Magazines,"July 25, 2018",5.8.0,4.1 and up,0.12205294117647059,0.36623529411764705,0.5062058823529412,0.12755882352941175,Positive,16.0,11.0,7.0,34.0
Bengali Newspaper - The first L.,NEWS_AND_MAGAZINES,4.0,11908,5.5,1000000,Free,0.0,Everyone,News & Magazines,"July 1, 2018",8.3,4.1 and up,,,,,Unknown,,,,
"Read- Latest News, Information, Gossip and Politics",NEWS_AND_MAGAZINES,4.1,185058,6.7,10000000,Free,0.0,Teen,News & Magazines,"August 1, 2018",3.1.6.9,4.1 and up,,,,,Unknown,,,,
BBC Persian | BBC Farsi News,NEWS_AND_MAGAZINES,4.3,978,2.9,100000,Free,0.0,Everyone,News & Magazines,"May 12, 2018",1.8.2,4.0.3 and up,,,,,Unknown,,,,
Google News,NEWS_AND_MAGAZINES,3.9,877635,13.0,1000000000,Free,0.0,Teen,News & Magazines,"August 1, 2018",5.2.0,4.4 and up,0.28081452991452993,0.19157264957264958,0.689923076923077,0.11855555555555555,Positive,81.0,3.0,33.0,117.0
Opera News - Trending news and videos,NEWS_AND_MAGAZINES,4.5,51684,8.5,10000000,Free,0.0,Teen,News & Magazines,"July 31, 2018",4.2.2254.129147,Varies with device,,,,,Unknown,,,,
"Topbuzz: Breaking News, Videos & Funny GIFs",NEWS_AND_MAGAZINES,4.7,175110,25.0,10000000,Free,0.0,Mature 17+,News & Magazines,"August 6, 2018",6.7.3,4.0 and up,,,,,Unknown,,,,
"Pulse Nabd - World News, Urgent",NEWS_AND_MAGAZINES,4.5,357944,12.0,10000000,Free,0.0,Everyone,News & Magazines,"July 12, 2018",9.1,4.1 and up,,,,,Unknown,,,,
Asahi Shimbun Digital,NEWS_AND_MAGAZINES,3.1,735,6.3,500000,Free,0.0,Everyone,News & Magazines,"July 25, 2018",6.3.0,4.0.3 and up,,,,,Unknown,,,,
"Breaking News, Local news, Attacks and Alerts Free",NEWS_AND_MAGAZINES,4.7,2543,6.3,500000,Free,0.0,Everyone,News & Magazines,"July 19, 2018",8.0.6,4.1 and up,0.3053962962962963,0.3122592592592593,0.6613703703703704,0.02637037037037037,Positive,19.0,5.0,3.0,27.0
Sky News,NEWS_AND_MAGAZINES,4.0,30287,19.0,1000000,Free,0.0,Everyone 10+,News & Magazines,"August 3, 2018",4.11.0.611033,4.1 and up,,,,,Unknown,,,,
Microsoft News,NEWS_AND_MAGAZINES,4.2,31504,31.0,1000000,Free,0.0,Everyone 10+,News & Magazines,"July 30, 2018",18.201.01,5.0 and up,,,,,Unknown,,,,
"Vietnam Today - Read online newspapers, the hottest news 24h",NEWS_AND_MAGAZINES,4.2,21147,9.0,5000000,Free,0.0,Teen,News & Magazines,"August 6, 2018",2.2.1,4.0.3 and up,,,,,Unknown,,,,
Apple Daily Apple News,NEWS_AND_MAGAZINES,3.4,41490,25.0,5000000,Free,0.0,Teen,News & Magazines,"July 24, 2018",4.6.0,4.1 and up,,,,,Unknown,,,,
"The Report, Fox, Breitbart - Conservative News",NEWS_AND_MAGAZINES,4.6,2090,4.6,50000,Free,0.0,Everyone,News & Magazines,"August 5, 2018",1.9.0,4.1 and up,,,,,Unknown,,,,
РИА Новости,NEWS_AND_MAGAZINES,4.5,44274,8.0,1000000,Free,0.0,Everyone,News & Magazines,"August 6, 2018",4.0.6,4.4 and up,,,,,Unknown,,,,
Tencent News,NEWS_AND_MAGAZINES,4.0,7006,23.0,1000000,Free,0.0,Everyone,News & Magazines,"July 31, 2018",5.6.40,4.0 and up,,,,,Unknown,,,,
ARY NEWS,NEWS_AND_MAGAZINES,4.4,2959,9.8,1000000,Free,0.0,Everyone,News & Magazines,"August 4, 2018",7.5.0,4.1 and up,0.24473939393939392,0.3671515151515151,0.5453939393939394,0.08745454545454545,Positive,18.0,10.0,5.0,33.0
Kurio - Read the Latest News,NEWS_AND_MAGAZINES,4.2,40167,8.7,1000000,Free,0.0,Everyone,News & Magazines,"July 30, 2018",3.12.0,4.4 and up,,,,,Unknown,,,,
Loop - Caribbean Local News,NEWS_AND_MAGAZINES,4.0,4332,12.0,1000000,Free,0.0,Everyone,News & Magazines,"March 16, 2018",3.0.42,4.1 and up,,,,,Unknown,,,,
Podcast Addict,NEWS_AND_MAGAZINES,4.6,413999,10.0,5000000,Free,0.0,Teen,News & Magazines,"August 3, 2018",3.53.2,4.1 and up,,,,,Unknown,,,,
Podcast App: Free & Offline Podcasts by Player FM,NEWS_AND_MAGAZINES,4.6,66384,19.0,1000000,Free,0.0,Teen,News & Magazines,"July 25, 2018",4.1.0.72,4.0 and up,,,,,Unknown,,,,
Spreaker Podcast Radio,NEWS_AND_MAGAZINES,4.5,17703,6.6,500000,Free,0.0,Teen,News & Magazines,"June 7, 2018",4.10.0,4.4 and up,,,,,Unknown,,,,
Dezeen Magazine RSS Reader,NEWS_AND_MAGAZINES,4.3,350,14.0,10000,Free,0.0,Everyone,News & Magazines,"July 22, 2018",3.000.1,4.2 and up,,,,,Unknown,,,,
"issuu - Read Magazines, Catalogs, Newspapers.",NEWS_AND_MAGAZINES,4.4,74425,8.6,1000000,Free,0.0,Everyone,News & Magazines,"July 18, 2018",5.14.0,4.0.3 and up,,,,,Unknown,,,,
"BuzzFeed: News, Tasty, Quizzes",NEWS_AND_MAGAZINES,4.3,131028,13.0,5000000,Free,0.0,Teen,News & Magazines,"July 30, 2018",5.38,4.4 and up,0.29280563380281693,0.3279014084507042,0.5923802816901408,0.07977464788732394,Positive,44.0,13.0,14.0,71.0
LA Times: Your California News,NEWS_AND_MAGAZINES,3.6,3311,10.0,100000,Free,0.0,Everyone,News & Magazines,"April 24, 2018",4.0.1,4.2 and up,,,,,Unknown,,,,
World Newspapers,NEWS_AND_MAGAZINES,4.4,185884,7.5,1000000,Free,0.0,Mature 17+,News & Magazines,"September 17, 2017",3.1.9,4.1 and up,,,,,Unknown,,,,
The Wall Street Journal: Business & Market News,NEWS_AND_MAGAZINES,4.1,40975,36.0,1000000,Free,0.0,Everyone 10+,News & Magazines,"August 2, 2018",4.4.2.19,4.1 and up,,,,,Unknown,,,,
Financial Times,NEWS_AND_MAGAZINES,4.2,27104,8.2,1000000,Free,0.0,Everyone 10+,News & Magazines,"August 3, 2018",2.42.1.9,4.4 and up,0.28665,0.2619333333333333,0.6235666666666667,0.11460000000000001,Positive,21.0,3.0,6.0,30.0
The Guardian,NEWS_AND_MAGAZINES,4.7,247992,22.0,5000000,Free,0.0,Teen,News & Magazines,"July 25, 2018",6.5.1725,4.1 and up,,,,,Unknown,,,,
NYTimes - Latest News,NEWS_AND_MAGAZINES,3.9,63647,23.0,10000000,Free,0.0,Everyone 10+,News & Magazines,"August 1, 2018",6.19.5,4.4 and up,,,,,Unknown,,,,
RT News (Russia Today),NEWS_AND_MAGAZINES,4.6,56524,14.0,1000000,Free,0.0,Teen,News & Magazines,"August 6, 2018",3.5.13,4.0.3 and up,,,,,Unknown,,,,
Reuters News,NEWS_AND_MAGAZINES,4.3,13169,25.0,1000000,Free,0.0,Everyone 10+,News & Magazines,"June 6, 2018",3.4.4,4.1 and up,,,,,Unknown,,,,
Bloomberg: Market & Financial News,NEWS_AND_MAGAZINES,4.2,61692,27.0,10000000,Free,0.0,Everyone,News & Magazines,"July 25, 2018",5.9.1.1347176.a3ca6ab274,4.4 and up,0.12461249999999999,0.151225,0.76285,0.085925,Positive,17.0,15.0,8.0,40.0
ABC News - US & World News,NEWS_AND_MAGAZINES,4.0,18976,35.0,1000000,Free,0.0,Everyone 10+,News & Magazines,"June 6, 2018",3.19.11,5.0 and up,-0.026538571428571432,0.1658714285714286,0.6573285714285714,0.17675714285714283,Positive,26.0,20.0,24.0,70.0
Sync for reddit,NEWS_AND_MAGAZINES,4.6,62740,8.6,500000,Free,0.0,Mature 17+,News & Magazines,"June 16, 2018",16.3,4.1 and up,,,,,Unknown,,,,
AP Mobile - Breaking News,NEWS_AND_MAGAZINES,4.5,76677,4.6,1000000,Free,0.0,Everyone 10+,News & Magazines,"May 25, 2017",4.4.3,4.0 and up,0.42645,0.1753888888888889,0.7660833333333333,0.05863888888888889,Positive,29.0,3.0,4.0,36.0
HuffPost - News,NEWS_AND_MAGAZINES,4.2,78154,12.0,1000000,Free,0.0,Everyone 10+,News & Magazines,"August 3, 2018",19.2.8,4.4 and up,,,,,Unknown,,,,
News Republic,NEWS_AND_MAGAZINES,4.3,479594,18.0,10000000,Free,0.0,Teen,News & Magazines,"July 28, 2018",9.2.3,4.0 and up,,,,,Unknown,,,,
SmartNews: Breaking News Headlines,NEWS_AND_MAGAZINES,4.2,233305,3.1,10000000,Free,0.0,Everyone,News & Magazines,"August 3, 2018",5.1.10,2.2 and up,,,,,Unknown,,,,
AC - Tips & News for Android™,NEWS_AND_MAGAZINES,4.2,23292,14.0,1000000,Free,0.0,Everyone 10+,News & Magazines,"May 24, 2018",3.1.12,4.1 and up,0.15076285714285714,0.1612,0.76,0.07885714285714286,Positive,16.0,11.0,8.0,35.0
CBS News,NEWS_AND_MAGAZINES,4.3,23641,23.0,1000000,Free,0.0,Everyone 10+,News & Magazines,"June 29, 2018",3.9.0,4.1 and up,0.4215,0.318,0.682,0.0,Positive,1.0,0.0,0.0,1.0
NPR One,NEWS_AND_MAGAZINES,3.9,13217,8.8,1000000,Free,0.0,Teen,News & Magazines,"August 3, 2018",1.8.7.0,5.0 and up,,,,,Unknown,,,,
Pocket,NEWS_AND_MAGAZINES,4.5,256680,12.0,10000000,Free,0.0,Everyone,News & Magazines,"July 24, 2018",6.7.15.7,4.0.3 and up,,,,,Unknown,,,,
"Yahoo! transit guide free timetable, operation information, transfer search",MAPS_AND_NAVIGATION,4.4,104800,22.0,10000000,Free,0.0,Everyone,Maps & Navigation,"July 26, 2018",7.0.1,4.0 and up,,,,,Unknown,,,,
Mapy.cz - Cycling & Hiking offline maps,MAPS_AND_NAVIGATION,4.5,56443,43.0,1000000,Free,0.0,Everyone,Maps & Navigation,"June 26, 2018",6.2.0,4.1 and up,,,,,Unknown,,,,
GPS Navigation & Offline Maps Sygic,MAPS_AND_NAVIGATION,4.4,1421884,33.0,50000000,Free,0.0,Everyone,Maps & Navigation,"July 26, 2018",17.4.11,4.0.3 and up,,,,,Unknown,,,,
Map and Router Badge,MAPS_AND_NAVIGATION,4.4,3652,32.0,500000,Free,0.0,Everyone,Maps & Navigation,"July 25, 2018",4.8.1,4.1 and up,,,,,Unknown,,,,
Air Traffic,MAPS_AND_NAVIGATION,4.3,14110,6.8,1000000,Free,0.0,Everyone,Maps & Navigation,"July 24, 2018",4.3,5.0 and up,0.30353181818181824,0.34286363636363637,0.5919090909090909,0.06531818181818182,Positive,15.0,4.0,3.0,22.0
Speed Cameras Radar,MAPS_AND_NAVIGATION,4.4,18710,4.0,1000000,Free,0.0,Everyone,Maps & Navigation,"August 3, 2018",3.2.2,4.0.3 and up,,,,,Unknown,,,,
Compass,MAPS_AND_NAVIGATION,4.3,286454,3.7,10000000,Free,0.0,Everyone,Maps & Navigation,"August 9, 2016",2.1.2,2.3 and up,,,,,Unknown,,,,
Gps Route Finder,MAPS_AND_NAVIGATION,4.4,652,3.4,100000,Free,0.0,Everyone,Maps & Navigation,"May 26, 2018",116,4.1 and up,,,,,Unknown,,,,
Sygic Car Navigation,MAPS_AND_NAVIGATION,4.7,162049,48.0,5000000,Free,0.0,Everyone,Maps & Navigation,"August 7, 2018",18.0.2,4.4 and up,,,,,Unknown,,,,
Czech Public Transport IDOS,MAPS_AND_NAVIGATION,4.3,26014,7.7,1000000,Free,0.0,Everyone,Maps & Navigation,"November 6, 2017",2.4.1,4.0.3 and up,0.37424285714285715,0.2816785714285714,0.6793214285714286,0.039035714285714285,Positive,22.0,5.0,1.0,28.0
Karta GPS - Offline Navigation,MAPS_AND_NAVIGATION,4.5,53562,60.0,1000000,Free,0.0,Everyone,Maps & Navigation,"May 4, 2018",2.10.06,5.0 and up,,,,,Unknown,,,,
Circle ratio,MAPS_AND_NAVIGATION,3.7,10562,60.0,1000000,Free,0.0,Everyone,Maps & Navigation,"August 3, 2018",04.08.00,4.4 and up,,,,,Unknown,,,,
Soviet Military Maps Free,MAPS_AND_NAVIGATION,4.3,21589,5.6,1000000,Free,0.0,Everyone,Maps & Navigation,"August 1, 2018",5.1.0 free,4.0 and up,,,,,Unknown,,,,
Sentin Information Map,MAPS_AND_NAVIGATION,4.1,2909,5.2,100000,Free,0.0,Everyone,Maps & Navigation,"June 26, 2018",1.39,4.1 and up,,,,,Unknown,,,,
Snapp,MAPS_AND_NAVIGATION,4.5,37937,25.0,1000000,Free,0.0,Everyone,Maps & Navigation,"August 1, 2018",3.6.7,4.0.3 and up,,,,,Unknown,,,,
GPS Speedometer and Odometer,MAPS_AND_NAVIGATION,4.8,15865,3.3,1000000,Free,0.0,Everyone,Maps & Navigation,"August 3, 2018",10.0,4.1 and up,0.62925,0.7190000000000001,0.281,0.0,Positive,4.0,0.0,0.0,4.0
GPS Traffic Speedcam Route Planner by ViaMichelin,MAPS_AND_NAVIGATION,4.3,63920,29.0,5000000,Free,0.0,Everyone,Maps & Navigation,"July 28, 2018",7.16.8,4.0.3 and up,0.21891944444444444,0.3378333333333333,0.5991388888888889,0.06302777777777778,Positive,21.0,6.0,9.0,36.0
Trucker Path – Truck Stops & Weigh Stations,MAPS_AND_NAVIGATION,4.7,38375,49.0,1000000,Free,0.0,Everyone,Maps & Navigation,"July 26, 2018",3.0.2,4.1 and up,,,,,Unknown,,,,
Map Coordinates,MAPS_AND_NAVIGATION,4.3,16657,3.6,1000000,Free,0.0,Everyone,Maps & Navigation,"July 17, 2018",4.7.5,4.0.3 and up,,,,,Unknown,,,,
Grab Driver,MAPS_AND_NAVIGATION,4.2,301413,48.0,5000000,Free,0.0,Everyone,Maps & Navigation,"August 1, 2018",5.44.1,4.1 and up,,,,,Unknown,,,,
"GPS Speedometer, Distance Meter",MAPS_AND_NAVIGATION,4.6,16094,5.4,1000000,Free,0.0,Everyone,Maps & Navigation,"July 31, 2018",2.7.2,4.0 and up,0.36930625,0.56246875,0.36693749999999997,0.07059375000000001,Positive,24.0,4.0,4.0,32.0
Blitzer.de,MAPS_AND_NAVIGATION,4.5,65590,18.0,5000000,Free,0.0,Everyone,Maps & Navigation,"July 9, 2018",3.1.0,4.0 and up,,,,,Unknown,,,,
GPS Speedometer - Trip Meter - Altimeter,MAPS_AND_NAVIGATION,4.3,32225,3.2,1000000,Free,0.0,Everyone,Maps & Navigation,"July 26, 2018",2.0.0,4.2 and up,,,,,Unknown,,,,
Radarbot Free: Speed Camera Detector & Speedometer,MAPS_AND_NAVIGATION,4.5,44348,11.0,5000000,Free,0.0,Everyone,Maps & Navigation,"July 6, 2018",6.2.3,4.1 and up,,,,,Unknown,,,,
FindShip,MAPS_AND_NAVIGATION,4.2,23279,8.5,1000000,Free,0.0,Everyone,Maps & Navigation,"April 26, 2018",5.2.10,4.1 and up,0.21621176470588235,0.18988235294117645,0.7363823529411765,0.07367647058823529,Positive,18.0,8.0,8.0,34.0
ÖBB Scotty,MAPS_AND_NAVIGATION,4.2,12572,24.0,1000000,Free,0.0,Everyone,Maps & Navigation,"February 19, 2018",5.4 (30),4.0 and up,,,,,Unknown,,,,
Subway Terminator: Smarter Subway,MAPS_AND_NAVIGATION,4.3,70556,26.0,10000000,Free,0.0,Everyone,Maps & Navigation,"July 17, 2018",4.76,4.0 and up,,,,,Unknown,,,,
Alopec - Online Shipping System,MAPS_AND_NAVIGATION,4.3,1240,14.0,100000,Free,0.0,Everyone,Maps & Navigation,"November 2, 2017",2.4.1,4.1 and up,,,,,Unknown,,,,
hum app,MAPS_AND_NAVIGATION,4.4,10218,78.0,1000000,Free,0.0,Everyone,Maps & Navigation,"July 31, 2018",5.072.1830.2,4.2 and up,,,,,Unknown,,,,
National Rail Enquiries,MAPS_AND_NAVIGATION,3.5,18857,7.0,1000000,Free,0.0,Everyone,Maps & Navigation,"May 24, 2018",9.3.3,4.0.3 and up,,,,,Unknown,,,,
ixigo Cabs-Compare & Book Taxi,MAPS_AND_NAVIGATION,4.2,11838,9.2,1000000,Free,0.0,Everyone,Maps & Navigation,"April 9, 2018",1.7.3,4.0.3 and up,,,,,Unknown,,,,
Flashlight,TOOLS,4.5,162335,4.9,10000000,Free,0.0,Everyone,Tools,"July 6, 2018",8.10.1,4.0 and up,0.3646342857142857,0.5503714285714286,0.4196,0.030028571428571432,Positive,27.0,5.0,3.0,35.0
aa,FAMILY,4.2,886418,6.5,50000000,Free,0.0,Everyone,Strategy,"June 30, 2018",1.7.3,4.1 and up,,,,,Unknown,,,,
A Call From Santa Claus!,FAMILY,3.9,3720,11.0,1000000,Free,0.0,Everyone,Entertainment,"December 4, 2016",4.2.3,4.0.3 and up,0.17211176470588235,0.23129411764705882,0.6130294117647059,0.15570588235294117,Positive,19.0,0.0,15.0,34.0
Rope Hero Return of a Legend,GAME,4.3,9951,96.0,1000000,Free,0.0,Mature 17+,Arcade,"August 26, 2016",1.0,2.3 and up,,,,,Unknown,,,,
A Word A Day,FAMILY,3.7,2398,2.9,500000,Free,0.0,Everyone,Education,"January 5, 2017",5.8,4.0 and up,0.42095,0.30275,0.5965,0.10075,Positive,3.0,0.0,1.0,4.0
Draw a Stickman: EPIC 2 Free,GAME,4.3,213340,24.0,10000000,Free,0.0,Everyone,Adventure,"June 14, 2018",1.2.1.49,4.0 and up,,,,,Unknown,,,,
Akinator,FAMILY,4.3,1805398,55.0,50000000,Free,0.0,Teen,Entertainment,"June 11, 2018",6.5.2,4.4 and up,0.42689736842105264,0.2517894736842105,0.6100526315789473,0.13807894736842105,Positive,29.0,1.0,8.0,38.0
Dog Sim Online: Raise a Family,FAMILY,4.6,94989,74.0,5000000,Free,0.0,Teen,Simulation,"April 22, 2018",8.6,4.0 and up,0.53295,0.4085,0.49,0.10200000000000001,Positive,3.0,0.0,1.0,4.0
Color by Number - Draw Sandbox Pixel Art,FAMILY,4.6,10247,15.0,1000000,Free,0.0,Everyone,Entertainment,"July 27, 2018",1.3.13,4.1 and up,0.35113804347826083,0.4052608695652174,0.4762717391304348,0.11851086956521739,Positive,64.0,13.0,15.0,92.0
A+ Mobile,FINANCE,3.9,730,6.3,10000,Free,0.0,Everyone,Finance,"June 26, 2018",5.4.4,4.4 and up,0.3582952380952381,0.4694761904761905,0.46234523809523814,0.06819047619047619,Positive,61.0,9.0,14.0,84.0
Build a Bridge!,FAMILY,4.6,263454,74.0,10000000,Free,0.0,Everyone,Puzzle,"August 2, 2018",2.1.1,4.1 and up,0.3083104651162791,0.40836046511627905,0.47758139534883726,0.11405813953488374,Positive,56.0,8.0,22.0,86.0
Find a Way: Addictive Puzzle,FAMILY,4.8,39480,14.0,500000,Free,0.0,Everyone,Puzzle,"June 16, 2017",4.1.1,4.1 and up,0.6059966666666666,0.3353,0.5788333333333333,0.08593333333333333,Positive,25.0,0.0,5.0,30.0
CompTIA A+ Pocket Prep,FAMILY,4.3,1311,14.0,10000,Free,0.0,Everyone,Education,"July 11, 2018",4.5.2,4.4 and up,,,,,Unknown,,,,
Comptia A+ 220-901 & 220-902,FAMILY,4.4,174,5.7,10000,Free,0.0,Everyone,Education,"April 19, 2018",2.0.7,4.1 and up,0.39119310344827585,0.5770344827586208,0.38158620689655176,0.041379310344827586,Positive,23.0,2.0,4.0,29.0
Create A Superhero HD,FAMILY,3.3,8642,19.0,500000,Free,0.0,Teen,Casual,"December 30, 2017",4.0.4,2.3 and up,,,,,Unknown,,,,
Super Mario Run,GAME,3.7,1221896,70.0,100000000,Free,0.0,Everyone,Action,"July 12, 2018",3.0.11,4.2 and up,,,,,Unknown,,,,
STARDOM: THE A-LIST,GAME,4.5,152658,29.0,1000000,Free,0.0,Teen,Adventure,"September 12, 2014",2.1.8,2.1 and up,,,,,Unknown,,,,
LokLok: Draw on a Lock Screen,COMMUNICATION,4.1,14766,16.0,500000,Free,0.0,Teen,Communication,"September 20, 2017",0.81 beta,4.0.3 and up,,,,,Unknown,,,,
Photo Warp,FAMILY,3.7,353342,13.0,50000000,Free,0.0,Everyone,Entertainment,"November 24, 2017",2.0.7,4.0 and up,,,,,Unknown,,,,
CompTIA Exam Training,FAMILY,4.8,3053,17.0,50000,Free,0.0,Everyone,Education,"July 3, 2018",1.7,4.2 and up,,,,,Unknown,,,,
Asphalt 8: Airborne,GAME,4.5,8389714,92.0,100000000,Free,0.0,Teen,Racing,"July 4, 2018",3.7.1a,4.0.3 and up,0.3356287671232877,0.23975342465753424,0.6391095890410959,0.12116438356164384,Positive,52.0,1.0,20.0,73.0
Basketball Stars,SPORTS,4.4,867920,45.0,10000000,Free,0.0,Everyone,Sports,"July 14, 2018",1.16.2,4.0.3 and up,0.13211797752808987,0.25380898876404495,0.5679325842696629,0.1782696629213483,Positive,45.0,8.0,36.0,89.0
Lep's World 2 🍀🍀,GAME,4.3,798522,57.0,100000000,Free,0.0,Everyone 10+,Arcade,"June 7, 2018",1.9.8.0,4.1 and up,,,,,Unknown,,,,
Wolfify - Be a Werewolf,FAMILY,3.8,6760,26.0,500000,Free,0.0,Everyone,Entertainment,"June 11, 2015",1.4.6,3.2 and up,,,,,Unknown,,,,
Law of Creation: A Playable Manga,GAME,4.5,13118,47.0,500000,Free,0.0,Teen,Adventure,"June 25, 2018",1.0.19,4.0.3 and up,,,,,Unknown,,,,
Real City Car Driver,GAME,3.7,413609,22.0,10000000,Free,0.0,Mature 17+,Racing,"August 1, 2018",2.8,4.1 and up,,,,,Unknown,,,,
Rolling Sky,GAME,4.5,1117212,50.0,50000000,Free,0.0,Everyone,Board,"August 3, 2018",Varies with device,4.0.3 and up,,,,,Unknown,,,,
Gymnastics Superstar - Spin your way to gold!,FAMILY,4.6,305765,34.0,10000000,Free,0.0,Everyone,Role Playing,"July 31, 2018",1.1.7,4.1 and up,,,,,Unknown,,,,
SuperCity: Build a Story,FAMILY,4.4,98324,70.0,1000000,Free,0.0,Everyone,Simulation,"July 28, 2018",1.19.1,4.1 and up,,,,,Unknown,,,,
4 in a row,GAME,4.3,47698,4.1,5000000,Free,0.0,Everyone,Board,"April 12, 2016",1.0.21,1.5 and up,,,,,Unknown,,,,
Four In A Line Free,GAME,4.3,133195,11.0,5000000,Free,0.0,Everyone,Board,"June 11, 2018",1.58,4.1 and up,0.3389370370370371,0.3667037037037037,0.5447407407407407,0.08859259259259258,Positive,18.0,5.0,4.0,27.0
Like A Boss,FAMILY,4.4,17069,94.0,500000,Free,0.0,Everyone 10+,Role Playing,"August 1, 2018",1.0.17.2,5.0 and up,,,,,Unknown,,,,
AutoCAD - DWG Viewer & Editor,PRODUCTIVITY,4.2,145088,24.0,10000000,Free,0.0,Everyone,Productivity,"July 23, 2018",4.5.19,4.4 and up,0.23106111111111113,0.32702777777777775,0.5691944444444444,0.10380555555555555,Positive,22.0,5.0,9.0,36.0
Hungry Hearts Diner: A Tale of Star-Crossed Souls,FAMILY,4.9,46253,56.0,500000,Free,0.0,Everyone 10+,Simulation,"February 7, 2018",1.0.1,4.0 and up,,,,,Unknown,,,,
Dragon Sim Online: Be A Dragon,FAMILY,4.6,111741,66.0,5000000,Free,0.0,Teen,Simulation,"February 27, 2018",5.4,4.0 and up,,,,,Unknown,,,,
Fortune City - A Finance App,FINANCE,4.6,49275,91.0,500000,Free,0.0,Everyone,Finance,"July 17, 2018",2.0.3.1,4.4 and up,0.5926875,0.435625,0.5316458333333334,0.03275,Positive,42.0,4.0,2.0,48.0
Draw A Stickman,GAME,3.4,29265,17.0,1000000,Free,0.0,Everyone,Adventure,"May 19, 2017",1.1.0,4.0.3 and up,0.0,0.0,1.0,0.0,Neutral,0.0,1.0,0.0,1.0
Be A Legend: Soccer,SPORTS,3.8,85763,21.0,1000000,Free,0.0,Everyone,Sports,"August 24, 2015",2.8.0.17,3.0 and up,0.07157448979591838,0.18491836734693878,0.6437755102040816,0.17127551020408163,Positive,49.0,6.0,43.0,98.0
Cat Sim Online: Play with Cats,FAMILY,4.6,137198,81.0,5000000,Free,0.0,Everyone 10+,Simulation,"April 22, 2018",3.7,4.0 and up,0.6346311475409836,0.38867213114754096,0.5372622950819672,0.0740983606557377,Positive,54.0,2.0,5.0,61.0
Four In A Line,GAME,3.8,22191,3.0,1000000,Free,0.0,Everyone,Board,"May 4, 2015",1.10,2.3 and up,0.5315163934426229,0.4760655737704918,0.42962295081967217,0.09439344262295082,Positive,49.0,7.0,5.0,61.0
Tik Tok - including musical.ly,SOCIAL,4.4,5637451,59.0,100000000,Free,0.0,Teen,Social,"August 3, 2018",8.0.0,4.1 and up,,,,,Unknown,,,,
Disney Magic Timer by Oral-B,FAMILY,3.9,31061,83.0,1000000,Free,0.0,Everyone,Health & Fitness;Action & Adventure,"June 16, 2018",4.0.6,4.2 and up,,,,,Unknown,,,,
B-Messenger Video Chat,SOCIAL,4.1,12495,19.0,1000000,Free,0.0,Mature 17+,Social,"August 19, 2017",7.1.1,2.3 and up,,,,,Unknown,,,,
Bestie - Camera360 Selfie,PHOTOGRAPHY,4.5,512996,23.0,10000000,Free,0.0,Everyone,Photography,"August 2, 2018",4.0.3.5,4.1 and up,,,,,Unknown,,,,
B,FINANCE,3.7,800,32.0,50000,Free,0.0,Everyone,Finance,"June 21, 2018",2.16.5426,4.4 and up,,,,,Unknown,,,,
BIGO LIVE - Live Stream,SOCIAL,4.4,2349421,39.0,100000000,Free,0.0,Teen,Social,"July 27, 2018",4.1.0,4.0 and up,,,,,Unknown,,,,
B-BLE(BLE4.0 Scan),TOOLS,3.8,159,7.5,10000,Free,0.0,Everyone,Tools,"April 20, 2018",5.5,5.0 and up,,,,,Unknown,,,,
Cardi B Piano Game,GAME,3.1,50,7.4,10000,Free,0.0,Everyone,Music,"November 15, 2017",2.0,4.0 and up,,,,,Unknown,,,,
ADS-B Driver,TOOLS,5.0,2,6.3,100,Paid,1.99,Everyone,Tools,"May 15, 2018",1.19,4.4 and up,,,,,Unknown,,,,
MORTAL KOMBAT X,GAME,4.4,3039889,18.0,10000000,Free,0.0,Mature 17+,Action,"June 27, 2018",1.18.2,4.0 and up,,,,,Unknown,,,,
B.GOOD,FOOD_AND_DRINK,2.9,155,20.0,10000,Free,0.0,Everyone,Food & Drink,"April 4, 2018",4.94.19,4.1 and up,,,,,Unknown,,,,
Oral-B App,HEALTH_AND_FITNESS,3.3,14210,96.0,1000000,Free,0.0,Everyone,Health & Fitness,"July 19, 2018",6.0.1,5.0 and up,,,,,Unknown,,,,
Smart Launcher theme b. gold,PERSONALIZATION,4.1,291,35.0,5000,Paid,1.99,Everyone,Personalization,"October 22, 2016",2.20,2.0 and up,,,,,Unknown,,,,
Next Launcher 3D Theme Hit-B,PERSONALIZATION,4.4,83,8.6,1000,Paid,1.7,Everyone,Personalization,"August 16, 2015",1.05,2.2 and up,,,,,Unknown,,,,
Pixel Gun 3D: Survival shooter & Battle Royale,GAME,4.5,4487182,55.0,50000000,Free,0.0,Teen,Action,"July 4, 2018",15.1.2,4.0.3 and up,,,,,Unknown,,,,
B-52 Spirits of Glory Deluxe,GAME,4.3,12,29.0,100,Paid,0.99,Everyone,Arcade,"September 2, 2017",1.5.9,2.3 and up,,,,,Unknown,,,,
Servers Ultimate Pack B,TOOLS,4.3,668,13.0,50000,Free,0.0,Everyone,Tools,"March 31, 2016",2.1.8,2.1 and up,,,,,Unknown,,,,
Air Transat CinePlus B,TRAVEL_AND_LOCAL,2.2,83,6.7,50000,Free,0.0,Everyone,Travel & Local,"July 5, 2018",1.0.17.3905,4.4 and up,,,,,Unknown,,,,
Hay Day,FAMILY,4.5,10053186,94.0,100000000,Free,0.0,Everyone,Casual,"June 28, 2018",1_39_93,4.0.3 and up,0.39573114754098365,0.26231147540983607,0.6133606557377049,0.12426229508196722,Positive,46.0,3.0,12.0,61.0
B-Grade Renegade,GAME,3.9,24,64.0,1000,Paid,1.99,Teen,Action,"October 17, 2017",0.8.17,3.2 and up,,,,,Unknown,,,,
CARDI B WALLPAPERS,PERSONALIZATION,4.1,8,4.5,1000,Free,0.0,Everyone,Personalization,"May 21, 2018",3.1,4.0.3 and up,,,,,Unknown,,,,
Plan B,MAPS_AND_NAVIGATION,3.3,19,6.0,5000,Free,0.0,Everyone,Maps & Navigation,"July 12, 2017",1.2,4.3 and up,,,,,Unknown,,,,
B Tiff Viewer,PHOTOGRAPHY,4.1,283,7.4,100000,Free,0.0,Everyone,Photography,"May 12, 2018",1.1.7.4,4.0 and up,,,,,Unknown,,,,
Cardi B Wallpaper,ART_AND_DESIGN,4.8,253,3.7,50000,Free,0.0,Everyone,Art & Design,"November 1, 2017",1.0.0,4.0 and up,,,,,Unknown,,,,
A & B Taxi,MAPS_AND_NAVIGATION,4.1,41,25.0,1000,Free,0.0,Everyone,Maps & Navigation,"July 4, 2018",0.19.13-SPECTRUM,4.0.3 and up,,,,,Unknown,,,,
Cardi B HD Wallpapers Lock Screen,PERSONALIZATION,4.5,2,10.0,500,Free,0.0,Mature 17+,Personalization,"June 10, 2018",1.3,4.0.3 and up,,,,,Unknown,,,,
Learn C [NEW],FAMILY,4.5,349,11.0,50000,Free,0.0,Everyone,Education,"March 16, 2018",2.1.1,4.0 and up,,,,,Unknown,,,,
Mobile C [ C/C++ Compiler ],FAMILY,4.3,4624,78.0,100000,Free,0.0,Everyone,Education,"July 7, 2018",2.5.1,4.0.3 and up,,,,,Unknown,,,,
Critical Ops,GAME,4.4,1397944,50.0,10000000,Free,0.0,Teen,Action,"July 31, 2018",0.9.10.f96,4.4 and up,,,,,Unknown,,,,
CL Mobile - Classifieds for Craigslist,SHOPPING,4.4,27275,8.3,1000000,Free,0.0,Teen,Shopping,"July 30, 2018",27500000,4.1 and up,,,,,Unknown,,,,
C Locker Pro,PERSONALIZATION,4.2,1531,7.7,10000,Paid,2.99,Everyone,Personalization,"December 5, 2017",8.3.4,4.1 and up,,,,,Unknown,,,,
C Programs and Reference,BOOKS_AND_REFERENCE,4.2,873,2.5,50000,Free,0.0,Everyone,Books & Reference,"July 31, 2014",2.2,2.1 and up,,,,,Unknown,,,,
C Programming Zone,FAMILY,4.6,1218,4.0,50000,Free,0.0,Everyone,Education,"May 13, 2017",3.0,4.0.3 and up,,,,,Unknown,,,,
C Offline Tutorial,BOOKS_AND_REFERENCE,4.7,88,4.2,1000,Free,0.0,Everyone,Books & Reference,"December 8, 2017",1.0.1,4.1 and up,,,,,Unknown,,,,
Neon Glow C - Icon Pack,PERSONALIZATION,4.8,557,74.0,10000,Paid,0.99,Everyone,Personalization,"July 27, 2018",4.5.0,4.0.3 and up,,,,,Unknown,,,,
All C Programs,FAMILY,4.7,2387,6.9,100000,Free,0.0,Everyone,Education,"June 9, 2018",2.5.1,4.1 and up,,,,,Unknown,,,,
C by GE,LIFESTYLE,1.7,686,6.6,10000,Free,0.0,Everyone,Lifestyle,"July 11, 2018",4.1.07,4.3 and up,,,,,Unknown,,,,
CPlus for Craigslist - Officially Licensed,LIFESTYLE,4.5,8096,16.0,1000000,Free,0.0,Mature 17+,Lifestyle,"August 3, 2018",1.6.4,4.1 and up,,,,,Unknown,,,,
Alt-C,PRODUCTIVITY,4.0,499,4.7,10000,Free,0.0,Everyone,Productivity,"January 27, 2017",1.37,4.0 and up,,,,,Unknown,,,,
C-SPAN Radio,FAMILY,3.6,608,5.4,100000,Free,0.0,Everyone,Entertainment,"May 17, 2018",4.3.2,4.1 and up,,,,,Unknown,,,,
Bridge-C - Get More Storage,TOOLS,2.0,24,35.0,1000,Free,0.0,Everyone,Tools,"December 29, 2017",1.7,6.0 and up,,,,,Unknown,,,,
Community by C Space,LIFESTYLE,4.7,707,26.0,5000,Free,0.0,Everyone,Lifestyle,"July 17, 2018",2.2.0,4.4 and up,,,,,Unknown,,,,
My C Spire,PRODUCTIVITY,4.1,376,32.0,50000,Free,0.0,Everyone,Productivity,"July 23, 2018",2.15.1,4.4 and up,,,,,Unknown,,,,
learn c in hindi,FAMILY,4.3,109,2.7,5000,Free,0.0,Everyone,Education,"June 24, 2017",4.1,4.0 and up,,,,,Unknown,,,,
Learn C Programming (Examples) (OFFLINE),FAMILY,4.3,43,3.7,10000,Free,0.0,Everyone,Education,"December 16, 2017",1.0.3,4.1 and up,,,,,Unknown,,,,
"C Programming - Learn Code, Theory & Discuss",FAMILY,4.5,2751,7.0,100000,Free,0.0,Everyone,Education,"June 15, 2018",3.2.8,4.0.3 and up,,,,,Unknown,,,,
Expert C Programming - Learn C Coding Easily,FAMILY,4.4,77,6.9,5000,Free,0.0,Everyone,Education,"January 5, 2018",1.1.9,5.0 and up,,,,,Unknown,,,,
codeEazy - C/C++/JAVA,FAMILY,4.6,130,2.2,10000,Free,0.0,Everyone,Education,"April 4, 2016",1.0.3,4.0.3 and up,,,,,Unknown,,,,
Batmobile™ R/C Controller,FAMILY,3.7,452,30.0,100000,Free,0.0,Everyone,Entertainment,"February 2, 2018",1.0.8,4.4 and up,,,,,Unknown,,,,
C Pattern Programs Free,FAMILY,4.5,4115,5.8,100000,Free,0.0,Everyone,Education,"July 8, 2018",7.1.0,4.0 and up,,,,,Unknown,,,,
C Programs Handbook,BOOKS_AND_REFERENCE,4.0,459,3.1,50000,Free,0.0,Everyone,Books & Reference,"November 16, 2017",2.2.3.3,4.0 and up,,,,,Unknown,,,,
C Functions,FAMILY,4.8,55,1.5,1000,Free,0.0,Everyone,Education,"September 26, 2015",1.0,4.0.3 and up,,,,,Unknown,,,,
Learn C# - .Net - C Sharp Programming Tutorial App,FAMILY,4.0,1320,8.6,100000,Free,0.0,Everyone,Education,"June 3, 2018",4.1.0,4.1 and up,,,,,Unknown,,,,
Learn Basic C - For Beginners,FAMILY,4.7,27,0.772,5000,Free,0.0,Everyone,Education,"January 20, 2016",1.0,3.0 and up,,,,,Unknown,,,,
C Prowess,FAMILY,4.8,306,3.3,5000,Free,0.0,Everyone,Education,"June 3, 2017",1.2,4.1 and up,,,,,Unknown,,,,
101 C Programming Problems,FAMILY,4.6,498,5.0,50000,Free,0.0,Everyone,Education,"October 15, 2017",2.0,4.0.3 and up,,,,,Unknown,,,,
Let us C - Example Programs,FAMILY,4.3,36,1.1,5000,Free,0.0,Everyone,Education,"August 30, 2017",1.2,3.0 and up,,,,,Unknown,,,,
C Examples,FAMILY,4.2,1002,4.4,10000,Free,0.0,Everyone,Education,"August 31, 2016",3.9,4.0 and up,,,,,Unknown,,,,
C BOOK-C PROGRAMS,FAMILY,4.8,138,2.1,10000,Free,0.0,Everyone,Education,"September 22, 2017",1.0,3.0 and up,,,,,Unknown,,,,
100+ C Programs,FAMILY,4.2,20,1.6,5000,Free,0.0,Everyone,Education,"January 3, 2017",1.0,4.0 and up,,,,,Unknown,,,,
Dubsmash,VIDEO_PLAYERS,4.2,1971777,29.0,100000000,Free,0.0,Teen,Video Players & Editors,"May 11, 2018",2.35.8,4.1 and up,,,,,Unknown,,,,
Discord - Chat for Gamers,COMMUNICATION,4.5,305347,39.0,10000000,Free,0.0,Teen,Communication,"July 27, 2018",7.1.8,4.1 and up,,,,,Unknown,,,,
Hitman Sniper,GAME,4.6,408292,29.0,10000000,Paid,0.99,Mature 17+,Action,"July 12, 2018",1.7.110758,4.1 and up,,,,,Unknown,,,,
FRONTLINE COMMANDO: D-DAY,GAME,4.5,1736105,14.0,10000000,Free,0.0,Mature 17+,Action,"May 16, 2014",3.0.4,2.1 and up,,,,,Unknown,,,,
Fruit Ninja®,GAME,4.3,5091448,41.0,100000000,Free,0.0,Everyone,Arcade,"July 12, 2018",2.6.7.487220,4.1 and up,0.3124096774193548,0.4752903225806452,0.4095161290322581,0.11512903225806452,Positive,22.0,3.0,6.0,31.0
"DU Recorder – Screen Recorder, Video Editor, Live",VIDEO_PLAYERS,4.8,2588730,9.7,50000000,Free,0.0,Everyone,Video Players & Editors,"July 30, 2018",1.7.1.3,5.0 and up,0.4036137931034483,0.28336206896551724,0.6244310344827586,0.09217241379310345,Positive,43.0,1.0,14.0,58.0
Beach Buggy Blitz,GAME,4.2,640974,47.0,50000000,Free,0.0,Everyone,Racing,"June 5, 2018",1.5,4.0.3 and up,,,,,Unknown,,,,
Vector,GAME,4.4,3058687,89.0,100000000,Free,0.0,Everyone 10+,Arcade,"July 18, 2016",1.2.0,4.0 and up,,,,,Unknown,,,,
Dr. Driving,GAME,4.5,4972230,9.9,100000000,Free,0.0,Everyone,Racing,"March 2, 2018",1.52,4.0.3 and up,,,,,Unknown,,,,
D Day World War II Commando Survival Shooting,GAME,4.2,951,64.0,100000,Free,0.0,Teen,Action,"May 25, 2018",1.2,4.1 and up,,,,,Unknown,,,,
Geometry Dash Meltdown,GAME,4.6,1591129,48.0,50000000,Free,0.0,Everyone,Arcade,"December 22, 2017",1.01,4.0 and up,,,,,Unknown,,,,
Koi Live Wallpaper,PERSONALIZATION,4.6,14026,12.0,100000,Paid,0.99,Everyone,Personalization,"June 24, 2014",1.9,2.2 and up,,,,,Unknown,,,,
KineMaster – Pro Video Editor,VIDEO_PLAYERS,4.5,1013867,32.0,50000000,Free,0.0,Everyone,Video Players & Editors,"August 3, 2018",4.5.0.10701.GP,4.1 and up,,,,,Unknown,,,,
Block City Wars + skins export,FAMILY,4.5,762706,28.0,10000000,Free,0.0,Teen,Simulation,"March 30, 2018",6.7.5,4.0 and up,,,,,Unknown,,,,
Dance School Stories - Dance Dreams Come True,FAMILY,4.4,91171,36.0,1000000,Free,0.0,Everyone,Role Playing,"August 3, 2018",1.0.8,4.1 and up,,,,,Unknown,,,,
3D Bowling,SPORTS,4.1,1076243,13.0,100000000,Free,0.0,Everyone,Sports,"January 18, 2018",3.1,2.0.1 and up,,,,,Unknown,,,,
Mind Games Pro,FAMILY,4.6,15301,18.0,100000,Paid,2.99,Everyone,Puzzle;Brain Games,"July 18, 2018",3.0.5,2.3 and up,,,,,Unknown,,,,
Z Ringtones PREMIUM 2018,PERSONALIZATION,4.5,10158,3.6,500000,Free,0.0,Everyone,Personalization,"March 1, 2018",1.5,4.0.3 and up,,,,,Unknown,,,,
Smash Hit,GAME,4.5,4147718,79.0,100000000,Free,0.0,Everyone,Arcade,"November 26, 2015",1.4.0,2.3 and up,,,,,Unknown,,,,
Bad Piggies,FAMILY,4.3,1168959,66.0,50000000,Free,0.0,Everyone,Puzzle,"May 3, 2017",2.3.3,4.1 and up,0.33808181818181815,0.2381818181818182,0.6367012987012987,0.12511688311688313,Positive,55.0,3.0,19.0,77.0
Temple Run,GAME,4.3,4000433,42.0,100000000,Free,0.0,Everyone,Arcade,"August 2, 2018",1.9.1,4.0 and up,,,,,Unknown,,,,
Broken Screen Prank,FAMILY,3.3,23682,9.8,1000000,Free,0.0,Teen,Casual,"June 14, 2018",6.2,4.0 and up,,,,,Unknown,,,,
Screen Lock - with Fingerprint Simulator,TOOLS,3.7,338449,2.8,10000000,Free,0.0,Everyone,Tools,"June 19, 2018",8.6,2.3.3 and up,,,,,Unknown,,,,
Car Parking Game 3D - Real City Driving Challenge,FAMILY,4.4,187892,40.0,5000000,Free,0.0,Everyone,Simulation,"May 10, 2018",1.2.0,4.0 and up,,,,,Unknown,,,,
E!,FAMILY,3.1,740,20.0,100000,Free,0.0,Teen,Entertainment,"May 24, 2018",3.3.1.41,4.4 and up,,,,,Unknown,,,,
E! News,NEWS_AND_MAGAZINES,4.0,15443,25.0,1000000,Free,0.0,Teen,News & Magazines,"June 19, 2018",4.2.133,4.4 and up,,,,,Unknown,,,,
Chuck E.'s Skate Universe,FAMILY,3.9,94910,44.0,10000000,Free,0.0,Everyone,Action;Action & Adventure,"January 10, 2017",1.12,4.3 and up,,,,,Unknown,,,,
Eventbrite - Discover popular events & nearby fun,FAMILY,4.4,63773,8.8,5000000,Free,0.0,Everyone,Entertainment,"July 30, 2018",5.7.2,5.0 and up,,,,,Unknown,,,,
Eternium,FAMILY,4.8,1506783,89.0,10000000,Free,0.0,Teen,Role Playing,"July 18, 2018",1.2.115,4.0 and up,,,,,Unknown,,,,
E-cigarette for free,FAMILY,3.6,1354,4.8,500000,Free,0.0,Mature 17+,Entertainment,"October 23, 2017",1.0,2.3 and up,,,,,Unknown,,,,
Moto LED for Moto X & E [Root],LIFESTYLE,3.4,4082,0.318,500000,Free,0.0,Everyone,Lifestyle,"October 16, 2014",1.0,4.2 and up,,,,,Unknown,,,,
Lookout Security & Antivirus,TOOLS,4.4,951413,13.0,100000000,Free,0.0,Everyone,Tools,"July 31, 2018",10.23.2-964159b,4.4 and up,,,,,Unknown,,,,
World History Quick e-Book,FAMILY,4.4,1657,4.9,100000,Free,0.0,Everyone,Education;Education,"July 17, 2018",1.35,4.1 and up,,,,,Unknown,,,,
Greeting Cards & Wishes,SOCIAL,4.5,17350,12.0,500000,Free,0.0,Everyone,Social,"July 18, 2018",1.078,Varies with device,,,,,Unknown,,,,
theScore esports,SPORTS,4.5,16257,14.0,500000,Free,0.0,Everyone 10+,Sports,"February 3, 2017",2.8,4.1 and up,,,,,Unknown,,,,
EX File Explorer File Manager,PRODUCTIVITY,4.0,4660,5.9,1000000,Free,0.0,Everyone,Productivity,"October 6, 2016",1.0,4.0 and up,,,,,Unknown,,,,
Aab e Hayat Full Novel,BOOKS_AND_REFERENCE,4.3,1476,41.0,100000,Free,0.0,Everyone,Books & Reference,"February 21, 2017",1.0,3.0 and up,,,,,Unknown,,,,
Aldiko Book Reader,BOOKS_AND_REFERENCE,4.2,210534,22.0,10000000,Free,0.0,Everyone,Books & Reference,"June 13, 2018",3.0.58,4.0 and up,,,,,Unknown,,,,
Synd e-Passbook,FINANCE,4.3,9400,6.1,1000000,Free,0.0,Everyone,Finance,"May 12, 2016",1.09,2.2 and up,,,,,Unknown,,,,
Video Downloader for Facebook,TOOLS,4.6,894435,3.1,50000000,Free,0.0,Teen,Tools,"July 1, 2018",2.2.8,4.0 and up,,,,,Unknown,,,,
F-Stop Gallery Pro,PHOTOGRAPHY,4.4,1302,0.058,10000,Paid,4.99,Everyone,Photography,"August 5, 2015",3.2,2.2 and up,,,,,Unknown,,,,
Offroad Pickup Truck F,FAMILY,4.3,4551,79.0,500000,Free,0.0,Everyone,Simulation,"December 26, 2017",1.0,2.3 and up,,,,,Unknown,,,,
F-Stop Gallery,PHOTOGRAPHY,4.2,12726,15.0,1000000,Free,0.0,Everyone,Photography,"July 21, 2018",4.9.18,4.1 and up,,,,,Unknown,,,,
Talking Tom Cat 2,FAMILY,4.3,3213548,55.0,100000000,Free,0.0,Everyone 10+,Entertainment,"July 25, 2018",5.3.5.16,4.1 and up,,,,,Unknown,,,,
FlashLight F.Light,TOOLS,4.3,3943,11.0,100000,Free,0.0,Everyone,Tools,"May 23, 2018",1.4.2,5.0 and up,,,,,Unknown,,,,
F-Secure SENSE,TOOLS,4.6,57,13.0,5000,Free,0.0,Everyone,Tools,"July 4, 2018",1.0.988,5.0 and up,,,,,Unknown,,,,
Super Car F. Mod for MCPE,GAME,3.6,214,4.9,50000,Free,0.0,Everyone,Adventure,"July 19, 2018",3.0.1,4.2 and up,,,,,Unknown,,,,
F-Secure KEY Password manager,TOOLS,4.2,2588,7.6,100000,Free,0.0,Everyone,Tools,"June 27, 2018",4.7.4,4.0 and up,,,,,Unknown,,,,
Inputting Plus: Ctrl + Z/F/C/V,PRODUCTIVITY,4.2,1117,3.0,50000,Free,0.0,Everyone,Productivity,"October 18, 2017",1.0.6,5.0 and up,,,,,Unknown,,,,
CTRL-F - Search the real world,PRODUCTIVITY,4.4,607,37.0,50000,Free,0.0,Everyone,Productivity,"July 24, 2016",1.1,4.0.3 and up,,,,,Unknown,,,,
F-Secure SAFE,TOOLS,4.3,9433,9.3,500000,Free,0.0,Everyone,Tools,"July 30, 2018",17.4.0014017,5.0 and up,,,,,Unknown,,,,
MHD F-Series,AUTO_AND_VEHICLES,4.9,73,23.0,1000,Free,0.0,Everyone,Auto & Vehicles,"June 5, 2018",version 0.994,3.2 and up,,,,,Unknown,,,,
F-Secure AV Test,TOOLS,4.5,1250,0.241,50000,Free,0.0,Everyone,Tools,"March 6, 2018",1.0.1,4.0.3 and up,,,,,Unknown,,,,
F-Secure Mobile Security,TOOLS,4.2,13096,9.2,500000,Free,0.0,Everyone,Tools,"July 30, 2018",17.4.0014017,5.0 and up,,,,,Unknown,,,,
f'east,LIFESTYLE,3.8,38,4.8,5000,Free,0.0,Everyone,Lifestyle,"April 17, 2018",2.6.3,4.0 and up,,,,,Unknown,,,,
Speech Therapy: F,FAMILY,1.0,1,16.0,10,Paid,2.99,Everyone,Education,"October 7, 2016",1.0,2.3.3 and up,,,,,Unknown,,,,
HumorCast - Authentic Weather,WEATHER,4.4,6495,40.0,100000,Free,0.0,Teen,Weather,"July 12, 2018",4.4.4,4.4 and up,,,,,Unknown,,,,
F & M Mobile Banking,FINANCE,4.0,43,13.0,5000,Free,0.0,Everyone,Finance,"February 20, 2018",4.5.0,4.0 and up,,,,,Unknown,,,,
RPG End of Aspiration F,FAMILY,4.4,20368,31.0,500000,Free,0.0,Teen,Role Playing,"December 15, 2016",3.0.0fr,2.3 and up,,,,,Unknown,,,,
R+F PULSE,BUSINESS,3.4,58,3.0,10000,Free,0.0,Everyone,Business,"April 21, 2017",1.0,4.4 and up,,,,,Unknown,,,,
F-Secure Freedome for Business,BUSINESS,3.8,183,9.9,50000,Free,0.0,Everyone,Business,"July 16, 2018",2.5.1.7594.psb,4.0.3 and up,,,,,Unknown,,,,
"f.lux (preview, root-only)",HEALTH_AND_FITNESS,3.7,5559,3.7,500000,Free,0.0,Everyone,Health & Fitness,"March 15, 2016",22.0,4.0.3 and up,,,,,Unknown,,,,
Arto: f.infrared photo,PHOTOGRAPHY,4.1,41,11.0,500,Paid,1.49,Everyone,Photography,"July 19, 2016",3.1,4.4 and up,,,,,Unknown,,,,
Convert degree Celsius to Fahrenheit or °F to °C,TOOLS,4.4,51,2.1,5000,Free,0.0,Everyone,Tools,"May 21, 2018",1.5.8,4.0 and up,,,,,Unknown,,,,
F-Gas Solutions,BUSINESS,4.2,127,1.4,10000,Free,0.0,Everyone,Business,"October 7, 2016",2.1.3,4.0 and up,,,,,Unknown,,,,
Gangstar Vegas - mafia game,GAME,4.5,4830407,32.0,50000000,Free,0.0,Mature 17+,Action,"May 25, 2018",3.7.1a,Varies with device,,,,,Unknown,,,,
Offroad Car G,FAMILY,4.3,64884,37.0,5000000,Free,0.0,Everyone,Simulation,"July 12, 2016",1,2.3.3 and up,,,,,Unknown,,,,
Google Now Launcher,TOOLS,4.2,857215,7.9,100000000,Free,0.0,Everyone,Tools,"December 7, 2017",1.4.large,4.1 - 7.1.1,,,,,Unknown,,,,
Rolling G Sky,GAME,3.6,2065,25.0,100000,Free,0.0,Everyone,Adventure,"January 25, 2017",1.0,2.3.3 and up,,,,,Unknown,,,,
G-Switch 2,GAME,4.4,12683,19.0,1000000,Free,0.0,Everyone,Action,"February 5, 2018",1.1,2.3 and up,,,,,Unknown,,,,
G-Switch 3,GAME,4.6,3656,39.0,100000,Free,0.0,Everyone,Action,"March 15, 2018",1.1.3,3.0 and up,,,,,Unknown,,,,
G Cloud Apps Backup Key * root,TOOLS,4.5,1034,0.196,5000,Paid,4.99,Everyone,Tools,"September 8, 2013",1.1,2.2 and up,,,,,Unknown,,,,
Share G - Images Sharing - Wallpapers App,SOCIAL,4.4,120,2.3,10000,Free,0.0,Teen,Social,"October 5, 2017",1.0,4.0.3 and up,,,,,Unknown,,,,
Next Launcher 3D Theme Hit-G,PERSONALIZATION,4.2,59,8.1,1000,Paid,1.7,Everyone,Personalization,"August 16, 2015",1.05,2.2 and up,,,,,Unknown,,,,
Wrestling Revolution 3D,SPORTS,4.3,989344,51.0,50000000,Free,0.0,Teen,Sports,"July 23, 2018",1.640,4.0 and up,,,,,Unknown,,,,
G-Playlists,TOOLS,1.8,53,3.4,1000,Paid,1.49,Everyone,Tools,"May 19, 2018",1.91,4.0.3 and up,,,,,Unknown,,,,
G-Switch,GAME,3.8,4116,8.8,100000,Free,0.0,Everyone,Action,"September 1, 2015",1.3.4,2.3 and up,,,,,Unknown,,,,
Offroad G-Class 2018,FAMILY,4.4,7715,28.0,500000,Free,0.0,Everyone,Simulation,"June 29, 2018",1.7,4.1 and up,,,,,Unknown,,,,
Ramfer - CNC Lathe G-code Tool,PRODUCTIVITY,3.4,5,11.0,100,Paid,2.99,Everyone,Productivity,"September 26, 2016",2,3.2 and up,,,,,Unknown,,,,
G-Force Driving Assistant,SPORTS,4.6,10,6.1,100,Paid,3.88,Everyone,Sports,"April 10, 2013",1.0,2.3.3 and up,,,,,Unknown,,,,
My G:,MAPS_AND_NAVIGATION,3.7,96,14.0,10000,Free,0.0,Everyone,Maps & Navigation,"November 14, 2017",1.4.0,4.1 and up,,,,,Unknown,,,,
G-SHOCK Connected,LIFESTYLE,3.0,543,94.0,50000,Free,0.0,Everyone,Lifestyle,"July 2, 2018",1.4.1(0629A),5.0 and up,,,,,Unknown,,,,
Go,PERSONALIZATION,4.6,89,11.0,5000,Paid,0.99,Everyone,Personalization,"October 21, 2017",1.6.1,4.0.3 and up,,,,,Unknown,,,,
G-Homa,LIFESTYLE,3.1,777,14.0,50000,Free,0.0,Everyone,Lifestyle,"May 4, 2018",3.0.20,4.0 and up,,,,,Unknown,,,,
G-NetTrack Pro,TOOLS,4.3,255,1.6,5000,Paid,14.99,Everyone,Tools,"July 25, 2018",14.6,4.0 and up,,,,,Unknown,,,,
"G Theme 2 for LG V30, LG G6",PERSONALIZATION,4.3,25,15.0,500,Paid,1.49,Everyone,Personalization,"December 13, 2017",1.0.2,7.0 and up,,,,,Unknown,,,,
Speedometer with G-FORCE meter,TOOLS,3.8,415,2.7,50000,Free,0.0,Everyone,Tools,"June 1, 2017",7.0,2.3 and up,,,,,Unknown,,,,
A41 WatchFace for Android Wear Smart Watch,LIFESTYLE,4.5,231,5.7,5000,Paid,0.99,Everyone,Lifestyle,"December 24, 2017",7.0.1,4.3 and up,,,,,Unknown,,,,
Radial-G : Infinity,GAME,3.6,517,47.0,50000,Free,0.0,Everyone,Arcade,"December 7, 2015",1.4,4.1 and up,,,,,Unknown,,,,
Dialer theme G Black Gold,PERSONALIZATION,4.2,33,0.857,500,Paid,1.49,Everyone,Personalization,"January 1, 2016",2.0,4.0 and up,,,,,Unknown,,,,
G-REMOTE,HOUSE_AND_HOME,4.5,30,25.0,1000,Free,0.0,Everyone,House & Home,"August 1, 2018",2.4,4.0.3 and up,,,,,Unknown,,,,
Car G-Force Meter,TOOLS,4.2,184,1.3,10000,Free,0.0,Everyone,Tools,"July 29, 2017",2.23,4.0 and up,,,,,Unknown,,,,
G-NetWiFi Pro,TOOLS,3.3,6,1.5,100,Paid,5.99,Everyone,Tools,"June 18, 2018",3.2,4.0 and up,,,,,Unknown,,,,
HSPA+ Tweaker (3G booster),TOOLS,4.3,99290,3.9,5000000,Free,0.0,Everyone,Tools,"December 5, 2017",3.1 Release b2,2.3 and up,,,,,Unknown,,,,
Offroad Car H,FAMILY,4.2,1960,87.0,100000,Free,0.0,Everyone,Simulation,"October 6, 2017",1.4,2.3 and up,,,,,Unknown,,,,
Guns - Shot Sounds,FAMILY,3.8,29544,10.0,10000000,Free,0.0,Everyone,Entertainment,"July 25, 2018",3.15,4.0 and up,,,,,Unknown,,,,
HPlus,HEALTH_AND_FITNESS,2.9,1786,5.9,100000,Free,0.0,Everyone,Health & Fitness,"June 12, 2018",3.5.2,4.4 and up,,,,,Unknown,,,,
Geometry Dash Lite,GAME,4.5,6181640,58.0,100000000,Free,0.0,Everyone,Arcade,"December 22, 2017",2.2,4.0 and up,,,,,Unknown,,,,
DNS Changer - BEST (Gprs/Edge/3G/H/H+/4G),TOOLS,4.3,123,1.9,5000,Free,0.0,Everyone,Tools,"September 30, 2017",1.2,4.0 and up,,,,,Unknown,,,,
H*nest Meditation,LIFESTYLE,4.9,145,48.0,5000,Paid,1.99,Mature 17+,Lifestyle,"April 7, 2016",1.0,4.0.3 and up,,,,,Unknown,,,,
Car Driving Simulator Drift,GAME,4.4,19816,57.0,1000000,Free,0.0,Everyone,Racing,"November 3, 2017",1.8.1,4.4 and up,,,,,Unknown,,,,
Deaf - Hearing chat device H,COMMUNICATION,4.4,9,0.051,500,Paid,3.99,Everyone,Communication,"February 8, 2017",3.6,2.2 and up,,,,,Unknown,,,,
صور حرف H,ART_AND_DESIGN,4.4,13,4.5,1000,Free,0.0,Everyone,Art & Design,"March 27, 2018",2.0,4.0.3 and up,,,,,Unknown,,,,
H Band 2.0,HEALTH_AND_FITNESS,2.9,4031,8.9,500000,Free,0.0,Everyone,Health & Fitness,"June 15, 2018",3.0.2,4.4 and up,,,,,Unknown,,,,
H!LooK - Dating,DATING,4.2,46,26.0,10000,Free,0.0,Mature 17+,Dating,"July 29, 2018",2.1.6,5.0 and up,,,,,Unknown,,,,
H-Connect,HEALTH_AND_FITNESS,4.0,50,15.0,5000,Free,0.0,Everyone,Health & Fitness,"July 3, 2018",2.14,4.4 and up,,,,,Unknown,,,,
most expensive app (H),FAMILY,4.3,6,1.5,100,Paid,399.99,Everyone,Entertainment,"July 16, 2018",1.0,7.0 and up,,,,,Unknown,,,,
AntennaPict β,COMMUNICATION,4.3,15439,2.2,1000000,Free,0.0,Everyone,Communication,"November 7, 2016",2.0.0,2.3 and up,,,,,Unknown,,,,
Elkhart County 4-H Fair,FAMILY,3.9,38,42.0,5000,Free,0.0,Everyone,Entertainment,"April 6, 2018",5055.524.5,4.1 and up,,,,,Unknown,,,,
H Band,HEALTH_AND_FITNESS,4.0,214,8.9,10000,Free,0.0,Everyone,Health & Fitness,"June 13, 2018",3.0.2,4.4 and up,,,,,Unknown,,,,
The World Ends With You,GAME,4.6,4108,13.0,10000,Paid,17.99,Everyone 10+,Arcade,"December 14, 2015",1.0.4,4.0 and up,,,,,Unknown,,,,
MJX H,FAMILY,3.7,126,13.0,10000,Free,0.0,Everyone,Entertainment,"August 22, 2017",1.0-build20170819,4.1 and up,,,,,Unknown,,,,
H-Kakashi - theme Xperia™,PERSONALIZATION,4.6,621,5.4,50000,Free,0.0,Everyone,Personalization,"December 1, 2017",a.2,4.4 and up,,,,,Unknown,,,,
RC City Police Heavy Traffic Racer,GAME,4.4,3250,27.0,1000000,Free,0.0,Everyone,Racing,"July 19, 2018",1.2,4.0 and up,,,,,Unknown,,,,
"Alphabet ""H"" Passcode Lock Screen",PERSONALIZATION,4.5,2,3.0,100,Free,0.0,Everyone,Personalization,"December 21, 2017",1.0,4.1 and up,,,,,Unknown,,,,
Ohio State Fair 4-H,FAMILY,3.0,4,19.0,1000,Free,0.0,Everyone,Entertainment,"February 7, 2018",3.0.1,4.1 and up,,,,,Unknown,,,,
Larry H Miller Automotive,PRODUCTIVITY,3.1,67,8.3,10000,Free,0.0,Everyone,Productivity,"July 18, 2018",3.5.3,4.0.3 and up,,,,,Unknown,,,,
Add-On: Alcatel (h),PRODUCTIVITY,4.5,107,1.2,50000,Free,0.0,Everyone,Productivity,"May 19, 2015",10.0.3148,4.0 and up,,,,,Unknown,,,,
My Android Device S/W & H/W,FAMILY,4.5,681,2.8,50000,Free,0.0,Everyone,Education,"November 20, 2015",1.1,2.3 and up,,,,,Unknown,,,,
ADMIRALTY H-Note,BUSINESS,4.5,176,19.0,10000,Free,0.0,Everyone,Business,"October 25, 2016",2.0,5.0 and up,,,,,Unknown,,,,
Force LTE Only,TOOLS,4.1,10426,7.2,1000000,Free,0.0,Everyone,Tools,"February 4, 2018",1.4,4.0 and up,,,,,Unknown,,,,
Talking Ginger,FAMILY,4.2,1752017,52.0,100000000,Free,0.0,Everyone,Entertainment,"July 5, 2018",2.5.6.11,4.1 and up,,,,,Unknown,,,,
Motorbike Driving Simulator 3D,GAME,3.9,178723,65.0,10000000,Free,0.0,Everyone,Racing,"December 25, 2016",4.1,2.3.3 and up,,,,,Unknown,,,,
Helix,GAME,3.9,2454,37.0,500000,Free,0.0,Everyone,Arcade,"September 10, 2017",1.2,4.0 and up,,,,,Unknown,,,,
Mobile Number Tracker,TOOLS,3.9,19758,2.9,5000000,Free,0.0,Everyone,Tools,"January 14, 2018",2.7,4.0 and up,,,,,Unknown,,,,
I am Nose Doctor -Save my Nose,FAMILY,4.2,3133,34.0,500000,Free,0.0,Everyone,Casual,"January 4, 2016",1.1.1,3.1 and up,,,,,Unknown,,,,
What was I in my Past Life,FAMILY,3.7,7453,6.5,1000000,Free,0.0,Everyone,Entertainment,"December 19, 2017",2.1,4.1 and up,,,,,Unknown,,,,
How Old am I?,FAMILY,2.8,4635,3.9,1000000,Free,0.0,Everyone,Entertainment,"January 1, 2018",1.7,4.0 and up,,,,,Unknown,,,,
I Screen Dialer,TOOLS,4.1,8137,3.9,1000000,Free,0.0,Everyone,Tools,"February 25, 2018",1.11,4.3 and up,,,,,Unknown,,,,
Where's My Water? Free,FAMILY,4.4,1372013,57.0,100000000,Free,0.0,Everyone,Puzzle;Brain Games,"November 21, 2017",1.10.0,4.1 and up,,,,,Unknown,,,,
How Do I Look,PHOTOGRAPHY,2.7,3032,2.8,500000,Free,0.0,Everyone,Photography,"December 8, 2017",1.3,3.0 and up,,,,,Unknown,,,,
Solitaire!,GAME,4.7,403911,23.0,10000000,Free,0.0,Everyone,Card,"June 24, 2018",2.277.0,4.1 and up,,,,,Unknown,,,,
iGun Pro -The Original Gun App,GAME,4.2,249308,55.0,10000000,Free,0.0,Everyone,Arcade,"September 7, 2017",5.26,2.3 and up,,,,,Unknown,,,,
I'm Ping Pong King :),SPORTS,4.4,29864,40.0,1000000,Free,0.0,Everyone,Sports,"July 26, 2018",2.5,4.1 and up,,,,,Unknown,,,,
LINE I Love Coffee,FAMILY,4.0,250257,50.0,5000000,Free,0.0,Everyone,Simulation,"November 16, 2016",1.1.5,2.3.3 and up,,,,,Unknown,,,,
Instachat 😜,SOCIAL,4.0,80987,25.0,5000000,Free,0.0,Teen,Social,"July 30, 2018",2.2.4,4.4 and up,,,,,Unknown,,,,
"Fame Boom for Real Followers, Likes",SOCIAL,4.7,896118,6.6,5000000,Free,0.0,Everyone,Social,"October 9, 2017",1.3.0,4.1 and up,,,,,Unknown,,,,
NinJump,GAME,4.3,421000,36.0,10000000,Free,0.0,Everyone,Arcade,"June 13, 2018",3.1.1,4.1 and up,,,,,Unknown,,,,
FollowMeter for Instagram,SOCIAL,4.4,90082,8.8,1000000,Free,0.0,Everyone,Social,"May 22, 2018",2.44,4.1 and up,,,,,Unknown,,,,
I LOVE PASTA,FAMILY,4.0,83875,43.0,1000000,Free,0.0,Everyone,Simulation,"September 8, 2017",1.6.1,2.3.3 and up,,,,,Unknown,,,,
Fidget Spinner,GAME,4.2,307398,9.9,10000000,Free,0.0,Everyone,Arcade,"November 30, 2017",1.12.5.1,2.1 and up,,,,,Unknown,,,,
J Touch,TOOLS,4.6,2176,0.953,100000,Free,0.0,Everyone,Tools,"August 1, 2018",1.5.1-GP,4.1 and up,,,,,Unknown,,,,
J-Novel Club,FAMILY,3.3,162,9.0,10000,Free,0.0,Teen,Entertainment,"October 22, 2017",1.2,4.1 and up,,,,,Unknown,,,,
J - Style Pro,HEALTH_AND_FITNESS,2.3,74,2.6,10000,Free,0.0,Everyone,Health & Fitness,"January 20, 2016",1.1,4.3 and up,,,,,Unknown,,,,
Cook Baked Lasagna,FAMILY,4.2,56259,23.0,10000000,Free,0.0,Everyone,Casual,"March 14, 2018",4.0,4.0 and up,,,,,Unknown,,,,
Tom's Love Letters,FAMILY,4.1,705805,35.0,50000000,Free,0.0,Everyone,Entertainment,"April 30, 2018",2.3.1.8,4.1 and up,,,,,Unknown,,,,
Mali J,SOCIAL,3.2,185,4.7,10000,Free,0.0,Teen,Social,"October 20, 2017",1.0.1,4.1 and up,,,,,Unknown,,,,
Cut the Rope GOLD,FAMILY,4.6,61264,43.0,1000000,Paid,0.99,Everyone,Puzzle,"June 19, 2018",3.7.0,4.1 and up,,,,,Unknown,,,,
J. Cole Rapper Wallpaper HD,PERSONALIZATION,4.1,8,3.1,1000,Free,0.0,Everyone,Personalization,"January 11, 2018",1.0,4.1 and up,,,,,Unknown,,,,
Keyboard for Sony Xperia J,PERSONALIZATION,4.1,797,6.7,50000,Free,0.0,Everyone,Personalization,"July 29, 2018",1.279.13.98,4.0.3 and up,,,,,Unknown,,,,
Harris J Lyrics,FAMILY,4.7,36,7.1,1000,Free,0.0,Everyone,Entertainment,"March 12, 2018",1.3,4.0.3 and up,,,,,Unknown,,,,
Smart TV Remote,TOOLS,3.5,81747,9.1,10000000,Free,0.0,Everyone,Tools,"May 26, 2018",3.8.2,4.1 and up,,,,,Unknown,,,,
J.ME Fly,FAMILY,3.9,28,98.0,1000,Free,0.0,Everyone,Entertainment,"May 31, 2018",0.4.4,4.4 and up,,,,,Unknown,,,,
J-Stars Victory VS Guide,GAME,4.1,609,13.0,10000,Free,0.0,Everyone,Action,"May 14, 2014",1.7,2.2 and up,,,,,Unknown,,,,
2048 BTS J Hope KPop Puzzle Game,FAMILY,4.7,17,2.4,1000,Free,0.0,Everyone,Puzzle,"September 26, 2017",1,2.3.3 and up,,,,,Unknown,,,,
J. Cole Albums (2007-2017),FAMILY,4.6,7,7.3,1000,Free,0.0,Mature 17+,Entertainment,"April 11, 2018",1.3,4.0.3 and up,,,,,Unknown,,,,
J Dark Ice Substratum Theme,PERSONALIZATION,4.5,164,33.0,10000,Free,0.0,Everyone,Personalization,"July 19, 2018",4.3,6.0 and up,,,,,Unknown,,,,
BTS J-Hope Wallpaper KPOP Fans HD,PERSONALIZATION,4.7,98,3.4,10000,Free,0.0,Everyone,Personalization,"May 19, 2018",1.1.1,4.0 and up,,,,,Unknown,,,,
BTS j-hope LINE Launcher theme,PERSONALIZATION,4.9,934,3.8,10000,Free,0.0,Everyone,Personalization,"October 17, 2014",4.1,4.0.3 and up,,,,,Unknown,,,,
K Health,HEALTH_AND_FITNESS,4.1,290,40.0,50000,Free,0.0,Teen,Health & Fitness,"July 22, 2018",1.7.2992,4.1 and up,,,,,Unknown,,,,
CIRCLE K,SHOPPING,4.4,9140,14.0,500000,Free,0.0,Everyone,Shopping,"July 31, 2018",5.9.0,4.4 and up,,,,,Unknown,,,,
KIM KARDASHIAN: HOLLYWOOD,GAME,4.3,1017408,34.0,10000000,Free,0.0,Teen,Adventure,"July 16, 2018",9.2.0,4.0 and up,,,,,Unknown,,,,
Sight Words Pre-K to Grade-3,FAMILY,4.4,1185,40.0,100000,Free,0.0,Everyone,Educational;Education,"June 17, 2018",1.5.1,4.1 and up,,,,,Unknown,,,,
[Substratum] K-Manager for K-Klock,PERSONALIZATION,4.5,14,11.0,1000,Free,0.0,Everyone,Personalization,"July 31, 2018",31,7.0 and up,,,,,Unknown,,,,
KDRAMA Amino for K-Drama Fans,SOCIAL,4.6,4046,63.0,100000,Free,0.0,Teen,Social,"July 13, 2018",1.8.19106,4.0.3 and up,,,,,Unknown,,,,
K keyboard - Myanmar,TOOLS,4.8,1955,14.0,100000,Free,0.0,Everyone,Tools,"March 17, 2018",1.0.8,4.1 and up,,,,,Unknown,,,,
Zapzapmath: K-6 Math Games,FAMILY,4.3,1065,61.0,100000,Free,0.0,Everyone,Educational;Education,"May 13, 2018",4.1.10,4.1 and up,,,,,Unknown,,,,
KPOP Amino for K-Pop Entertainment,SOCIAL,4.8,19047,63.0,100000,Free,0.0,Teen,Social,"July 13, 2018",1.8.19106,4.0.3 and up,,,,,Unknown,,,,
K.MOJI,FAMILY,4.8,16,8.9,500,Paid,1.99,Everyone,Entertainment,"May 9, 2017",1.0,4.2 and up,,,,,Unknown,,,,
K-Chiing VPN (Free),TOOLS,3.7,43,10.0,5000,Free,0.0,Mature 17+,Tools,"July 24, 2018",2.1.2,4.1 and up,,,,,Unknown,,,,
Preschool All-In-One,FAMILY,4.1,9019,44.0,1000000,Free,0.0,Everyone,Casual;Education,"March 28, 2018",6.6,4.0 and up,,,,,Unknown,,,,
OST),FAMILY,3.7,4444,10.0,500000,Free,0.0,Everyone,Entertainment,"July 6, 2018",3.0.12,4.1 and up,,,,,Unknown,,,,
Kpop Music Quiz (K-pop Game),FAMILY,4.2,6418,59.0,100000,Free,0.0,Everyone,Casual,"May 8, 2017",1.3,4.1 and up,,,,,Unknown,,,,
Radio K - KUOM,FAMILY,4.5,39,7.4,1000,Free,0.0,Everyone,Entertainment,"March 9, 2018",3.0.57,4.1 and up,,,,,Unknown,,,,
Math Games for Pre-K - Grade 4,FAMILY,4.6,28,23.0,1000,Paid,1.99,Everyone,Education;Education,"January 13, 2014",1.02,2.2 and up,,,,,Unknown,,,,
K-Otic Universe,FAMILY,4.9,55,40.0,1000,Free,0.0,Everyone,Puzzle,"August 3, 2018",108,4.1 and up,,,,,Unknown,,,,
Magic Tiles - TWICE Edition (K-Pop),GAME,4.4,2351,62.0,100000,Free,0.0,Everyone,Music,"July 25, 2018",1009001,4.0 and up,,,,,Unknown,,,,
CASE K-12 Math English Science,FAMILY,4.6,60,2.1,10000,Free,0.0,Everyone,Education,"May 1, 2016",1.0,2.2 and up,,,,,Unknown,,,,
"Niche: College, K-12, and Neighborhood Search",LIFESTYLE,4.0,42,26.0,5000,Free,0.0,Everyone,Lifestyle,"July 6, 2018",1.0.1,4.4 and up,,,,,Unknown,,,,
"K-Spapp, the K-Space app",FAMILY,4.8,39,3.6,1000,Free,0.0,Everyone,Education,"February 9, 2017",1.53,4.0.3 and up,,,,,Unknown,,,,
"Math Quiz Free: Grades K,1,2,3",FAMILY,4.3,159,13.0,10000,Free,0.0,Everyone,Education;Education,"February 3, 2015",1.0,4.0 and up,,,,,Unknown,,,,
K-9 Material (unofficial),COMMUNICATION,4.4,64,4.5,5000,Free,0.0,Teen,Communication,"March 27, 2017",5.206,5.0 and up,,,,,Unknown,,,,
Discovery K!ds Play! Español,FAMILY,4.2,11263,35.0,1000000,Free,0.0,Everyone,Entertainment;Music & Video,"May 3, 2018",2.1.0.2173,4.0.3 and up,,,,,Unknown,,,,
Magic Tiles - Blackpink Edition (K-Pop),GAME,4.6,4304,71.0,100000,Free,0.0,Everyone,Music,"June 20, 2018",1900001,4.0 and up,,,,,Unknown,,,,
Anna.K Tarot,FAMILY,4.8,17,23.0,100,Paid,3.99,Mature 17+,Entertainment,"January 16, 2017",1.4.4,4.0.3 and up,,,,,Unknown,,,,
K-pop Music,FAMILY,4.0,369,3.5,10000,Free,0.0,Everyone,Entertainment,"January 11, 2017",2.0.0,2.3 and up,,,,,Unknown,,,,
Daily K-Talk,FAMILY,4.3,264,60.0,10000,Free,0.0,Everyone,Education,"July 31, 2018",v8[1.0.10],2.3 and up,,,,,Unknown,,,,
Korean Dungeon: K-Word 1000,GAME,4.7,703,40.0,10000,Free,0.0,Everyone 10+,Word,"November 17, 2017",1.0.4,4.1 and up,,,,,Unknown,,,,
"L.POINT - 엘포인트 [ 포인트, 멤버십, 적립, 사용, 모바일 카드, 쿠폰, 롯데]",LIFESTYLE,4.0,45224,49.0,5000000,Free,0.0,Everyone,Lifestyle,"August 1, 2018",6.5.1,4.1 and up,,,,,Unknown,,,,
SpongeBob Diner Dash,FAMILY,4.0,576210,48.0,50000000,Free,0.0,Everyone,Casual,"August 22, 2013",3.25.3,2.3.3 and up,,,,,Unknown,,,,
"Messenger L SMS, MMS",PERSONALIZATION,4.0,6263,20.0,500000,Free,0.0,Everyone,Personalization,"July 12, 2018",7.46,2.3 and up,,,,,Unknown,,,,
Tom Loves Angela,FAMILY,4.1,1111915,50.0,100000000,Free,0.0,Everyone,Entertainment,"April 30, 2018",2.2.1.3,4.1 and up,,,,,Unknown,,,,
EXO-L,FAMILY,4.6,67410,0.865,1000000,Free,0.0,Everyone,Entertainment,"November 2, 2017",1.0.9,2.2 and up,,,,,Unknown,,,,
Lie Detector,FAMILY,3.1,306,2.9,50000,Free,0.0,Everyone,Simulation,"April 4, 2017",1.2.1,4.0.3 and up,,,,,Unknown,,,,
EXO-L Amino for EXO Fans,SOCIAL,4.9,5677,67.0,50000,Free,0.0,Teen,Social,"July 13, 2018",1.8.19106,4.0.3 and up,,,,,Unknown,,,,
Calculator L,PRODUCTIVITY,4.5,2965,2.4,100000,Free,0.0,Everyone,Productivity,"May 10, 2015",1.1.3,4.3 and up,,,,,Unknown,,,,
My Teacher - Classroom Play,FAMILY,4.0,155276,61.0,10000000,Free,0.0,Everyone,Role Playing;Pretend Play,"June 18, 2018",1.1.0,4.1 and up,,,,,Unknown,,,,
Emoji Android L Keyboard,PRODUCTIVITY,4.0,11535,6.8,1000000,Free,0.0,Everyone,Productivity,"December 7, 2017",1.42,4.0 and up,,,,,Unknown,,,,
Lollipop Keyboard L Pro,PERSONALIZATION,3.6,5525,2.6,500000,Free,0.0,Everyone,Personalization,"June 6, 2016",1.6,2.3 and up,,,,,Unknown,,,,
French to English Speaking - Apprendre l' Anglais,FAMILY,4.5,4251,13.0,1000000,Free,0.0,Everyone,Education,"April 27, 2018",23.0,4.0.3 and up,,,,,Unknown,,,,
Ant Smasher by Best Cool & Fun Games,GAME,4.2,1185148,29.0,100000000,Free,0.0,Everyone,Arcade,"August 1, 2018",9.55,4.0.3 and up,,,,,Unknown,,,,
Cheating Tom 3 - Genius School,GAME,4.3,90415,84.0,10000000,Free,0.0,Everyone,Arcade,"July 24, 2018",1.0.20,4.1 and up,,,,,Unknown,,,,
Clock L,PERSONALIZATION,3.9,2852,5.4,100000,Free,0.0,Everyone,Personalization,"September 7, 2015",1.3,4.0 and up,,,,,Unknown,,,,
Dialer theme Droid L,PERSONALIZATION,4.3,1734,2.8,100000,Free,0.0,Mature 17+,Personalization,"April 2, 2016",4.0,4.0.3 and up,,,,,Unknown,,,,
SPEED L,SHOPPING,4.3,85,2.9,50000,Free,0.0,Everyone,Shopping,"June 26, 2018",1.24,4.4 and up,,,,,Unknown,,,,
Lie Detector Test Prank,FAMILY,4.4,222308,6.9,10000000,Free,0.0,Everyone,Entertainment,"July 31, 2018",3.0.2,4.4 and up,,,,,Unknown,,,,
Xbox,FAMILY,4.3,556659,46.0,10000000,Free,0.0,Everyone,Entertainment,"June 20, 2018",1805.0618.1637,4.1 and up,,,,,Unknown,,,,
Je Parle ANGLAIS - Apprendre l’anglais Audio cours,FAMILY,4.4,499,27.0,100000,Free,0.0,Everyone,Education,"March 13, 2018",2.4,4.0.3 and up,,,,,Unknown,,,,
Mobizen Screen Recorder for SAMSUNG,VIDEO_PLAYERS,4.4,953894,37.0,10000000,Free,0.0,Everyone,Video Players & Editors,"April 26, 2018",3.5.1.8,Varies with device,,,,,Unknown,,,,
MapleStory M,FAMILY,3.5,31538,82.0,1000000,Free,0.0,Everyone 10+,Role Playing,"July 24, 2018",1.2703.273,4.4 and up,,,,,Unknown,,,,
M-Files,BUSINESS,4.4,236,44.0,10000,Free,0.0,Everyone,Business,"June 26, 2018",3.1.1,4.4 and up,,,,,Unknown,,,,
M Launcher -Marshmallow 6.0,PERSONALIZATION,4.4,37234,7.3,1000000,Free,0.0,Everyone,Personalization,"March 22, 2018",1.4.9,4.1 and up,,,,,Unknown,,,,
"Mobizen Screen Recorder for LG - Record, Capture",VIDEO_PLAYERS,4.5,58820,37.0,1000000,Free,0.0,Everyone,Video Players & Editors,"April 26, 2018",3.5.1.8,4.4 and up,,,,,Unknown,,,,
MakeupPlus - Your Own Virtual Makeup Artist,PHOTOGRAPHY,4.4,758780,53.0,50000000,Free,0.0,Everyone,Photography,"August 3, 2018",4.0.55,4.0.3 and up,,,,,Unknown,,,,
M3-X5-X6-M-İ3-İ8 RACİNG 2018,GAME,4.4,596,44.0,100000,Free,0.0,Everyone,Arcade,"February 12, 2017","1,01",4.0 and up,,,,,Unknown,,,,
360-M Flight,TOOLS,3.9,84,24.0,10000,Free,0.0,Everyone,Tools,"December 14, 2017",2.18,4.0.3 and up,,,,,Unknown,,,,
M-acceleration 3D Car Racing,GAME,3.9,1202,34.0,100000,Free,0.0,Everyone,Racing,"June 28, 2018",1.6,4.1 and up,,,,,Unknown,,,,
M+,NEWS_AND_MAGAZINES,4.9,198,9.1,10000,Free,0.0,Everyone,News & Magazines,"May 29, 2018",3.2.2,5.0 and up,,,,,Unknown,,,,
Super Hero M Craft Run,GAME,3.7,303,38.0,100000,Free,0.0,Everyone,Arcade,"July 12, 2017",1.6,4.0.3 and up,,,,,Unknown,,,,
M-Sight Pro,VIDEO_PLAYERS,3.3,30,15.0,5000,Free,0.0,Everyone,Video Players & Editors,"July 25, 2018",3.1.0.1-r4,4.0 and up,,,,,Unknown,,,,
💎 I'm rich,LIFESTYLE,3.8,718,26.0,10000,Paid,399.99,Everyone,Lifestyle,"March 11, 2018",1.0.0,4.4 and up,,,,,Unknown,,,,
Don't Hug Me I'm So Scared,GAME,3.5,901,63.0,50000,Free,0.0,Everyone,Adventure,"June 8, 2018",1.8.5,2.3 and up,,,,,Unknown,,,,
GTS-M,TOOLS,4.2,38,0.251,5000,Free,0.0,Everyone,Tools,"January 26, 2017",1.4,1.6 and up,,,,,Unknown,,,,
M star Dialer,COMMUNICATION,3.5,400,4.2,100000,Free,0.0,Everyone,Communication,"March 20, 2017",3.8.8,2.2 and up,,,,,Unknown,,,,
I'm Rich - Trump Edition,LIFESTYLE,3.6,275,7.3,10000,Paid,400.0,Everyone,Lifestyle,"May 3, 2018",1.0.1,4.1 and up,,,,,Unknown,,,,
Free WiFi Connect,COMMUNICATION,3.9,167229,9.7,10000000,Free,0.0,Everyone,Communication,"March 31, 2018",8.1,4.1 and up,,,,,Unknown,,,,
M Notifier for M Launcher,TOOLS,4.2,2803,1.4,100000,Free,0.0,Everyone,Tools,"February 15, 2017",1.0.4,4.0 and up,,,,,Unknown,,,,
M Theme - Dark Green Icon Pack,PERSONALIZATION,4.2,202,4.9,10000,Free,0.0,Everyone,Personalization,"November 16, 2016",1.2.3,3.0 and up,,,,,Unknown,,,,
m-Faisaa,FINANCE,4.0,142,6.2,10000,Free,0.0,Everyone,Finance,"July 13, 2018",5.3,4.0.3 and up,,,,,Unknown,,,,
m:go BiH,COMMUNICATION,3.2,559,6.0,10000,Free,0.0,Everyone,Communication,"July 25, 2018",3.4,3.0 and up,,,,,Unknown,,,,
Libre Scan (Diabetes:M addon),MEDICAL,2.4,102,1.2,10000,Free,0.0,Everyone,Medical,"July 9, 2017",1.2,4.4 and up,,,,,Unknown,,,,
m.ride - your motorcycle app,AUTO_AND_VEHICLES,4.5,189,16.0,10000,Free,0.0,Everyone,Auto & Vehicles,"July 3, 2018",1.1.6,6.0 and up,,,,,Unknown,,,,
Rope'n'Fly 4,GAME,4.1,234606,59.0,10000000,Free,0.0,Everyone,Action,"January 29, 2018",3.1,2.3 and up,,,,,Unknown,,,,
N Launcher: Nougat Theme,PERSONALIZATION,4.2,128,7.7,10000,Free,0.0,Everyone,Personalization,"June 13, 2017",1.0,4.1 and up,,,,,Unknown,,,,
Dino in City-Dinosaur N Police,FAMILY,3.7,10035,30.0,1000000,Free,0.0,Teen,Simulation,"May 23, 2018",2.07,4.1 and up,,,,,Unknown,,,,
N Launcher Pro - Nougat 7.0,PERSONALIZATION,4.3,2538,6.4,100000,Paid,2.99,Everyone,Personalization,"March 23, 2018",1.5.1,4.1 and up,,,,,Unknown,,,,
Cops N Robbers - FPS Mini Game,GAME,4.2,156862,64.0,5000000,Free,0.0,Everyone 10+,Action,"July 31, 2018",7.0.4,4.1 and up,,,,,Unknown,,,,
Cops N Robbers 2,GAME,4.1,63680,46.0,1000000,Free,0.0,Everyone 10+,Adventure,"June 2, 2018",2.2.2,4.1 and up,,,,,Unknown,,,,
Hands 'n Guns Simulator,FAMILY,3.9,19727,76.0,1000000,Free,0.0,Teen,Simulation,"July 3, 2018",32,4.1 and up,,,,,Unknown,,,,
Hide N Seek : Mini Game,GAME,3.8,4719,54.0,500000,Free,0.0,Everyone,Action,"July 8, 2018",5.1.3,4.1 and up,,,,,Unknown,,,,
N Launcher - Nougat 7.0,PERSONALIZATION,4.4,32597,8.4,1000000,Free,0.0,Everyone,Personalization,"May 24, 2018",1.5.2,4.1 and up,,,,,Unknown,,,,
Cook'n Recipe App,LIFESTYLE,3.4,552,22.0,10000,Free,0.0,Everyone,Lifestyle,"August 2, 2018",3.0.4,4.4 and up,,,,,Unknown,,,,
Rope'n'Fly 3 - Dusk Till Dawn,GAME,4.0,166033,23.0,10000000,Free,0.0,Everyone 10+,Arcade,"January 31, 2018",3.6,2.3 and up,,,,,Unknown,,,,
Tap N Pay,PRODUCTIVITY,4.4,253,8.2,10000,Free,0.0,Everyone,Productivity,"July 31, 2018",0.1.22,4.1 and up,,,,,Unknown,,,,
N-Com Wizard,COMMUNICATION,3.3,960,3.8,50000,Free,0.0,Everyone,Communication,"September 21, 2017",2.1.2,2.3.3 and up,,,,,Unknown,,,,
Drag'n'Boom,GAME,4.8,133180,54.0,1000000,Free,0.0,Everyone 10+,Arcade,"January 12, 2018",1.1.1,4.4 and up,,,,,Unknown,,,,
Traps n' Gemstones,GAME,4.5,413,9.1,1000,Paid,4.99,Everyone,Adventure,"May 17, 2017",1.04,4.0.3 and up,,,,,Unknown,,,,
Shop 'n Save,SHOPPING,3.4,620,40.0,100000,Free,0.0,Everyone,Shopping,"March 13, 2018",2.2.8,4.1 and up,,,,,Unknown,,,,
Dual N-Back - Brain game,FAMILY,4.3,817,28.0,100000,Free,0.0,Everyone,Educational,"May 25, 2018",2.4.2,4.1 and up,,,,,Unknown,,,,
N Files - File Manager & Explorer,PRODUCTIVITY,4.3,369,11.0,10000,Free,0.0,Everyone,Productivity,"July 18, 2018",2.9.5,4.1 and up,,,,,Unknown,,,,
Guns'n'Glory Zombies Premium,FAMILY,4.1,313,34.0,5000,Paid,2.99,Everyone 10+,Strategy,"July 15, 2016",1.1.5,2.3.3 and up,,,,,Unknown,,,,
Cops N Robbers,GAME,4.0,37789,58.0,1000000,Free,0.0,Teen,Adventure,"June 6, 2018",1.5.2,4.1 and up,,,,,Unknown,,,,
Guns'n'Glory Premium,FAMILY,4.4,3570,21.0,100000,Paid,2.99,Everyone 10+,Strategy,"September 22, 2017",1.8.1,2.3.3 and up,,,,,Unknown,,,,
Madagascar Surf n' Slides Free,FAMILY,3.8,48929,45.0,5000000,Free,0.0,Everyone,Educational;Education,"September 8, 2017",1.5.0,4.0 and up,,,,,Unknown,,,,
Guns'n'Glory,FAMILY,4.4,89947,22.0,5000000,Free,0.0,Everyone 10+,Strategy,"February 9, 2018",1.8.2,4.0 and up,,,,,Unknown,,,,
Ghosts'n Goblins MOBILE,GAME,3.8,466,28.0,10000,Paid,0.99,Everyone,Arcade,"March 28, 2017",1.00.02,4.1 and up,,,,,Unknown,,,,
Mopar Drag N Brag,GAME,4.2,30630,17.0,1000000,Free,0.0,Everyone,Racing,"May 25, 2015",1.2.5,4.1 and up,,,,,Unknown,,,,
Read Unlimitedly! Kids'n Books,FAMILY,3.8,7462,31.0,1000000,Free,0.0,Everyone,Education;Music & Video,"February 16, 2018",3.42,2.3 and up,,,,,Unknown,,,,
Dark Infusion Substratum Theme for Android N & O,PERSONALIZATION,4.8,133,59.0,1000,Paid,2.49,Everyone,Personalization,"August 3, 2018",15.6,7.0 and up,,,,,Unknown,,,,
Fantastic Chefs: Match 'n Cook,FAMILY,4.7,8600,91.0,500000,Free,0.0,Everyone,Puzzle,"July 27, 2018",1.0.7,4.0.3 and up,,,,,Unknown,,,,
Eat'n Park,LIFESTYLE,3.5,292,20.0,50000,Free,0.0,Everyone,Lifestyle,"December 18, 2017",3.1.3,4.0 and up,,,,,Unknown,,,,
Draw N Guess Multiplayer,GAME,3.9,29505,69.0,1000000,Free,0.0,Everyone,Word,"April 4, 2018",3.0.11,4.0.3 and up,,,,,Unknown,,,,
Car Parking Crane N Drifting,FAMILY,4.2,106,71.0,50000,Free,0.0,Everyone,Simulation,"February 26, 2018",1.8,4.0.3 and up,,,,,Unknown,,,,
Lock 'n' Roll Pro - Ad Free,GAME,4.6,169,13.0,1000,Paid,0.99,Everyone,Card,"July 1, 2015",4.0.5,2.3.3 and up,,,,,Unknown,,,,
Rock N' Cash Casino Slots -Free Vegas Slot Games,GAME,4.7,6187,33.0,100000,Free,0.0,Teen,Casino,"July 27, 2018",1.15.0,4.0.3 and up,,,,,Unknown,,,,
Age of Conquest: N. America,FAMILY,4.5,659,3.3,10000,Paid,3.99,Everyone,Strategy,"August 4, 2018",1.0.28,1.5 and up,,,,,Unknown,,,,
Sketch 'n' go,VIDEO_PLAYERS,3.8,3965,6.4,100000,Free,0.0,Everyone,Video Players & Editors,"March 26, 2018",2.2.9,4.1 and up,,,,,Unknown,,,,
Guns'n'Glory WW2 Premium,FAMILY,4.5,4656,20.0,100000,Paid,2.99,Everyone 10+,Strategy,"December 8, 2017",1.4.11,4.0 and up,,,,,Unknown,,,,
Rock n Roll Music Quiz Game,GAME,3.7,80,7.6,10000,Free,0.0,Everyone,Trivia,"June 6, 2018",5.0,4.1 and up,,,,,Unknown,,,,
Cook 'n Learn Smart Kitchen,FAMILY,3.5,205,62.0,50000,Free,0.0,Everyone,Educational;Education,"March 6, 2017",1.0.4,4.3 and up,,,,,Unknown,,,,
Jump'N'Shoot Attack,GAME,4.1,155,32.0,1000,Paid,2.49,Everyone,Arcade,"May 26, 2018",1.2,4.1 and up,,,,,Unknown,,,,
Ghouls'n Ghosts MOBILE,GAME,3.9,168,49.0,5000,Paid,1.99,Everyone 10+,Arcade,"May 18, 2017",1.00.00,4.1 and up,,,,,Unknown,,,,
N-Back,FAMILY,4.1,413,0.93,10000,Free,0.0,Everyone,Puzzle,"February 15, 2016",1.6,2.1 and up,,,,,Unknown,,,,
Oddworld: New 'n' Tasty,GAME,4.6,1475,34.0,10000,Paid,4.99,Teen,Action,"January 2, 2018",1.0.4,5.0 and up,,,,,Unknown,,,,
Knights N Squires,FAMILY,4.4,148826,49.0,1000000,Free,0.0,Teen,Role Playing,"June 19, 2018",1.4.9,4.0.3 and up,,,,,Unknown,,,,
Planet O - Icon Pack,PERSONALIZATION,4.6,354,24.0,10000,Paid,0.99,Everyone,Personalization,"June 13, 2018",1.6.1,4.1 and up,,,,,Unknown,,,,
The Noise-O-Meter,FAMILY,4.0,1699,72.0,100000,Free,0.0,Everyone,Entertainment;Music & Video,"October 18, 2017",1.0.1.24,4.3 and up,,,,,Unknown,,,,
O Launcher 8.0 for Android™ O Oreo Launcher,TOOLS,4.4,11393,8.7,1000000,Free,0.0,Everyone,Tools,"July 27, 2018",3.9,4.4 and up,,,,,Unknown,,,,
Stand O’Food® (Full),FAMILY,4.4,925,40.0,10000,Paid,1.99,Everyone,Casual,"December 26, 2014",1.5,2.3.3 and up,,,,,Unknown,,,,
WiFi-o-Matic,PRODUCTIVITY,4.0,736,6.8,50000,Free,0.0,Everyone,Productivity,"February 1, 2018",1.80.03,4.1 and up,,,,,Unknown,,,,
Detect-O-Gromit (D.O.G 2),FAMILY,3.8,45,47.0,10000,Paid,2.49,Everyone,Entertainment,"July 16, 2018",1.2,5.0 and up,,,,,Unknown,,,,
O Shopping,SHOPPING,3.9,671,3.6,100000,Free,0.0,Everyone,Shopping,"July 23, 2018",1.1.2,4.0.3 and up,,,,,Unknown,,,,
AC Remote for O General - NOW FREE,TOOLS,3.7,274,26.0,50000,Free,0.0,Everyone,Tools,"July 30, 2018",6.1.7,4.2 and up,,,,,Unknown,,,,
O'Route Orienteering,SPORTS,4.2,6,1.3,100,Paid,3.02,Everyone,Sports,"December 27, 2017",2.0.5,3.0 and up,,,,,Unknown,,,,
Drink-O-Tron The Drinking Game,GAME,4.1,140,45.0,50000,Free,0.0,Mature 17+,Card,"May 31, 2017",1.64,4.0.3 and up,,,,,Unknown,,,,
Multiling O Keyboard + emoji,PRODUCTIVITY,4.3,30443,0.54,1000000,Free,0.0,Everyone,Productivity,"July 3, 2018",0.54.2.4,2.1 and up,,,,,Unknown,,,,
Google I/O 2018,BOOKS_AND_REFERENCE,4.3,22401,4.6,500000,Free,0.0,Everyone,Books & Reference,"May 7, 2018",6.1.2,5.0 and up,,,,,Unknown,,,,
Prime Key for Nougat Launcher& O Launcher &KitKat,PERSONALIZATION,4.1,324,0.313,5000,Paid,6.99,Everyone,Personalization,"August 20, 2017",5.1,5.1 and up,,,,,Unknown,,,,
OO Launcher for Android O 8.0 Oreo™ Launcher,PERSONALIZATION,4.4,14832,8.6,1000000,Free,0.0,Everyone,Personalization,"August 3, 2018",4.6,4.0 and up,,,,,Unknown,,,,
Band O'Clock,LIFESTYLE,3.8,1140,0.746,100000,Free,0.0,Everyone,Lifestyle,"December 3, 2011",0.11,2.1 and up,,,,,Unknown,,,,
O Launcher,TOOLS,4.3,2059,10.0,100000,Free,0.0,Everyone,Tools,"May 22, 2018",1.1.4,5.0 and up,,,,,Unknown,,,,
Verdad o Reto,SOCIAL,3.8,826,5.1,500000,Free,0.0,Teen,Social,"May 10, 2018",2.0,4.1 and up,,,,,Unknown,,,,
Pixlr-o-matic,PHOTOGRAPHY,4.5,180697,6.1,10000000,Free,0.0,Everyone,Photography,"April 25, 2017",2.2.5,2.1 and up,,,,,Unknown,,,,
O-Level Past Papers & Solution (up to 2017),FAMILY,3.8,589,28.0,100000,Free,0.0,Everyone,Education,"June 11, 2018",8.3.2,4.0.3 and up,,,,,Unknown,,,,
"O Multiple - App Cloner, Duals APP, tarallel",TOOLS,3.9,145,5.2,50000,Free,0.0,Everyone,Tools,"May 15, 2018",1.0.7,4.1 and up,,,,,Unknown,,,,
The Maze Runner,GAME,4.0,428268,22.0,10000000,Free,0.0,Everyone,Action,"September 14, 2015",1.8.1,2.3 and up,,,,,Unknown,,,,
P Icon Pack for Pixel,PERSONALIZATION,4.4,38,51.0,1000,Free,0.0,Everyone,Personalization,"May 6, 2018",1.0.3,4.1 and up,,,,,Unknown,,,,
Android P | Xperia™ Theme 4800+ icons,PERSONALIZATION,4.6,29,39.0,100,Paid,1.99,Everyone,Personalization,"May 16, 2018",1.0.0,6.0 and up,,,,,Unknown,,,,
P-Home for KLWP,PERSONALIZATION,5.0,4,12.0,100,Paid,0.99,Everyone,Personalization,"May 15, 2018",v2018.May.15.14,5.0 and up,,,,,Unknown,,,,
"Super P Launcher for Android P 9.0 launcher, theme",TOOLS,4.4,2026,7.5,100000,Free,0.0,Everyone,Tools,"August 3, 2018",1.9,4.0 and up,,,,,Unknown,,,,
pixiv,SOCIAL,4.2,86956,24.0,1000000,Free,0.0,Mature 17+,Social,"August 3, 2018",5.0.109,4.4 and up,,,,,Unknown,,,,
[Sub/EMUI] P Pro - EMUI 8.1/8.0/5.X Theme,PERSONALIZATION,4.0,13,19.0,100,Paid,0.99,Everyone,Personalization,"July 20, 2018",H7SubTV0.1_TV0.4,7.0 and up,,,,,Unknown,,,,
Theme Android P Design for LG V30,PERSONALIZATION,4.2,35,5.2,500,Paid,1.49,Everyone,Personalization,"April 26, 2018",1.33,7.0 and up,,,,,Unknown,,,,
Theme Android P for LG G7 & V35,PERSONALIZATION,4.6,5,4.5,100,Paid,1.49,Everyone,Personalization,"July 7, 2018",1.1,8.0 and up,,,,,Unknown,,,,
Volume Slider Like Android P Volume Control,TOOLS,4.1,1129,1.7,10000,Paid,0.99,Everyone,Tools,"June 30, 2018",1.28,4.1 and up,,,,,Unknown,,,,
P Launcher for Android™ 9.0,PERSONALIZATION,3.9,35,6.3,5000,Free,0.0,Everyone,Personalization,"July 1, 2018",0.9.3,5.0 and up,,,,,Unknown,,,,
Theme Android P Black design for LG V30,PERSONALIZATION,4.4,8,6.2,100,Paid,1.49,Everyone,Personalization,"April 6, 2018",1.1,7.0 and up,,,,,Unknown,,,,
P Launcher Theme For Android™ 9.0,PERSONALIZATION,3.9,213,28.0,10000,Free,0.0,Everyone,Personalization,"May 18, 2018",1.4,4.0 and up,,,,,Unknown,,,,
Theme Android P Black for LG G7 & V35,PERSONALIZATION,4.6,5,4.3,100,Paid,1.49,Everyone,Personalization,"July 31, 2018",1.3,7.0 and up,,,,,Unknown,,,,
P Theme for Android™ P 9.0 Style Launcher,PERSONALIZATION,4.5,216,5.7,50000,Free,0.0,Everyone,Personalization,"April 13, 2018",1.4,4.1 and up,,,,,Unknown,,,,
Android P 9.0,PERSONALIZATION,3.0,12,4.9,500,Free,0.0,Everyone,Personalization,"May 30, 2018",2.0,4.0.3 and up,,,,,Unknown,,,,
Android P Wallpapers,PERSONALIZATION,3.6,53,2.0,5000,Free,0.0,Everyone,Personalization,"February 12, 2018",1,4.0.3 and up,,,,,Unknown,,,,
P XPERIA Theme™ | Design For SONY 🎨,PERSONALIZATION,4.4,147,16.0,10000,Free,0.0,Everyone,Personalization,"May 28, 2018",1.0.0,4.4 and up,,,,,Unknown,,,,
Parallel Space - Multiple accounts & Two face,PERSONALIZATION,4.6,3062845,7.4,100000000,Free,0.0,Everyone,Personalization,"August 3, 2018",4.0.8552,4.0.3 and up,,,,,Unknown,,,,
P9 Launcher - Android™ 9.0 P Launcher Style,TOOLS,4.3,1162,7.3,100000,Free,0.0,Everyone,Tools,"July 6, 2018",2.5,4.1 and up,,,,,Unknown,,,,
Android P Style Icon Pack,PERSONALIZATION,5.0,1,60.0,100,Paid,0.99,Everyone,Personalization,"June 16, 2018",1.0,4.1 and up,,,,,Unknown,,,,
Android P Stock Wallpapers,PERSONALIZATION,4.5,16,3.7,1000,Free,0.0,Everyone,Personalization,"August 1, 2018",2.3.0,5.0 and up,,,,,Unknown,,,,
G-Pix [Android P] Dark EMUI 8/5 THEME,PERSONALIZATION,4.1,169,24.0,10000,Free,0.0,Everyone,Personalization,"March 25, 2018",7,4.4 and up,,,,,Unknown,,,,
G-Pix [Android P] EMUI 8/5 THEME,PERSONALIZATION,4.1,720,10.0,100000,Free,0.0,Everyone,Personalization,"March 13, 2018",12,4.4 and up,,,,,Unknown,,,,
Android-P Mono Grey EMUI 8/5 Theme,PERSONALIZATION,4.5,61,7.5,10000,Free,0.0,Everyone,Personalization,"April 4, 2018",4,4.4 and up,,,,,Unknown,,,,
Materialistic P Wallpapers,PERSONALIZATION,4.8,24,3.6,1000,Free,0.0,Everyone,Personalization,"August 3, 2018",2.244,5.0 and up,,,,,Unknown,,,,
Android P Rotation,TOOLS,4.5,502,2.0,10000,Free,0.0,Everyone,Tools,"July 15, 2018",1.5,5.0 and up,,,,,Unknown,,,,
Android P Launcher 9.0 launcher,TOOLS,4.0,164,2.3,10000,Free,0.0,Everyone,Tools,"April 23, 2018",1.0,5.0 and up,,,,,Unknown,,,,
Pixel Oreo/P Dark White AMOLED UI - Icon Pack,PERSONALIZATION,4.8,18,16.0,5000,Paid,1.49,Everyone,Personalization,"June 21, 2018",5.1,4.0.3 and up,,,,,Unknown,,,,
pretty Easy privacy p≡p,COMMUNICATION,3.7,21,20.0,500,Paid,0.99,Everyone,Communication,"July 30, 2018",1.0.100rc1.withoutKeysync,5.0 and up,,,,,Unknown,,,,
"Q Alerts: QAnon Drop Notifications, Research +++",NEWS_AND_MAGAZINES,4.7,143,26.0,5000,Paid,0.99,Mature 17+,News & Magazines,"July 26, 2018",4.1.10,4.1 and up,,,,,Unknown,,,,
The Q - Live Trivia Game Network,GAME,2.7,1486,14.0,100000,Free,0.0,Everyone,Trivia,"August 3, 2018",2.4.8,5.0 and up,,,,,Unknown,,,,
Fossil Q,LIFESTYLE,2.9,6627,18.0,500000,Free,0.0,Everyone,Lifestyle,"August 1, 2018",2.5.1,4.4 and up,,,,,Unknown,,,,
Q,FAMILY,4.2,69126,60.0,1000000,Free,0.0,Everyone,Puzzle,"April 19, 2018",2.9.4,4.0 and up,,,,,Unknown,,,,
Q Cat Live Wallpaper,PERSONALIZATION,4.2,4383,7.1,500000,Free,0.0,Teen,Personalization,"March 16, 2015",2.7,2.3.3 and up,,,,,Unknown,,,,
Fossil Q Legacy,LIFESTYLE,2.6,680,60.0,50000,Free,0.0,Everyone,Lifestyle,"September 19, 2017",1.0.1,4.4 and up,,,,,Unknown,,,,
Offroad Car Q,FAMILY,4.1,24668,40.0,1000000,Free,0.0,Everyone,Simulation,"August 4, 2016",1.0.2,2.3.3 and up,,,,,Unknown,,,,
Q*bert: Rebooted,GAME,4.3,13788,55.0,1000000,Free,0.0,Everyone,Arcade,"April 1, 2017",1.1,4.4 and up,,,,,Unknown,,,,
Gun Shoot War Q,GAME,4.2,26893,20.0,1000000,Free,0.0,Teen,Arcade,"March 1, 2017",1.0.5,2.3 and up,,,,,Unknown,,,,
FaceQ,FAMILY,4.4,591411,19.0,10000000,Free,0.0,Teen,Entertainment,"May 16, 2017",3.4.1,3.0 and up,,,,,Unknown,,,,
Q Link Wireless Zone,PRODUCTIVITY,4.0,2194,17.0,500000,Free,0.0,Everyone,Productivity,"March 8, 2018",2.0.4,4.4 and up,,,,,Unknown,,,,
Q Avatar (Avatar Maker),COMICS,4.4,2012,3.6,100000,Free,0.0,Everyone,Comics,"March 4, 2017",1.3.5,2.3 and up,,,,,Unknown,,,,
Q downloader : download your social media videos,FAMILY,4.1,41,4.5,1000,Free,0.0,Everyone,Entertainment,"June 21, 2018",1.1.2.1,4.0.3 and up,,,,,Unknown,,,,
Q Avatar Pro,FAMILY,4.8,4,3.6,100,Paid,1.49,Teen,Entertainment,"March 4, 2017",1.3.5,2.3 and up,,,,,Unknown,,,,
Q-See Plus,VIDEO_PLAYERS,2.2,32,33.0,5000,Free,0.0,Everyone,Video Players & Editors,"July 9, 2018",3.1.0,4.0.3 and up,,,,,Unknown,,,,
Q Wunder,FAMILY,3.8,156,43.0,10000,Free,0.0,Everyone,Education;Education,"June 30, 2018",2.0.13,4.1 and up,,,,,Unknown,,,,
Q-See QC View,TOOLS,3.1,657,21.0,100000,Free,0.0,Everyone,Tools,"January 19, 2018",3.49.0202,4.0.3 and up,,,,,Unknown,,,,
Leica Q,PHOTOGRAPHY,3.1,133,2.3,10000,Free,0.0,Everyone,Photography,"May 8, 2018",1.0.2.1,4.0 and up,,,,,Unknown,,,,
Q Remote Control,TOOLS,3.8,4264,14.0,500000,Free,0.0,Everyone,Tools,"July 12, 2014",2.6.1,2.3 and up,,,,,Unknown,,,,
Q-Ticketing,MAPS_AND_NAVIGATION,3.8,114,19.0,10000,Free,0.0,Everyone,Maps & Navigation,"December 18, 2017",1.8.3111,4.3 and up,,,,,Unknown,,,,
DJMAX TECHNIKA Q - Music Game,GAME,4.3,21107,95.0,100000,Free,0.0,Everyone,Music,"July 30, 2018",1.2.1,4.0.3 and up,,,,,Unknown,,,,
myQ,TOOLS,3.6,3642,29.0,100000,Free,0.0,Everyone,Tools,"July 23, 2018",3.2.0,4.0.3 and up,,,,,Unknown,,,,
QR Code Reader,TOOLS,4.0,495971,2.7,50000000,Free,0.0,Everyone,Tools,"March 16, 2016",2.3,2.3.3 and up,,,,,Unknown,,,,
Q-slope,TOOLS,4.5,2,3.9,50,Paid,1.76,Everyone,Tools,"December 3, 2017",5.0,4.3 and up,,,,,Unknown,,,,
Q-Tech Companion App,FOOD_AND_DRINK,1.8,17,3.1,10000,Free,0.0,Everyone,Food & Drink,"March 8, 2017",1.6.3,4.4 and up,,,,,Unknown,,,,
Q Mobile Banking,FINANCE,4.7,460,12.0,10000,Free,0.0,Everyone,Finance,"June 26, 2018",5.9.1.0,5.0 and up,,,,,Unknown,,,,
Q Quiz SK,FAMILY,3.9,159,39.0,5000,Free,0.0,Everyone,Education,"December 8, 2015",2.3,2.3 and up,,,,,Unknown,,,,
Big Q Car Service,MAPS_AND_NAVIGATION,4.4,75,26.0,5000,Free,0.0,Everyone,Maps & Navigation,"May 15, 2017",3.002,4.0.3 and up,,,,,Unknown,,,,
Q-See QT View,TOOLS,3.6,7357,19.0,100000,Free,0.0,Everyone,Tools,"July 12, 2018",4.4.1,5.0 and up,,,,,Unknown,,,,
"DataCamp - Learn R, Python & SQL",FAMILY,4.4,944,12.0,100000,Free,0.0,Everyone,Education,"August 1, 2018",3.1.0,4.1 and up,,,,,Unknown,,,,
R Language Reference Guide,BOOKS_AND_REFERENCE,3.9,54,2.8,10000,Free,0.0,Everyone,Books & Reference,"December 24, 2017",1.11,4.0 and up,,,,,Unknown,,,,
Run R Script - Online Statistical Data Analysis,FAMILY,3.9,8,6.2,1000,Free,0.0,Everyone,Education,"April 4, 2018",1.1 Build 226,2.2 and up,,,,,Unknown,,,,
R Programming Language,FAMILY,3.8,39,2.9,1000,Free,0.0,Everyone,Education,"December 21, 2017",1.0,4.2 and up,,,,,Unknown,,,,
R. Physics Puzzle Game,FAMILY,4.2,5369,60.0,500000,Free,0.0,Everyone,Puzzle,"April 19, 2018",1.0.16,4.3 and up,,,,,Unknown,,,,
R Instructor,FAMILY,4.1,135,4.9,1000,Paid,4.84,Everyone,Education,"February 21, 2014",2.03,3.0 and up,,,,,Unknown,,,,
GT-R R35 Drift Simulator,FAMILY,4.4,1852,62.0,100000,Free,0.0,Everyone,Simulation,"October 31, 2017",1.0,2.3 and up,,,,,Unknown,,,,
Offroad Pickup Truck R,FAMILY,4.4,6367,96.0,1000000,Free,0.0,Everyone,Simulation,"July 14, 2017",1.4,2.3 and up,,,,,Unknown,,,,
R Programing Offline Tutorial,BOOKS_AND_REFERENCE,5.0,4,3.9,1000,Free,0.0,Everyone,Books & Reference,"March 15, 2018",1.0.0,4.1 and up,,,,,Unknown,,,,
Learn R Language Easy Way,FAMILY,4.1,17,2.2,10000,Free,0.0,Everyone,Education,"September 24, 2017",1.22,4.0.3 and up,,,,,Unknown,,,,
.R,TOOLS,4.5,259,0.203,10000,Free,0.0,Everyone,Tools,"September 16, 2014",1.1.06,1.5 and up,,,,,Unknown,,,,
R-TYPE II,GAME,4.3,5682,37.0,50000,Paid,1.99,Everyone,Arcade,"March 2, 2017",1.1.5,2.3.3 and up,,,,,Unknown,,,,
R Programming Solution,FAMILY,3.9,169,7.7,10000,Free,0.0,Everyone,Education,"June 20, 2016",1.0.3,4.0 and up,,,,,Unknown,,,,
Learn R - Programming Concepts,FAMILY,3.5,6,2.9,1000,Free,0.0,Everyone,Education,"April 25, 2017",1.0.1,4.0.3 and up,,,,,Unknown,,,,
Car Parking Nissan GT-R R35 Simulator,FAMILY,3.2,513,34.0,100000,Free,0.0,Everyone,Simulation,"December 5, 2017",1.0,4.0 and up,,,,,Unknown,,,,
R-net for Android,PRODUCTIVITY,3.3,48,0.058,5000,Free,0.0,Everyone,Productivity,"August 7, 2013",1.0,3.1 and up,,,,,Unknown,,,,
R File Manager,TOOLS,4.8,17,6.7,50,Free,0.0,Everyone,Tools,"May 5, 2018",v2,4.4 and up,,,,,Unknown,,,,
R-TYPE,GAME,4.5,7687,23.0,100000,Paid,1.99,Everyone,Arcade,"February 27, 2017",2.3.1,2.3.3 and up,,,,,Unknown,,,,
R Studio,SHOPPING,3.7,23,8.9,5000,Free,0.0,Everyone,Shopping,"July 8, 2016",2.1.1,4.0.3 and up,,,,,Unknown,,,,
Day R Premium,FAMILY,4.8,51068,57.0,100000,Paid,4.99,Teen,Role Playing,"June 21, 2018",1.574,4.0.3 and up,,,,,Unknown,,,,
"Join R, Community Engagement",SOCIAL,4.7,144,12.0,1000,Free,0.0,Teen,Social,"January 31, 2017",1.0.12,4.0.3 and up,,,,,Unknown,,,,
R Bank,FINANCE,4.3,90,13.0,5000,Free,0.0,Everyone,Finance,"May 30, 2018",5.9.1.0,5.0 and up,,,,,Unknown,,,,
Elemental Knights R Platinum,FAMILY,3.8,2925,93.0,50000,Paid,4.77,Teen,Role Playing,"August 1, 2018",6.2.1,4.1 and up,,,,,Unknown,,,,
Wonder5 Masters R,FAMILY,4.1,1655,83.0,100000,Free,0.0,Everyone,Role Playing,"August 2, 2018",1.1.52,4.3 and up,,,,,Unknown,,,,
Neon-R (Red),PERSONALIZATION,4.7,25,41.0,100,Paid,0.99,Everyone,Personalization,"March 12, 2015",1.0,4.0.3 and up,,,,,Unknown,,,,
R. Lee Ermey's Official Sound,FAMILY,4.2,1696,2.7,100000,Free,0.0,Mature 17+,Entertainment,"September 19, 2012",1.4,2.1 and up,,,,,Unknown,,,,
S Launcher for Galaxy TouchWiz,PERSONALIZATION,4.2,11244,2.2,1000000,Free,0.0,Everyone,Personalization,"June 12, 2018",1.1.1,4.1 and up,,,,,Unknown,,,,
S Player - Lightest and Most Powerful Video Player,TOOLS,4.6,14224,7.1,1000000,Free,0.0,Everyone,Tools,"October 12, 2017",1.0.98_ww,2.3 and up,,,,,Unknown,,,,
Offroad Pickup Truck S,FAMILY,4.2,5178,20.0,1000000,Free,0.0,Everyone,Simulation,"October 10, 2017",1.7,2.3 and up,,,,,Unknown,,,,
S Launcher Pro for Galaxy,PERSONALIZATION,4.1,47,0.026,1000,Paid,4.99,Everyone,Personalization,"February 12, 2016",1.0,4.1 and up,,,,,Unknown,,,,
S Note,PRODUCTIVITY,4.1,12435,31.0,10000000,Free,0.0,Everyone,Productivity,"September 26, 2017",Varies with device,6.0 and up,,,,,Unknown,,,,
"S Photo Editor - Collage Maker , Photo Collage",PHOTOGRAPHY,4.4,972574,45.0,100000000,Free,0.0,Everyone,Photography,"August 3, 2018",2.31,4.1 and up,,,,,Unknown,,,,
Stupid Zombies,GAME,4.5,464900,33.0,10000000,Free,0.0,Teen,Arcade,"June 27, 2018",2.0.5,4.2 and up,,,,,Unknown,,,,
S’more - Earn Cash Rewards,PRODUCTIVITY,4.1,15097,14.0,1000000,Free,0.0,Everyone,Productivity,"July 23, 2018",1.6.0,4.2 and up,,,,,Unknown,,,,
PitchBlack S - Samsung Substratum Theme “For Oreo”,PERSONALIZATION,4.5,90,37.0,1000,Paid,1.99,Everyone,Personalization,"August 4, 2018",12.6,7.0 and up,,,,,Unknown,,,,
Samsung Smart Switch Mobile,TOOLS,4.3,146913,24.0,100000000,Free,0.0,Everyone,Tools,"July 18, 2018",3.5.02.15,4.0 and up,,,,,Unknown,,,,
"S S9 Launcher - Galaxy S8/S9 Launcher, theme, cool",TOOLS,4.4,22503,6.5,1000000,Free,0.0,Everyone,Tools,"July 6, 2018",4.1,4.1 and up,,,,,Unknown,,,,
Five Nights at Freddy's 2 Demo,FAMILY,4.3,1503544,40.0,50000000,Free,0.0,Teen,Strategy,"November 15, 2014",1.07,2.3 and up,,,,,Unknown,,,,
Crime Wars S. Andreas,GAME,4.3,5785,93.0,500000,Free,0.0,Teen,Racing,"April 12, 2017",1.2,2.3 and up,,,,,Unknown,,,,
S Pen Keeper,TOOLS,3.8,560,0.314,50000,Free,0.0,Everyone,Tools,"June 8, 2018",2.1.0.032,4.0.3 and up,,,,,Unknown,,,,
SH Script Runner,PRODUCTIVITY,3.9,334,3.7,50000,Free,0.0,Everyone,Productivity,"January 2, 2018",1.07,4.1 and up,,,,,Unknown,,,,
City Taxi Driver sim 2016: Cab simulator Game-s,FAMILY,4.1,16111,57.0,1000000,Free,0.0,Everyone,Simulation,"June 12, 2018",1.11,4.1 and up,,,,,Unknown,,,,
Shopping List S PRO,SHOPPING,4.8,14,2.7,100,Paid,2.49,Everyone,Shopping,"May 16, 2018",2.10,4.1 and up,,,,,Unknown,,,,
Tinder,LIFESTYLE,4.0,2789775,68.0,100000000,Free,0.0,Mature 17+,Lifestyle,"August 2, 2018",9.5.0,4.4 and up,,,,,Unknown,,,,
Dino T-Rex,GAME,4.0,69115,2.4,10000000,Free,0.0,Everyone,Arcade,"June 13, 2018",1.36,4.1 and up,,,,,Unknown,,,,
AT&T U-verse,FAMILY,3.7,38606,96.0,1000000,Free,0.0,Everyone,Entertainment,"June 13, 2018",5.9.0.0031,4.1 and up,,,,,Unknown,,,,
T Uploader,FAMILY,4.1,75,2.2,10000,Free,0.0,Everyone,Education,"November 24, 2017",0.1.5,4.0 and up,,,,,Unknown,,,,
T-Mobile DIGITS,COMMUNICATION,3.0,1820,33.0,100000,Free,0.0,Everyone,Communication,"February 15, 2018",1.1.50,4.4 and up,,,,,Unknown,,,,
DIRECTV Remote App,FAMILY,3.0,480,19.0,1000000,Free,0.0,Everyone,Entertainment,"August 31, 2017",2.40,6.0 and up,,,,,Unknown,,,,
T-Mobile Tuesdays,LIFESTYLE,4.0,53144,21.0,5000000,Free,0.0,Everyone,Lifestyle,"July 13, 2018",4.8.0,5.0 and up,,,,,Unknown,,,,
AT&T Mobile Transfer,PRODUCTIVITY,4.6,22775,26.0,10000000,Free,0.0,Everyone,Productivity,"July 31, 2018",3.8.2,4.4 and up,,,,,Unknown,,,,
T-Mobile Content Transfer,PRODUCTIVITY,4.1,370,29.0,500000,Free,0.0,Everyone,Productivity,"January 25, 2018",2.1.5,4.0 and up,,,,,Unknown,,,,
I Can't Wake Up!,TOOLS,4.7,963,3.7,10000,Paid,2.99,Everyone,Tools,"May 25, 2018",3.4.0,4.0 and up,,,,,Unknown,,,,
AT&T FamilyMap®,TOOLS,3.5,21592,25.0,10000000,Free,0.0,Everyone,Tools,"October 24, 2017",10.1.1,4.0.3 and up,,,,,Unknown,,,,
T-Mobile® FamilyMode™,PARENTING,3.1,103,28.0,10000,Free,0.0,Everyone,Parenting,"June 29, 2018",1.0.2-alpha4,4.4 and up,,,,,Unknown,,,,
Portable Wi-Fi hotspot,COMMUNICATION,3.9,138129,2.1,10000000,Free,0.0,Everyone,Communication,"May 6, 2018",1.5.2.4-23,2.3 and up,,,,,Unknown,,,,
AT&T Call Protect,COMMUNICATION,4.2,6454,15.0,5000000,Free,0.0,Everyone,Communication,"May 3, 2018",1.5.13-3598,5.0 and up,,,,,Unknown,,,,
Don't Starve: Pocket Edition,GAME,4.4,17988,7.9,100000,Paid,4.99,Teen,Adventure,"July 25, 2018",1.06,5.0 and up,,,,,Unknown,,,,
"Please, Don't Touch Anything",FAMILY,4.4,1771,46.0,10000,Paid,4.99,Teen,Puzzle,"April 20, 2016",1.1.0,2.3 and up,,,,,Unknown,,,,
AT&T DriveMode,MAPS_AND_NAVIGATION,3.3,8465,8.9,10000000,Free,0.0,Everyone,Maps & Navigation,"May 3, 2018",1.0.4.3,4.1 and up,,,,,Unknown,,,,
The T Factor,EVENTS,4.8,48,13.0,1000,Free,0.0,Everyone,Events,"September 26, 2017",8.8,4.2 and up,,,,,Unknown,,,,
Please Don't Touch Anything 3D,FAMILY,4.2,146,20.0,5000,Paid,5.99,Teen,Puzzle,"December 7, 2016",1.1,4.4 and up,,,,,Unknown,,,,
Don't touch my phone,TOOLS,3.8,21943,2.3,5000000,Free,0.0,Everyone,Tools,"October 19, 2016",30,2.3 and up,,,,,Unknown,,,,
Don't Starve: Shipwrecked,GAME,4.1,1468,4.9,10000,Paid,4.99,Teen,Adventure,"July 10, 2018",0.16,5.0 and up,,,,,Unknown,,,,
Ludo - Don't get angry,GAME,4.2,131,23.0,1000,Paid,1.61,Everyone,Board,"February 24, 2016",1.6.3,2.3.3 and up,,,,,Unknown,,,,
Jurassic Life: T Rex Simulator,FAMILY,4.2,1088,35.0,10000,Paid,0.99,Everyone 10+,Simulation,"August 19, 2014",1.2,2.0.1 and up,,,,,Unknown,,,,
T-Mobile SyncUP DRIVE,AUTO_AND_VEHICLES,4.0,1981,18.0,100000,Free,0.0,Everyone,Auto & Vehicles,"August 1, 2018",2.15.1.4,5.0 and up,,,,,Unknown,,,,
T-shirt design - Snaptee,LIFESTYLE,4.2,29756,45.0,1000000,Free,0.0,Everyone,Lifestyle,"July 19, 2018",1.1.6.1,4.1 and up,,,,,Unknown,,,,
MBTA GPS - Track the T,MAPS_AND_NAVIGATION,3.8,82,5.6,5000,Free,0.0,Everyone,Maps & Navigation,"February 23, 2018",5.1.0,4.1 and up,,,,,Unknown,,,,
T. Rowe Price Personal® App,FINANCE,4.5,1057,4.5,50000,Free,0.0,Everyone,Finance,"July 6, 2018",1.7,6.0 and up,,,,,Unknown,,,,
Můj T-Mobile Business,PRODUCTIVITY,3.7,10490,5.8,1000000,Free,0.0,Everyone,Productivity,"July 24, 2018",3.1.7,4.1 and up,,,,,Unknown,,,,
U by BB&T,FINANCE,4.3,16600,24.0,1000000,Free,0.0,Everyone,Finance,"June 19, 2018",1.7.7,4.4 and up,,,,,Unknown,,,,
U LIVE – Video Chat & Stream,SOCIAL,4.5,67611,21.0,1000000,Free,0.0,Mature 17+,Social,"April 23, 2018",263.16.29,4.0.3 and up,,,,,Unknown,,,,
"U - Webinars, Meetings & Messenger",COMMUNICATION,4.1,6601,31.0,500000,Free,0.0,Everyone,Communication,"July 2, 2018",4.7.0,4.1 and up,,,,,Unknown,,,,
Hollywood U: Rising Stars,FAMILY,4.2,233588,74.0,5000000,Free,0.0,Teen,Simulation,"April 21, 2017",3.8.0,4.0.3 and up,,,,,Unknown,,,,
U-Dictionary: Best English Learning Dictionary,FAMILY,4.5,166886,21.0,10000000,Free,0.0,Everyone 10+,Education,"July 29, 2018",3.6.2,4.0.3 and up,,,,,Unknown,,,,
Ustream,VIDEO_PLAYERS,4.0,93638,7.3,10000000,Free,0.0,Mature 17+,Video Players & Editors,"July 11, 2018",3.2.2,4.1 and up,,,,,Unknown,,,,
ENCHANT U,FAMILY,4.3,83977,11.0,500000,Free,0.0,Everyone,Casual,"November 8, 2012",1.2.2,2.1 and up,,,,,Unknown,,,,
/u/app,COMMUNICATION,4.7,573,53.0,10000,Free,0.0,Mature 17+,Communication,"July 3, 2018",4.2.4,4.1 and up,,,,,Unknown,,,,
Kicker U,LIFESTYLE,4.1,124,37.0,5000,Paid,3.99,Everyone,Lifestyle,"June 13, 2018",3.04,4.0.3 and up,,,,,Unknown,,,,
U-Haul,TRAVEL_AND_LOCAL,3.2,852,37.0,100000,Free,0.0,Everyone,Travel & Local,"July 31, 2018",2.2.1,4.4 and up,,,,,Unknown,,,,
Vienna U-Bahn,MAPS_AND_NAVIGATION,3.9,139,2.0,10000,Free,0.0,Everyone,Maps & Navigation,"July 25, 2018",1.21.0,4.0 and up,,,,,Unknown,,,,
Kicker U Lite,LIFESTYLE,4.1,438,26.0,50000,Free,0.0,Everyone,Lifestyle,"September 27, 2013",2.0.0,2.1 and up,,,,,Unknown,,,,
U-Scan,TOOLS,3.4,784,42.0,50000,Free,0.0,Everyone,Tools,"September 29, 2016",1.2.6 (94),2.2 and up,,,,,Unknown,,,,
Octo U: Your driving companion,TRAVEL_AND_LOCAL,3.0,331,7.8,50000,Free,0.0,Everyone,Travel & Local,"March 13, 2018",1.1.47,4.3 and up,,,,,Unknown,,,,
I Love U Theme&Emoji Keyboard,PERSONALIZATION,4.6,655,3.5,100000,Free,0.0,Everyone,Personalization,"May 8, 2018",4.3,4.1 and up,,,,,Unknown,,,,
Channel U,FAMILY,4.6,34,14.0,1000,Free,0.0,Everyone,Entertainment,"May 21, 2018",1.3,4.1 and up,,,,,Unknown,,,,
"Parallel U - App Cloner, Duals APP, tarallel",TOOLS,4.1,3315,5.1,500000,Free,0.0,Everyone,Tools,"May 15, 2018",1.0.24,4.1 and up,,,,,Unknown,,,,
U Pull It Auto Dismantler,BUSINESS,3.1,71,1.9,10000,Free,0.0,Everyone,Business,"May 14, 2013",1.0,1.6 and up,,,,,Unknown,,,,
Wii U Simulator,FAMILY,3.4,1178,38.0,100000,Free,0.0,Everyone 10+,Simulation,"April 8, 2018",1.0.1,5.0 and up,,,,,Unknown,,,,
U Camera : Phone 6s OS 9 style,PHOTOGRAPHY,4.2,2158,3.0,500000,Free,0.0,Everyone,Photography,"August 28, 2017",1.0.3,4.0 and up,,,,,Unknown,,,,
U get - Wireless Speed Test,TOOLS,4.2,26,2.2,5000,Free,0.0,Everyone,Tools,"June 4, 2018",1.3.5,4.0 and up,,,,,Unknown,,,,
U Guard,TOOLS,3.0,245,3.5,10000,Free,0.0,Everyone,Tools,"August 31, 2016",1.1.6.6,2.3 and up,,,,,Unknown,,,,
DRC Sim - Wii U Gamepad,FAMILY,2.4,210,4.0,10000,Free,0.0,Everyone,Casual,"June 25, 2017",2.0,2.3 and up,,,,,Unknown,,,,
"See U - Random video chat, video chat",SOCIAL,4.1,568,27.0,100000,Free,0.0,Mature 17+,Social,"April 13, 2018",1.4.1,4.1 and up,,,,,Unknown,,,,
[verify-U] VideoIdent,COMMUNICATION,2.9,83,13.0,10000,Free,0.0,Everyone,Communication,"April 26, 2018",2.4.0,5.0 and up,,,,,Unknown,,,,
What U See,SOCIAL,4.0,712,21.0,100000,Free,0.0,Teen,Social,"March 5, 2018",2.3.9,4.1 and up,,,,,Unknown,,,,
U Assist - Screen Mirroring & Sharing App,PRODUCTIVITY,4.0,198,3.5,50000,Free,0.0,Everyone,Productivity,"January 26, 2017",2.0.16,2.3 and up,,,,,Unknown,,,,
U+Box,PRODUCTIVITY,3.8,24517,22.0,10000000,Free,0.0,Everyone,Productivity,"May 23, 2018",4.2.17,5.0 and up,,,,,Unknown,,,,
Wi u Emulator,FAMILY,2.4,468,7.2,10000,Free,0.0,Everyone,Entertainment,"March 3, 2018",0.0.1,4.1 and up,,,,,Unknown,,,,
Waiting For U Launcher Theme,PERSONALIZATION,4.4,5599,4.8,500000,Free,0.0,Everyone,Personalization,"July 23, 2016",2.0.40,2.3 and up,,,,,Unknown,,,,
U of I Community Credit Union,FINANCE,3.7,52,13.0,5000,Free,0.0,Everyone,Finance,"May 4, 2018",4.16.10,4.4 and up,,,,,Unknown,,,,
U-Report,SOCIAL,4.3,241,7.5,10000,Free,0.0,Teen,Social,"April 10, 2018",2.8.4,4.0.3 and up,,,,,Unknown,,,,
"Meet U - Get Friends for Snapchat, Kik & Instagram",SOCIAL,4.6,4435,5.4,100000,Free,0.0,Mature 17+,Social,"May 25, 2018",1.0.3386,4.0.3 and up,,,,,Unknown,,,,
U-Craft Mobile,FAMILY,4.2,11404,30.0,100000,Free,0.0,Everyone,Strategy,"September 11, 2017",1.0.14,4.0.3 and up,,,,,Unknown,,,,
U-Disco,FAMILY,3.6,906,0.196,100000,Free,0.0,Everyone,Entertainment,"February 5, 2014",1.7.3,2.3 and up,,,,,Unknown,,,,
Be U Salons Hair-Beauty Deals In Delhi & Bangalore,LIFESTYLE,4.0,889,16.0,100000,Free,0.0,Everyone,Lifestyle,"August 2, 2018",1.1.4.38,4.2 and up,,,,,Unknown,,,,
U-48 Submarine Commander Free,GAME,3.5,4575,3.8,500000,Free,0.0,Everyone,Arcade,"October 7, 2017",1.24,4.0.3 and up,,,,,Unknown,,,,
Berlin Subway – BVG U-Bahn & S-Bahn map and routes,MAPS_AND_NAVIGATION,4.4,509,17.0,100000,Free,0.0,Everyone,Maps & Navigation,"June 6, 2018",1.0.7,5.0 and up,,,,,Unknown,,,,
Remote For ATT U-verse TV - NOW FREE,TOOLS,2.5,20,26.0,5000,Free,0.0,Everyone,Tools,"July 25, 2018",6.1.5,4.2 and up,,,,,Unknown,,,,
Pocket U ASW,FAMILY,3.9,93,28.0,10000,Free,0.0,Everyone,Education,"July 25, 2018",3.0.6,4.2 and up,,,,,Unknown,,,,
Identity V,GAME,4.2,109263,38.0,1000000,Free,0.0,Teen,Action,"July 10, 2018",1.0.144431,4.1 and up,,,,,Unknown,,,,
VMate,VIDEO_PLAYERS,4.2,192677,17.0,50000000,Free,0.0,Teen,Video Players & Editors,"August 3, 2018",1.78,4.0.3 and up,,,,,Unknown,,,,
V Made,BOOKS_AND_REFERENCE,4.3,241,20.0,100000,Free,0.0,Everyone,Books & Reference,"February 13, 2018",1.0,4.0.3 and up,,,,,Unknown,,,,
Grand Theft Auto V: The Manual,FAMILY,4.1,182103,6.9,5000000,Free,0.0,Teen,Entertainment,"July 31, 2018",5.0.12,3.0 and up,,,,,Unknown,,,,
V for Voodoo,GAME,4.2,16876,59.0,1000000,Free,0.0,Teen,Trivia,"June 28, 2018",3.0.1,6.0 and up,,,,,Unknown,,,,
Sin City Crime Simulator V - Gangster,GAME,4.2,2113,67.0,100000,Free,0.0,Everyone 10+,Action,"April 23, 2018",Varies with device,4.0.3 and up,,,,,Unknown,,,,
The Gang Sniper V. Pocket Edition.,GAME,3.9,6121,61.0,500000,Free,0.0,Mature 17+,Action,"June 20, 2018",2.1,4.1 and up,,,,,Unknown,,,,
All Video Downloader,VIDEO_PLAYERS,3.8,165723,1.6,10000000,Free,0.0,Everyone,Video Players & Editors,"August 4, 2018",7.5.9,4.0 and up,,,,,Unknown,,,,
VidPlay,VIDEO_PLAYERS,4.2,3546,3.7,1000000,Free,0.0,Everyone,Video Players & Editors,"May 27, 2018",2.0.19,4.1 and up,,,,,Unknown,,,,
HD Video Downloader : 2018 Best video mate,VIDEO_PLAYERS,3.7,430643,4.9,50000000,Free,0.0,Everyone,Video Players & Editors,"May 31, 2018",2.5.0,4.1 and up,,,,,Unknown,,,,
V-CUBE Seminar Mobile,BUSINESS,4.3,542,30.0,100000,Free,0.0,Everyone,Business,"April 17, 2018",1.23.0,4.0 and up,,,,,Unknown,,,,
VivaVideo - Video Editor & Photo Movie,VIDEO_PLAYERS,4.6,9879473,40.0,100000000,Free,0.0,Teen,Video Players & Editors,"August 4, 2018",7.2.1,4.1 and up,,,,,Unknown,,,,
Mod GTA V for MCPE,FAMILY,3.3,4288,10.0,500000,Free,0.0,Everyone,Entertainment,"April 23, 2018",1.2.3.4.5,4.0.3 and up,,,,,Unknown,,,,
Vi Trainer,HEALTH_AND_FITNESS,3.6,124,100.0,5000,Free,0.0,Everyone,Health & Fitness,"August 2, 2018",2.0.0.11,5.0 and up,,,,,Unknown,,,,
San Andreas: Gang Crime V,GAME,4.1,2399,42.0,100000,Free,0.0,Mature 17+,Action,"January 28, 2018",1.0.1,2.3 and up,,,,,Unknown,,,,
The Grand Bike V,FAMILY,3.8,3478,95.0,1000000,Free,0.0,Everyone,Simulation,"February 24, 2018",4.0,4.1 and up,,,,,Unknown,,,,
V.360° Camera,PHOTOGRAPHY,3.3,582,28.0,100000,Free,0.0,Everyone,Photography,"September 11, 2015",1.1.6,4.4 and up,,,,,Unknown,,,,
FINAL FANTASY V,FAMILY,4.5,15924,4.2,100000,Paid,7.99,Teen,Role Playing,"March 15, 2017",1.2.1,4.0 and up,,,,,Unknown,,,,
BTS V LINE Launcher theme,PERSONALIZATION,4.8,3283,3.6,100000,Free,0.0,Everyone,Personalization,"October 17, 2014",4.1,4.0.3 and up,,,,,Unknown,,,,
VMate Lite - Funny Short Videos Social Network,SOCIAL,4.3,903,4.6,1000000,Free,0.0,Teen,Social,"August 3, 2018",1.76,4.0.3 and up,,,,,Unknown,,,,
Mirk V Launcher Theme,PERSONALIZATION,4.5,292,7.9,10000,Free,0.0,Everyone,Personalization,"March 15, 2017",v1.0.50,2.3 and up,,,,,Unknown,,,,
The grand theft V Wallpaper,PERSONALIZATION,3.8,87,4.3,10000,Free,0.0,Everyone 10+,Personalization,"June 5, 2018",1.1,4.0.3 and up,,,,,Unknown,,,,
V Bucks ProTips New,SOCIAL,4.7,594,3.6,1000,Free,0.0,Everyone,Social,"July 19, 2018",1.0,2.1 and up,,,,,Unknown,,,,
Cheats for GTA V,FAMILY,4.2,450,5.9,100000,Free,0.0,Everyone,Entertainment,"July 29, 2018",6,4.0 and up,,,,,Unknown,,,,
V for Vampire - Free,FAMILY,4.3,2772,35.0,500000,Free,0.0,Teen,Puzzle,"September 20, 2014",1.0.1,2.1 and up,,,,,Unknown,,,,
Get Free V-bucks_fortnite Hints,FAMILY,4.7,1997,1.8,5000,Free,0.0,Everyone,Entertainment,"July 21, 2018",1.0,4.4 and up,,,,,Unknown,,,,
V BTS Wallpaper,PERSONALIZATION,4.7,127,9.5,5000,Free,0.0,Everyone,Personalization,"May 4, 2018",8.0,3.0 and up,,,,,Unknown,,,,
v-view,FAMILY,3.6,309,19.0,10000,Free,0.0,Everyone,Entertainment,"June 22, 2017",1.1.0.0402,4.2 and up,,,,,Unknown,,,,
Mental Hospital V,GAME,4.2,2460,25.0,50000,Paid,0.99,Mature 17+,Action,"November 19, 2016",1.04,4.2 and up,,,,,Unknown,,,,
Grand Stickman Cover V,GAME,4.0,1744,37.0,100000,Free,0.0,Mature 17+,Action,"May 19, 2018",1.0.1,4.1 and up,,,,,Unknown,,,,
Cheat Codes for GTA V,FAMILY,4.3,589,3.6,100000,Free,0.0,Mature 17+,Entertainment,"September 3, 2017",1.8.0,4.0 and up,,,,,Unknown,,,,
DRAGON QUEST V,FAMILY,4.7,1667,17.0,10000,Paid,14.99,Teen,Role Playing,"August 1, 2018",1.0.3,2.3 and up,,,,,Unknown,,,,
Easy V-Bux free,FAMILY,4.6,856,2.9,5000,Free,0.0,Everyone,Entertainment,"July 17, 2018",1.0,2.1 and up,,,,,Unknown,,,,
BTS V Kim Taehyung Wallpapers Kpop HD New,PERSONALIZATION,4.8,51,3.4,5000,Free,0.0,Everyone,Personalization,"June 10, 2018",1.1.1,4.0 and up,,,,,Unknown,,,,
W Pro - Weather Forecast & Animated Weather Maps,WEATHER,3.8,11,2.9,500,Paid,1.99,Everyone,Weather,"April 23, 2018",1.0,4.1 and up,,,,,Unknown,,,,
W - Weather Forecast & Animated Radar Maps,WEATHER,4.2,29,3.5,5000,Free,0.0,Everyone,Weather,"April 23, 2018",1.1,4.1 and up,,,,,Unknown,,,,
W-History Standalone,SOCIAL,3.2,38,1.5,1000,Paid,0.99,Everyone,Social,"March 9, 2018",1.935,7.0 and up,,,,,Unknown,,,,
Fantasy Squad W,FAMILY,4.3,2142,47.0,50000,Free,0.0,Everyone 10+,Role Playing,"April 16, 2018",1.5.4,4.1 and up,,,,,Unknown,,,,
Weather & Clock Widget for Android,WEATHER,4.4,2371543,11.0,50000000,Free,0.0,Everyone,Weather,"June 4, 2018",5.9.4.0,4.0.3 and up,,,,,Unknown,,,,
W Box VMS,VIDEO_PLAYERS,1.9,105,9.1,10000,Free,0.0,Everyone,Video Players & Editors,"January 9, 2017",4.0.4,2.3.3 and up,,,,,Unknown,,,,
W Box VMS HD,VIDEO_PLAYERS,2.5,24,16.0,5000,Free,0.0,Everyone,Video Players & Editors,"January 4, 2017",4.0.3,3.0 and up,,,,,Unknown,,,,
Ace Screen Recorder w facecam,TOOLS,4.2,2447,2.5,100000,Free,0.0,Everyone,Tools,"December 26, 2017",1.19,5.0 and up,,,,,Unknown,,,,
WIFI WPS WPA TESTER,TOOLS,4.3,352097,6.7,10000000,Free,0.0,Everyone,Tools,"June 12, 2018",3.8.5,4.0 and up,,,,,Unknown,,,,
Flashlight Free w/ compass,TOOLS,4.0,75,1.9,10000,Free,0.0,Everyone,Tools,"March 15, 2017",2.5,2.2 and up,,,,,Unknown,,,,
IRS W-9 form,BUSINESS,4.8,492,27.0,10000,Free,0.0,Everyone,Business,"July 26, 2018",1.7.11,5.0 and up,,,,,Unknown,,,,
Open in WhatsApp (click to chat),TOOLS,4.2,12121,0.079,1000000,Free,0.0,Everyone,Tools,"August 1, 2018",1.12,2.3.3 and up,,,,,Unknown,,,,
B & W Filter for Photo Editor Pro,PERSONALIZATION,4.7,65,7.6,5000,Free,0.0,Everyone,Personalization,"May 2, 2018",1.0.1,4.1 and up,,,,,Unknown,,,,
WowBox,LIFESTYLE,4.4,101957,8.2,5000000,Free,0.0,Everyone,Lifestyle,"April 23, 2018",2.11.0,4.0.3 and up,,,,,Unknown,,,,
Zaatar w Zeit,FOOD_AND_DRINK,4.4,205,33.0,50000,Free,0.0,Everyone,Food & Drink,"July 1, 2018",2.2.2,4.4 and up,,,,,Unknown,,,,
WPSApp,TOOLS,4.4,95080,3.1,10000000,Free,0.0,Everyone,Tools,"August 3, 2018",1.6.22,4.1 and up,,,,,Unknown,,,,
WhatsCall Free Global Phone Call App & Cheap Calls,COMMUNICATION,4.6,1130966,27.0,10000000,Free,0.0,Everyone,Communication,"June 6, 2018",1.9.1.013,4.0 and up,,,,,Unknown,,,,
Profile w/o crop for Telegram,PHOTOGRAPHY,4.2,348,1.5,10000,Free,0.0,Everyone,Photography,"April 11, 2014",3.1.50,2.3.3 and up,,,,,Unknown,,,,
weather HD,PERSONALIZATION,4.0,1546,4.5,10000,Paid,1.99,Everyone,Personalization,"February 26, 2014",3.1,2.1 and up,,,,,Unknown,,,,
Draw Something Classic,GAME,4.2,1092106,43.0,50000000,Free,0.0,Everyone,Word,"July 28, 2018",2.400.022,4.4 and up,,,,,Unknown,,,,
X-VPN - Free Unlimited VPN Proxy,TOOLS,4.5,40617,21.0,5000000,Free,0.0,Everyone,Tools,"July 31, 2018",65.0,4.1 and up,,,,,Unknown,,,,
X Launcher: With OS11 Style Theme & Control Center,ART_AND_DESIGN,4.7,5754,4.4,100000,Free,0.0,Everyone,Art & Design,"July 30, 2018",2.1.2,4.1 and up,,,,,Unknown,,,,
"Phone X Launcher, OS 11 iLauncher & Control Center",TOOLS,4.2,54063,16.0,5000000,Free,0.0,Everyone,Tools,"June 1, 2018",2.7.2,4.1 and up,,,,,Unknown,,,,
Lock Screen Phone X Style OS 11,TOOLS,4.4,1166,13.0,100000,Free,0.0,Everyone,Tools,"March 26, 2018",8.8,4.3 and up,,,,,Unknown,,,,
Nose Doctor X: Booger Mania,FAMILY,3.2,37584,34.0,5000000,Free,0.0,Everyone,Casual;Pretend Play,"August 31, 2016",1.0.8,4.1 and up,,,,,Unknown,,,,
Control Center iOS 11 - Phone X Control Panel,TOOLS,4.1,1925,8.3,100000,Free,0.0,Everyone,Tools,"November 15, 2017",3.1,4.4 and up,,,,,Unknown,,,,
X Browser,COMMUNICATION,4.0,142,2.5,50000,Free,0.0,Everyone,Communication,"December 31, 2017",1.1.1,4.0 and up,,,,,Unknown,,,,
"X Launcher Pro: PhoneX Theme, OS11 Control Center",ART_AND_DESIGN,4.7,801,3.5,5000,Paid,1.99,Everyone,Art & Design,"July 30, 2018",2.1.2,4.1 and up,,,,,Unknown,,,,
X-plore File Manager,TOOLS,4.6,168487,6.4,10000000,Free,0.0,Everyone,Tools,"June 26, 2018",4.01.00,4.3 and up,,,,,Unknown,,,,
Flashlight X,TOOLS,4.6,20418,4.3,1000000,Free,0.0,Everyone,Tools,"April 8, 2018",4.54,4.0 and up,,,,,Unknown,,,,
iSwipe Phone X,TOOLS,4.7,58366,6.3,1000000,Free,0.0,Everyone,Tools,"December 7, 2017",1.0,4.1 and up,,,,,Unknown,,,,
X Launcher Pro - IOS Style Theme & Control Center,ART_AND_DESIGN,4.8,1216,8.6,10000,Paid,1.99,Everyone,Art & Design,"June 26, 2018",1.0.0,4.1 and up,,,,,Unknown,,,,
X Home Bar - Free,TOOLS,4.6,4210,1.9,100000,Free,0.0,Everyone,Tools,"June 18, 2018",1.5.0,4.1 and up,,,,,Unknown,,,,
[ROOT] X Privacy Installer,TOOLS,4.2,12147,0.118,1000000,Free,0.0,Everyone,Tools,"January 25, 2015",1.18,4.0.3 and up,,,,,Unknown,,,,
Extreme X Ray Robot Stunts,GAME,4.3,10806,49.0,5000000,Free,0.0,Everyone,Racing,"May 9, 2017",1.5.1,4.0 and up,,,,,Unknown,,,,
Xray Scanner Prank,FAMILY,3.3,355837,3.7,10000000,Free,0.0,Everyone,Entertainment,"December 7, 2016",14.0,2.3 and up,,,,,Unknown,,,,
X Launcher Prime: With OS Style Theme & No Ads,ART_AND_DESIGN,4.7,149,3.5,1000,Paid,1.99,Everyone,Art & Design,"July 30, 2018",1.2.2,4.1 and up,,,,,Unknown,,,,
The X-Files: Deep State - Hidden Object Adventure,FAMILY,4.5,22018,53.0,500000,Free,0.0,Teen,Casual,"July 18, 2018",2.6.1,5.0 and up,,,,,Unknown,,,,
Theme for Iphone X Plus,PERSONALIZATION,4.0,126,8.0,10000,Free,0.0,Everyone,Personalization,"October 19, 2017",1.0,2.3.3 and up,,,,,Unknown,,,,
X-WOLF,GAME,4.2,4878,27.0,100000,Free,0.0,Everyone 10+,Adventure,"February 2, 2018",1.2.0,4.1 and up,,,,,Unknown,,,,
Light X - Icon Pack,PERSONALIZATION,4.6,252,24.0,10000,Paid,0.99,Everyone,Personalization,"June 13, 2018",1.6.1,4.1 and up,,,,,Unknown,,,,
X-Plane 10 Flight Simulator,FAMILY,4.2,63197,11.0,1000000,Free,0.0,Everyone,Simulation,"June 27, 2018",Varies with device,Varies with device,,,,,Unknown,,,,
Anime X Wallpaper,PERSONALIZATION,4.7,32613,3.2,1000000,Free,0.0,Everyone,Personalization,"May 31, 2018",3.11,4.1 and up,,,,,Unknown,,,,
NEW Theme for Phone X,PERSONALIZATION,4.7,8642,3.7,500000,Free,0.0,Everyone,Personalization,"May 22, 2018",1.1.6,4.0 and up,,,,,Unknown,,,,
X-Plane to GPS,TOOLS,4.2,161,1.2,5000,Paid,0.99,Everyone,Tools,"March 4, 2018",1.62,4.4 and up,,,,,Unknown,,,,
Control Center iOS 11 - Phone X notifications,TOOLS,4.3,514,8.4,50000,Free,0.0,Everyone,Tools,"February 12, 2018",1.8,4.4 and up,,,,,Unknown,,,,
iLocker X - iOS11 Lockscreen with HD Wallpapers,PERSONALIZATION,4.3,1714,31.0,100000,Free,0.0,Everyone,Personalization,"June 19, 2018",1.4.7,4.1 and up,,,,,Unknown,,,,
Hero Fighter X,GAME,4.5,24210,45.0,500000,Free,0.0,Teen,Action,"November 13, 2015",1.091,2.2 and up,,,,,Unknown,,,,
Slendrina X,GAME,4.4,12736,56.0,1000000,Free,0.0,Teen,Arcade,"December 18, 2017",1.02,4.0 and up,,,,,Unknown,,,,
X Back - Icon Pack,PERSONALIZATION,4.5,56,26.0,10000,Paid,0.99,Everyone,Personalization,"June 29, 2018",1.6.2,4.1 and up,,,,,Unknown,,,,
Guide (for X-MEN),BOOKS_AND_REFERENCE,4.6,586,17.0,100000,Free,0.0,Everyone,Books & Reference,"May 8, 2017",1.1.1,3.0 and up,,,,,Unknown,,,,
"Decibel X PRO - Sound Meter dBA, Noise Detector",TOOLS,4.3,60,6.9,1000,Paid,3.99,Everyone,Tools,"July 11, 2018",4.4.1,4.1 and up,,,,,Unknown,,,,
Robocar X Ray,GAME,4.5,3432,99.0,1000000,Free,0.0,Mature 17+,Action,"January 23, 2017",1.0,2.3 and up,,,,,Unknown,,,,
Space X: Sky Wars of Air Force,GAME,4.5,10748,47.0,1000000,Free,0.0,Everyone,Arcade,"August 4, 2018",4.0,4.1 and up,,,,,Unknown,,,,
OS-X EMUI 4/5/8 THEME,PERSONALIZATION,3.9,916,36.0,100000,Free,0.0,Everyone,Personalization,"February 5, 2018",5,4.4 and up,,,,,Unknown,,,,
Flexiroam X,TRAVEL_AND_LOCAL,4.0,875,21.0,100000,Free,0.0,Everyone,Travel & Local,"August 3, 2018",3.5.3,4.1 and up,,,,,Unknown,,,,
X-ray scanner simulator,FAMILY,2.7,1616,3.0,500000,Free,0.0,Everyone,Casual,"January 8, 2017",7.0,2.1 and up,,,,,Unknown,,,,
X Construction,FAMILY,4.5,18612,8.5,100000,Paid,1.49,Everyone,Puzzle,"July 28, 2015",1.57,2.3 and up,,,,,Unknown,,,,
X Home Bar - Home Bar Gesture Pro,TOOLS,4.0,88,2.0,10000,Paid,1.99,Everyone,Tools,"July 2, 2018",1.5,4.3 and up,,,,,Unknown,,,,
PLAYBULB X,LIFESTYLE,2.9,2160,15.0,100000,Free,0.0,Everyone,Lifestyle,"June 25, 2018",1.6.5,4.3 and up,,,,,Unknown,,,,
X-Wing Squadron Builder,FAMILY,4.6,5898,50.0,100000,Free,0.0,Everyone,Entertainment,"August 1, 2017",3.3.8.03082017,1.6 and up,,,,,Unknown,,,,
YouTube TV - Watch & Record Live TV,FAMILY,4.4,38517,17.0,1000000,Free,0.0,Teen,Entertainment,"August 2, 2018",2.29.2,5.0 and up,,,,,Unknown,,,,
JW Caleb y Sofia,FAMILY,4.6,5227,1.9,500000,Free,0.0,Everyone,Education,"November 20, 2015",1.0,4.0.3 and up,,,,,Unknown,,,,
Boomerang Make and Race,FAMILY,4.4,281448,70.0,10000000,Free,0.0,Everyone,Racing;Action & Adventure,"June 1, 2018",1.5.0,4.0 and up,,,,,Unknown,,,,
Talking Tom & Ben News,FAMILY,4.4,1131937,41.0,100000000,Free,0.0,Everyone,Entertainment,"April 30, 2018",2.4.0.7,4.1 and up,,,,,Unknown,,,,
Vegas Crime Simulator,FAMILY,4.2,721646,99.0,50000000,Free,0.0,Teen,Simulation,"August 2, 2018",2.7,4.1 and up,,,,,Unknown,,,,
PewDiePie's Tuber Simulator,FAMILY,4.8,1499466,96.0,10000000,Free,0.0,Teen,Casual,"July 24, 2018",1.25.0,4.1 and up,,,,,Unknown,,,,
Real Gangster Crime,GAME,4.3,285814,84.0,10000000,Free,0.0,Teen,Action,"June 26, 2018",3.5,4.0 and up,,,,,Unknown,,,,
Antivirus & Mobile Security,TOOLS,4.6,351267,5.0,10000000,Free,0.0,Everyone,Tools,"February 9, 2018",3.1.0,4.0 and up,,,,,Unknown,,,,
Flashlight Ultimate,TOOLS,4.6,16936,5.0,1000000,Free,0.0,Everyone,Tools,"January 25, 2018",2.94,4.0 and up,,,,,Unknown,,,,
Gangster Town,GAME,4.1,74842,99.0,5000000,Free,0.0,Teen,Action,"December 22, 2016",1.7,2.3 and up,,,,,Unknown,,,,
Rope Hero 3,GAME,4.4,45871,99.0,5000000,Free,0.0,Teen,Action,"May 8, 2017",1.6,2.3 and up,,,,,Unknown,,,,
Avast Mobile Security 2018 - Antivirus & App Lock,TOOLS,4.5,5180480,26.0,100000000,Free,0.0,Everyone,Tools,"August 1, 2018",6.11.4,4.1 and up,,,,,Unknown,,,,
Z Origins - (Z The Game),FAMILY,4.6,4421,37.0,50000,Paid,2.99,Teen,Strategy,"November 5, 2014",1.77,2.2 and up,,,,,Unknown,,,,
"Zapya - File Transfer, Sharing",TOOLS,4.6,387958,9.0,10000000,Free,0.0,Teen,Tools,"July 16, 2018",5.6.2 (US),4.0.3 and up,,,,,Unknown,,,,
Experiment Z - Zombie,GAME,4.0,229329,88.0,10000000,Free,0.0,Mature 17+,Action,"December 4, 2017",2.14,4.1 and up,,,,,Unknown,,,,
War Z 2,FAMILY,4.5,97071,87.0,5000000,Free,0.0,Teen,Strategy,"April 3, 2018",0.1.219,2.3.3 and up,,,,,Unknown,,,,
Last Empire - War Z: Strategy,FAMILY,4.2,853495,78.0,50000000,Free,0.0,Teen,Strategy,"August 2, 2018",1.0.208,4.0.3 and up,,,,,Unknown,,,,
Z Day: Hearts of Heroes,FAMILY,3.9,5894,67.0,1000000,Free,0.0,Everyone 10+,Strategy,"July 11, 2018",1.0.2,4.0.3 and up,,,,,Unknown,,,,
Z Champions,GAME,4.7,96028,59.0,1000000,Free,0.0,Teen,Arcade,"May 28, 2018",Varies with device,4.0 and up,,,,,Unknown,,,,
CPU-Z,TOOLS,4.5,295430,1.4,10000000,Free,0.0,Everyone,Tools,"April 17, 2018",1.26,2.2 and up,,,,,Unknown,,,,
WithstandZ - Zombie Survival!,GAME,4.3,121612,59.0,1000000,Free,0.0,Teen,Action,"December 28, 2017",1.0.6.4,4.0 and up,,,,,Unknown,,,,
Empire Z: Endless War,FAMILY,4.2,367951,76.0,5000000,Free,0.0,Teen,Strategy,"July 16, 2018",2.2.8,4.0.3 and up,,,,,Unknown,,,,
Zombie War Z : Hero Survival Rules,GAME,3.9,1987,62.0,100000,Free,0.0,Mature 17+,Action,"December 13, 2017",1.8,4.0.3 and up,,,,,Unknown,,,,
DRAGON BALL Z DOKKAN BATTLE,GAME,4.1,650114,80.0,10000000,Free,0.0,Teen,Action,"July 3, 2018",3.11.0,4.0.3 and up,,,,,Unknown,,,,
Moto Z Market,TOOLS,2.2,605,3.8,1000000,Free,0.0,Everyone,Tools,"December 18, 2017",02.02.0045,5.0 and up,,,,,Unknown,,,,
Cube Z (Pixel Zombies),GAME,4.2,41444,56.0,1000000,Free,0.0,Teen,Action,"July 31, 2016",1.0.11,4.0.3 and up,,,,,Unknown,,,,
Z War-Zombie Modern Combat,FAMILY,4.2,62301,72.0,5000000,Free,0.0,Teen,Strategy,"August 1, 2018",1.60,4.1 and up,,,,,Unknown,,,,
Z App,LIFESTYLE,2.8,405,25.0,50000,Free,0.0,Everyone,Lifestyle,"June 22, 2018",4.2.45,4.4 and up,,,,,Unknown,,,,
GALAK-Z: Variant Mobile,GAME,3.9,145,79.0,10000,Free,0.0,Everyone,Action,"July 30, 2018",1.7.6,4.4 and up,,,,,Unknown,,,,
Z City,FAMILY,4.3,3976,98.0,100000,Free,0.0,Teen,Strategy,"January 29, 2018",1.1.6,4.0 and up,,,,,Unknown,,,,
Space Z 🌏 🚀Icon Pack Theme,PERSONALIZATION,4.8,201,68.0,1000,Paid,1.49,Everyone,Personalization,"August 4, 2018",1.2.7,4.0.3 and up,,,,,Unknown,,,,
Reload: The Z-Team,GAME,4.3,1655,91.0,100000,Free,0.0,Everyone 10+,Action,"February 28, 2018",1.6.2,4.4 and up,,,,,Unknown,,,,
Rage Z: Multiplayer Zombie FPS Online Shooter,GAME,4.1,11258,44.0,500000,Free,0.0,Mature 17+,Action,"December 8, 2016",1.25,4.2 and up,,,,,Unknown,,,,
Pixel Z Gunner 3D - Battle Survival Fps,GAME,4.2,11408,96.0,1000000,Free,0.0,Teen,Action,"July 6, 2018",4.1,4.0 and up,,,,,Unknown,,,,
Saiyan Z: Super SSJ Ultimate Combat,GAME,4.4,306,61.0,10000,Free,0.0,Everyone,Adventure,"April 18, 2018",2.0.2,4.0 and up,,,,,Unknown,,,,
Z-Empire: Dead Strike,FAMILY,4.6,99,19.0,10000,Free,0.0,Teen,Strategy,"June 8, 2018",1.8.7,4.0.3 and up,,,,,Unknown,,,,
Free Z Glass GO Keyboard Theme,PERSONALIZATION,4.3,71829,8.8,5000000,Free,0.0,Everyone,Personalization,"June 30, 2017",4.16,4.0 and up,,,,,Unknown,,,,
Zombie Avengers:(Dreamsky)Stickman War Z,GAME,4.3,13604,96.0,1000000,Paid,0.99,Teen,Action,"June 26, 2018",2.4.4,2.3 and up,,,,,Unknown,,,,
Z Camera,PHOTOGRAPHY,3.8,142,7.7,10000,Free,0.0,Everyone,Photography,"April 8, 2016",1.8,4.0 and up,,,,,Unknown,,,,
GO SMS Pro Z Glass Theme EX,PERSONALIZATION,3.8,24198,2.2,1000000,Free,0.0,Everyone,Personalization,"July 10, 2014",1.0,1.6 and up,,,,,Unknown,,,,
Route Z,GAME,3.9,24697,16.0,500000,Free,0.0,Teen,Action,"July 10, 2015",1.5,4.0 and up,,,,,Unknown,,,,
Dragon X Adventure: Warrior Z,GAME,4.3,8537,29.0,100000,Free,0.0,Everyone 10+,Action,"November 3, 2015",1.1.4,2.3 and up,,,,,Unknown,,,,
Ultimate Fighter Z,GAME,4.3,180,24.0,5000,Free,0.0,Everyone,Action,"July 16, 2018",2.0,4.4 and up,,,,,Unknown,,,,
Theme eXp - Black Z Light,PERSONALIZATION,4.3,29540,4.3,1000000,Free,0.0,Everyone,Personalization,"June 15, 2016",2.0,5.0 and up,,,,,Unknown,,,,
Toy Battle Z,FAMILY,4.1,133,48.0,10000,Free,0.0,Everyone,Casual,"July 23, 2018",1.0.4,4.0 and up,,,,,Unknown,,,,
Wave Z Live Wallpaper,PERSONALIZATION,4.2,63699,2.3,5000000,Free,0.0,Teen,Personalization,"September 21, 2015",1.1.6,2.3 and up,,,,,Unknown,,,,
30 Day Ab Challenge,HEALTH_AND_FITNESS,4.5,1886,7.6,500000,Free,0.0,Everyone,Health & Fitness,"June 21, 2016",3.2.1,4.0 and up,,,,,Unknown,,,,
Angry Birds Blast,FAMILY,4.6,253115,99.0,10000000,Free,0.0,Everyone,Puzzle,"July 27, 2018",1.6.4,4.4 and up,,,,,Unknown,,,,
ab,FAMILY,3.8,10,22.0,1000,Free,0.0,Everyone,Casual,"October 27, 2016",1.0,4.0 and up,,,,,Unknown,,,,
Ultimate Ab & Core Workouts,HEALTH_AND_FITNESS,4.7,55571,12.0,1000000,Free,0.0,Everyone,Health & Fitness,"February 21, 2018",1.23,4.0 and up,,,,,Unknown,,,,
Angry Birds Evolution,FAMILY,4.5,384602,88.0,10000000,Free,0.0,Everyone,Role Playing,"July 30, 2018",1.21.1,5.0 and up,,,,,Unknown,,,,
Angry Birds Match,FAMILY,4.7,227401,91.0,5000000,Free,0.0,Everyone,Puzzle,"July 19, 2018",1.5.0,5.0 and up,,,,,Unknown,,,,
Angry Birds POP Bubble Shooter,FAMILY,4.5,596628,99.0,10000000,Free,0.0,Everyone,Casual,"August 2, 2018",3.39.0,4.1 and up,,,,,Unknown,,,,
Abs Workout - Burn Belly Fat with No Equipment,HEALTH_AND_FITNESS,4.8,69279,10.0,10000000,Free,0.0,Everyone,Health & Fitness,"July 23, 2018",1.1.8,4.2 and up,,,,,Unknown,,,,
AB Repeat Player,VIDEO_PLAYERS,4.3,1628,18.0,100000,Free,0.0,Everyone,Video Players & Editors,"March 6, 2018",4.1.1,4.4 and up,,,,,Unknown,,,,
"Abs, Core & Back Workout Challenge",HEALTH_AND_FITNESS,4.8,3908,33.0,100000,Free,0.0,Everyone,Health & Fitness,"July 9, 2018",1.5.8,4.1 and up,,,,,Unknown,,,,
AB Mobile App,HEALTH_AND_FITNESS,3.4,2105,8.2,100000,Free,0.0,Everyone,Health & Fitness,"August 21, 2017",2.1.0,4.0.3 and up,,,,,Unknown,,,,
Angry Birds Epic RPG,FAMILY,4.5,2634605,63.0,10000000,Free,0.0,Everyone,Role Playing,"July 18, 2018",3.0.27430.4799,4.4 and up,,,,,Unknown,,,,
A-B repeater,VIDEO_PLAYERS,4.4,32,0.239,5000,Free,0.0,Everyone,Video Players & Editors,"May 18, 2018",1.8,3.0 and up,,,,,Unknown,,,,
Angry Birds Friends,GAME,4.2,829753,48.0,50000000,Free,0.0,Everyone,Arcade,"June 19, 2018",4.9.0,4.1 and up,,,,,Unknown,,,,
AB Blast Match 3,FAMILY,4.3,111,48.0,10000,Free,0.0,Everyone,Puzzle,"June 19, 2018",1.13,4.1 and up,,,,,Unknown,,,,
AB Click2Shop,SHOPPING,3.8,454,18.0,100000,Free,0.0,Everyone,Shopping,"June 26, 2018",1.1.0.0,4.1 and up,,,,,Unknown,,,,
Math games for kids : times tables - AB Math,FAMILY,3.9,2371,8.3,500000,Free,0.0,Everyone,Educational;Education,"July 27, 2018",3.9.3,4.0.3 and up,,,,,Unknown,,,,
AB Crush Match 3,FAMILY,4.3,96,54.0,10000,Free,0.0,Everyone,Casual,"February 23, 2017",1.1,2.3 and up,,,,,Unknown,,,,
AB Match,FAMILY,4.2,9,30.0,1000,Free,0.0,Everyone,Casual,"May 19, 2018",1.0.4,4.1 and up,,,,,Unknown,,,,
Math games for kids : times tables training,FAMILY,4.5,630,8.3,10000,Paid,1.59,Everyone,Educational;Education,"July 27, 2018",3.9.3,4.0.3 and up,,,,,Unknown,,,,
7 minute abs workout - Daily Ab Workout,HEALTH_AND_FITNESS,4.8,527,23.0,100000,Free,0.0,Everyone,Health & Fitness,"March 30, 2018",2.01,4.1 and up,,,,,Unknown,,,,
5 Minute Ab Workouts,HEALTH_AND_FITNESS,4.6,2067,8.4,50000,Free,0.0,Everyone,Health & Fitness,"May 18, 2018",2.0.4,4.1 and up,,,,,Unknown,,,,
Angry Birds Go!,GAME,4.2,3846378,82.0,50000000,Free,0.0,Everyone,Racing,"May 30, 2018",2.8.2,4.1 and up,,,,,Unknown,,,,
AB Screen Recorder,TOOLS,4.2,533,5.0,10000,Free,0.0,Everyone,Tools,"October 2, 2017",2.8,5.0 and up,,,,,Unknown,,,,
Six Pack Abs Photo Editor,PHOTOGRAPHY,4.0,5967,17.0,1000000,Free,0.0,Everyone,Photography,"February 2, 2017",2.0,3.0 and up,,,,,Unknown,,,,
Angry Birds Star Wars,GAME,4.3,1218055,45.0,100000000,Free,0.0,Everyone,Arcade,"May 25, 2018",1.5.12,4.1 and up,,,,,Unknown,,,,
30 Day AB Challenge - Lumowell,HEALTH_AND_FITNESS,4.8,793,40.0,10000,Free,0.0,Everyone,Health & Fitness,"September 15, 2016",1.0.3,4.0.3 and up,,,,,Unknown,,,,
Ab Workouts,HEALTH_AND_FITNESS,4.1,27501,7.0,1000000,Free,0.0,Everyone,Health & Fitness,"January 5, 2018",5.1.9,4.0 and up,,,,,Unknown,,,,
Ab Workouts - Ab Generator,HEALTH_AND_FITNESS,4.7,21,3.8,1000,Free,0.0,Everyone,Health & Fitness,"December 31, 2016",2.0.0,4.1 and up,,,,,Unknown,,,,
Abs workout - 21 Day Fitness Challenge,HEALTH_AND_FITNESS,4.8,18604,15.0,1000000,Free,0.0,Everyone,Health & Fitness,"May 2, 2018",1.0.0.9,4.1 and up,,,,,Unknown,,,,
Ladies' Ab Workout FREE,HEALTH_AND_FITNESS,4.0,12906,8.5,1000000,Free,0.0,Everyone,Health & Fitness,"October 8, 2012",1.01,2.1 and up,,,,,Unknown,,,,
30-Day Ab Challenge Tracker,HEALTH_AND_FITNESS,3.5,224,0.371,10000,Free,0.0,Everyone,Health & Fitness,"July 9, 2014",1.2.6,4.1 and up,,,,,Unknown,,,,
Universal AC Remote Control,TOOLS,3.8,40934,5.2,1000000,Free,0.0,Everyone,Tools,"July 28, 2018",acremotecontrol18,4.0.3 and up,,,,,Unknown,,,,
Smart Air Conditioner,TOOLS,3.3,4786,13.0,500000,Free,0.0,Everyone,Tools,"May 24, 2018",1.2.84,2.2 and up,,,,,Unknown,,,,
Assassin's Creed Identity,GAME,3.7,42529,92.0,500000,Paid,1.99,Teen,Action,"November 23, 2016",2.8.2,4.1 and up,,,,,Unknown,,,,
AC Remote Control,TOOLS,3.3,472,2.0,100000,Free,0.0,Everyone,Tools,"October 17, 2017",1.3,4.1 and up,,,,,Unknown,,,,
Air conditioner remote control,TOOLS,3.4,29854,5.0,1000000,Free,0.0,Everyone,Tools,"July 19, 2017",5.0,2.3 and up,,,,,Unknown,,,,
Smart-AC Universal Remote Free,FAMILY,1.8,3270,1.8,500000,Free,0.0,Everyone,Entertainment,"August 18, 2015",1.0,2.2 and up,,,,,Unknown,,,,
AC REMOTE UNIVERSAL-PRO,FAMILY,1.6,402,1.7,100000,Free,0.0,Everyone,Entertainment,"December 11, 2015",1.0,2.2 and up,,,,,Unknown,,,,
Kenmore Smart AC,LIFESTYLE,1.9,71,24.0,5000,Free,0.0,Everyone,Lifestyle,"May 8, 2017",1.0.11,4.4 and up,,,,,Unknown,,,,
AC WIFI,TOOLS,3.6,41,23.0,10000,Free,0.0,Everyone,Tools,"June 3, 2018",1.0.3,2.3 and up,,,,,Unknown,,,,
A/C Air Conditioner Remote,TOOLS,3.4,7816,5.1,1000000,Free,0.0,Everyone,Tools,"July 30, 2016",1.1.1,3.0 and up,,,,,Unknown,,,,
Smart Air Conditioner(CAC),TOOLS,3.2,409,7.9,50000,Free,0.0,Everyone,Tools,"May 25, 2018",1.0.18,2.2 and up,,,,,Unknown,,,,
Carrier Air Conditioner,TOOLS,2.5,362,7.8,100000,Free,0.0,Everyone,Tools,"January 15, 2018",v67_slk3.0_20180115_01,4.0 and up,,,,,Unknown,,,,
AC Troubleshooter,TOOLS,4.7,147,4.2,10000,Free,0.0,Everyone,Tools,"January 8, 2015",1.3,3.0 and up,,,,,Unknown,,,,
TOSHIBA Smart AC,TOOLS,2.6,60,18.0,10000,Free,0.0,Everyone,Tools,"August 4, 2018",2.1.20180804_01,4.0.3 and up,,,,,Unknown,,,,
Trane Interactive Smart AC,TOOLS,2.8,48,3.3,10000,Free,0.0,Everyone,Tools,"April 21, 2016",0.0.2,4.3 and up,,,,,Unknown,,,,
AC remote control mobile,TOOLS,3.9,3043,7.7,100000,Free,0.0,Everyone,Tools,"June 2, 2017",1.3 acremotecontrol,4.0.3 and up,,,,,Unknown,,,,
"AC Air condition Troubleshoot,Repair,Maintenance",BOOKS_AND_REFERENCE,4.2,27,3.1,5000,Free,0.0,Everyone,Books & Reference,"February 7, 2018",1.1,4.0 and up,,,,,Unknown,,,,
AC Remote for Haier - NOW FREE,TOOLS,3.9,336,27.0,50000,Free,0.0,Everyone,Tools,"July 30, 2018",6.1.7,4.2 and up,,,,,Unknown,,,,
Air Conditioner Maintenance,PRODUCTIVITY,4.0,11,0.22,5000,Free,0.0,Everyone,Productivity,"November 27, 2015",airConditionerMaintenance_13112015,2.3.3 and up,,,,,Unknown,,,,
AC Remote for Daikin - NOW FREE,TOOLS,3.5,383,26.0,50000,Free,0.0,Everyone,Tools,"July 30, 2018",6.1.7,4.2 and up,,,,,Unknown,,,,
A/C Universal Remote Control,TOOLS,3.1,3263,3.0,1000000,Free,0.0,Everyone,Tools,"May 16, 2017",1.17,3.0 and up,,,,,Unknown,,,,
AC Remote for LG - NOW FREE,TOOLS,3.7,1041,28.0,100000,Free,0.0,Everyone,Tools,"July 30, 2018",6.1.7,4.2 and up,,,,,Unknown,,,,
Plug-in app (System AC),TOOLS,3.6,126,11.0,10000,Free,0.0,Everyone,Tools,"June 8, 2017",v1.1072.35.0,4.0 and up,,,,,Unknown,,,,
LG AC Smart Diagnosis,LIFESTYLE,3.4,377,6.1,100000,Free,0.0,Everyone,Lifestyle,"March 21, 2017",1.1.4,4.0 and up,,,,,Unknown,,,,
AC Remote for Midea - NOW FREE,TOOLS,4.0,448,26.0,100000,Free,0.0,Everyone,Tools,"July 30, 2018",6.1.7,4.2 and up,,,,,Unknown,,,,
Ac remote control,TOOLS,3.7,822,5.0,50000,Free,0.0,Everyone,Tools,"February 27, 2017",1.1,2.3 and up,,,,,Unknown,,,,
A/C REFRIGERANT CAPACITY,BUSINESS,1.7,84,2.1,10000,Free,0.0,Everyone,Business,"October 28, 2014",1.0,4.1 and up,,,,,Unknown,,,,
Remote Control For All AC - Universal Remote,PRODUCTIVITY,2.4,166,6.1,10000,Free,0.0,Everyone,Productivity,"July 28, 2018",1.1,4.0.3 and up,,,,,Unknown,,,,
All Type Ac Repair & Services,LIFESTYLE,4.3,45,2.2,10000,Free,0.0,Everyone,Lifestyle,"December 26, 2017",0.8,4.1 and up,,,,,Unknown,,,,
AC Remote Control Simulator,FAMILY,3.3,353,2.3,100000,Free,0.0,Everyone,Entertainment,"December 4, 2017",1.0,4.0.3 and up,,,,,Unknown,,,,
"Mi Remote controller - for TV, STB, AC and more",TOOLS,4.1,114340,28.0,10000000,Free,0.0,Everyone,Tools,"August 1, 2018",5.7.1,4.2 and up,,,,,Unknown,,,,
AcDisplay,PERSONALIZATION,4.1,66473,3.0,1000000,Free,0.0,Everyone,Personalization,"July 30, 2015",3.8.4,4.1 and up,,,,,Unknown,,,,
AC Mobile Control,HOUSE_AND_HOME,3.4,1450,9.7,100000,Free,0.0,Everyone,House & Home,"November 5, 2013",2.4,2.2 and up,,,,,Unknown,,,,
AC Remote For LG,TOOLS,3.0,1298,3.4,100000,Free,0.0,Everyone,Tools,"February 20, 2018",1.0,4.0 and up,,,,,Unknown,,,,
Universal AC Remote Control Simulator,FAMILY,3.0,119,3.9,50000,Free,0.0,Everyone,Entertainment,"December 22, 2017",1.0,4.0 and up,,,,,Unknown,,,,
Hi-Smart AC,TOOLS,2.2,32,9.4,1000,Free,0.0,Everyone,Tools,"April 3, 2018",1.1.0,4.4 and up,,,,,Unknown,,,,
AC Remote for Sharp - NOW FREE,TOOLS,3.7,332,26.0,50000,Free,0.0,Everyone,Tools,"July 30, 2018",6.1.7,4.2 and up,,,,,Unknown,,,,
AC Remote for Samsung - NOW FREE,TOOLS,3.7,566,27.0,100000,Free,0.0,Everyone,Tools,"July 30, 2018",6.1.7,4.2 and up,,,,,Unknown,,,,
Pocket AC,PHOTOGRAPHY,4.8,130,4.4,1000,Paid,9.99,Everyone,Photography,"June 27, 2018",3.1.1,4.1 and up,,,,,Unknown,,,,
AC Remote for Carrier - NOW FREE,TOOLS,3.7,163,26.0,10000,Free,0.0,Everyone,Tools,"July 30, 2018",6.1.7,4.2 and up,,,,,Unknown,,,,
"AC & TV, DVD, Set Top Box - Remote control IR",TOOLS,3.6,3632,3.2,1000000,Free,0.0,Everyone,Tools,"November 13, 2017",11;11.26,4.0.3 and up,,,,,Unknown,,,,
ac remote control,TOOLS,3.7,9514,7.0,500000,Free,0.0,Everyone,Tools,"July 11, 2018",acremotecontrol-v7,4.0.3 and up,,,,,Unknown,,,,
Ad Detect Plugin - Handy Tool,PRODUCTIVITY,3.8,5107,1.4,500000,Free,0.0,Everyone,Productivity,"December 28, 2015",1.6.3,2.3 and up,,,,,Unknown,,,,
AppBrain Ad Detector,TOOLS,3.7,9221,1.7,1000000,Free,0.0,Everyone,Tools,"April 12, 2018",2.2.1,4.1 and up,,,,,Unknown,,,,
AdClear Ad blocker for Samsung,TOOLS,4.2,1586,1.5,500000,Free,0.0,Everyone,Tools,"September 7, 2017",1.0.5,5.0 and up,,,,,Unknown,,,,
Adblock Browser for Android,COMMUNICATION,4.1,121113,39.0,10000000,Free,0.0,Everyone,Communication,"July 11, 2018",1.4.0,4.1 and up,,,,,Unknown,,,,
Adguard Content Blocker,TOOLS,4.1,14491,4.3,1000000,Free,0.0,Everyone,Tools,"February 26, 2018",2.1.2,Varies with device,,,,,Unknown,,,,
cronometer (ad free),HEALTH_AND_FITNESS,3.9,1075,8.3,50000,Paid,2.99,Everyone,Health & Fitness,"July 13, 2018",2.1.2,4.4 and up,,,,,Unknown,,,,
Ad Detector,TOOLS,3.8,208,0.73,50000,Free,0.0,Everyone,Tools,"July 28, 2014",1.0,2.3 and up,,,,,Unknown,,,,
Adblock Plus for Samsung Internet - Browse safe.,COMMUNICATION,4.0,8769,2.1,1000000,Free,0.0,Everyone,Communication,"April 5, 2018",1.1.4,5.0 and up,,,,,Unknown,,,,
MyRadar NOAA Weather Radar Ad Free,WEATHER,4.5,3005,26.0,10000,Paid,2.99,Everyone,Weather,"August 4, 2018",7.1.4,4.0.3 and up,,,,,Unknown,,,,
Safe Notes - Secure Ad-free notepad,PRODUCTIVITY,4.6,3362,0.756,50000,Free,0.0,Everyone,Productivity,"November 21, 2017",1.7,4.0 and up,,,,,Unknown,,,,
Adblock Fast,PRODUCTIVITY,4.1,9914,3.2,1000000,Free,0.0,Everyone,Productivity,"May 17, 2017",1.4.0,5.0 and up,,,,,Unknown,,,,
FVD Ad-Free,TOOLS,4.4,1774,4.1,10000,Paid,1.99,Everyone,Tools,"October 5, 2017",4.4.3,3.0 and up,,,,,Unknown,,,,
2000 AD Comics and Judge Dredd,COMICS,3.7,705,20.0,50000,Free,0.0,Teen,Comics,"July 19, 2018",1.3.0,4.0.3 and up,,,,,Unknown,,,,
Anti Adware,TOOLS,3.9,18751,3.6,1000000,Free,0.0,Everyone,Tools,"June 19, 2018",3.6,4.1 and up,,,,,Unknown,,,,
Ad Blocker Turbo - Adblocker Browser,COMMUNICATION,3.9,107,44.0,10000,Free,0.0,Everyone,Communication,"January 29, 2018",1.0.5,4.1 and up,,,,,Unknown,,,,
Weather & Radar Pro - Ad-Free,WEATHER,4.5,25243,26.0,100000,Paid,2.99,Everyone,Weather,"August 1, 2018",4.34.0,4.4 and up,,,,,Unknown,,,,
ONScripter Plus (Ad Free),GAME,4.5,100,17.0,1000,Paid,3.99,Everyone,Adventure,"April 7, 2016",1.2.4,4.1 and up,,,,,Unknown,,,,
Vpn Hosts (ad blocker & no root & support ipv6 ),TOOLS,4.4,319,1.1,10000,Paid,2.99,Everyone,Tools,"July 3, 2018",2.0.1,4.4 and up,,,,,Unknown,,,,
Google AdSense,PRODUCTIVITY,4.3,52677,2.9,1000000,Free,0.0,Everyone,Productivity,"December 13, 2017",3.3,4.0 and up,,,,,Unknown,,,,
Ad-free Triangle Solver,FAMILY,4.5,118,24.0,10000,Free,0.0,Everyone,Education,"August 20, 2015",6.3.1,4.2 and up,,,,,Unknown,,,,
Ez Screen Recorder (no ad),VIDEO_PLAYERS,4.7,8696,14.0,100000,Free,0.0,Everyone,Video Players & Editors,"June 3, 2018",2.1.4,5.0 and up,,,,,Unknown,,,,
Best Applock - Locker & No Ads,PRODUCTIVITY,4.7,10672,6.9,100000,Free,0.0,Everyone,Productivity,"June 23, 2018",2.1.1,4.1 and up,,,,,Unknown,,,,
Local Services ads by Google,BUSINESS,4.1,7,12.0,1000,Free,0.0,Everyone,Business,"July 17, 2018",3.3.270,4.0 and up,,,,,Unknown,,,,
Ad Block REMOVER - NEED ROOT,TOOLS,3.3,999,0.091,100000,Free,0.0,Everyone,Tools,"December 17, 2013",3.2,2.2 and up,,,,,Unknown,,,,
WhatsFake Pro (Ad free),SOCIAL,4.2,204,9.4,5000,Paid,0.99,Everyone,Social,"September 25, 2017",1.4,4.1 and up,,,,,Unknown,,,,
Photo Compress 2.0 - Ad Free,TOOLS,4.1,6267,1.7,1000000,Free,0.0,Everyone,Tools,"May 7, 2016",2.1,3.2 and up,,,,,Unknown,,,,
Ad Removal: thereisonlywe,PRODUCTIVITY,3.4,16,0.293,100,Paid,6.49,Everyone,Productivity,"May 3, 2014",1.0,2.2 and up,,,,,Unknown,,,,
Solitaire: Decked Out Ad Free,GAME,4.9,37302,35.0,500000,Free,0.0,Everyone,Card,"May 8, 2017",1.3.3,4.1 and up,,,,,Unknown,,,,
"WeatherClear - Ad-free Weather, Minute forecast",WEATHER,4.5,3252,3.8,50000,Free,0.0,Everyone,Weather,"June 25, 2017",1.2.6,4.1 and up,,,,,Unknown,,,,
Ad Remove Plugin for App2SD,PRODUCTIVITY,4.1,66,0.017,1000,Paid,1.29,Everyone,Productivity,"September 25, 2013",1.0.0,2.2 and up,,,,,Unknown,,,,
"Digital Clock : Simple, Tiny, Ad-free Desk Clock.",LIFESTYLE,4.4,317,0.074,50000,Free,0.0,Everyone,Lifestyle,"December 21, 2016",3.0,2.3 and up,,,,,Unknown,,,,
RAM Cleanup Ad-Free Option,TOOLS,4.4,457,1.1,10000,Paid,2.99,Everyone,Tools,"July 26, 2016",3.0,4.1 and up,,,,,Unknown,,,,
Emo Ads Blocker Browser,TOOLS,3.4,1555,4.1,100000,Free,0.0,Everyone,Tools,"September 17, 2015",1.4,3.0 and up,,,,,Unknown,,,,
Bing Ads,BUSINESS,4.1,1828,13.0,100000,Free,0.0,Everyone,Business,"July 20, 2018",2.13.2,4.1 and up,,,,,Unknown,,,,
My baby firework (Remove ad),FAMILY,4.1,30,0.014,1000,Paid,0.99,Everyone,Entertainment,"April 25, 2013",Varies with device,Varies with device,,,,,Unknown,,,,
Apps Ads Detector,TOOLS,3.5,315,8.3,100000,Free,0.0,Everyone,Tools,"February 19, 2018",25,4.0.3 and up,,,,,Unknown,,,,
TIMBER AD FILTER - Very useful ad block app,PRODUCTIVITY,3.8,1343,9.0,100000,Free,0.0,Everyone,Productivity,"March 12, 2018",1.0.26,5.0 and up,,,,,Unknown,,,,
Alchemy Classic Ad Free,FAMILY,4.6,20178,9.0,100000,Free,0.0,Everyone,Puzzle,"May 26, 2014",1.7.3,1.6 and up,,,,,Unknown,,,,
Easy Hotspot Ad Free,TOOLS,5.0,2,3.3,10,Paid,0.99,Everyone,Tools,"July 26, 2018",1.05,4.0 and up,,,,,Unknown,,,,
"AE + Aerie: Jeans, Dresses, Swimsuits & Bralettes",SHOPPING,4.2,20476,28.0,1000000,Free,0.0,Everyone,Shopping,"July 17, 2018",5.6.0,4.4 and up,,,,,Unknown,,,,
Adobe Premiere Clip,VIDEO_PLAYERS,3.9,39495,59.0,5000000,Free,0.0,Everyone,Video Players & Editors,"June 26, 2018",1.1.4.1296,4.4 and up,,,,,Unknown,,,,
Shortcuts for After Effects,FAMILY,3.7,464,1.9,50000,Free,0.0,Everyone,Education,"August 9, 2014",1.0,2.3 and up,,,,,Unknown,,,,
AE Sudoku,FAMILY,4.3,2171,12.0,100000,Free,0.0,Everyone,Puzzle,"July 29, 2015",1.1.0,2.2 and up,,,,,Unknown,,,,
ESS Mobile for AE,PRODUCTIVITY,1.9,63,1.8,5000,Free,0.0,Everyone,Productivity,"September 27, 2016",2.0.1027,3.0 and up,,,,,Unknown,,,,
AE Jewels 2: Island Adventures,GAME,4.2,652,30.0,10000,Free,0.0,Everyone,Action,"February 24, 2016",1.0,2.3 and up,,,,,Unknown,,,,
AE Jewels,GAME,4.2,960,18.0,50000,Free,0.0,Everyone,Action,"August 20, 2015",1.0.5,3.0 and up,,,,,Unknown,,,,
AE Coin Mania : Arcade Fun,GAME,4.3,30002,29.0,1000000,Free,0.0,Teen,Casino,"February 8, 2018",2.3.5,4.0.3 and up,,,,,Unknown,,,,
AE Roundy POP,FAMILY,4.4,5262,26.0,100000,Free,0.0,Everyone,Casual,"March 23, 2016",1.1.2,2.3 and up,,,,,Unknown,,,,
Mupen64+AE FREE (N64 Emulator),GAME,4.0,41759,12.0,1000000,Free,0.0,Everyone,Arcade,"January 19, 2014",2.4.4,2.0 and up,,,,,Unknown,,,,
Mupen64Plus AE (N64 Emulator),GAME,4.2,4569,12.0,100000,Paid,0.99,Everyone,Arcade,"January 19, 2014",2.4.4,2.0 and up,,,,,Unknown,,,,
AE Lucky Fishing,GAME,4.3,18277,17.0,1000000,Free,0.0,Teen,Arcade,"March 14, 2016",2.0.2,2.3 and up,,,,,Unknown,,,,
AE Video Poker,GAME,4.0,721,18.0,50000,Free,0.0,Teen,Casino,"December 31, 2015",1.3.2,2.3 and up,,,,,Unknown,,,,
AE Solitaire,GAME,4.3,1776,26.0,50000,Free,0.0,Everyone,Card,"January 4, 2018",2.3.4,4.0.3 and up,,,,,Unknown,,,,
AE Blackjack,GAME,4.0,1417,17.0,100000,Free,0.0,Teen,Card,"November 27, 2015",1.3.1,2.3 and up,,,,,Unknown,,,,
AE Gun Ball: arcade ball games,GAME,3.7,8581,12.0,1000000,Free,0.0,Everyone,Arcade,"December 13, 2013",1.0.2,2.2 and up,,,,,Unknown,,,,
AE Order,TOOLS,4.1,19,0.317,1000,Free,0.0,Everyone,Tools,"November 12, 2013",2.0.131112,2.3 and up,,,,,Unknown,,,,
TV.AE,FAMILY,3.9,109,7.5,10000,Free,0.0,Everyone,Entertainment,"September 21, 2017",1.0.4,4.4 and up,,,,,Unknown,,,,
AE Garage,AUTO_AND_VEHICLES,4.4,64,66.0,1000,Free,0.0,Everyone,Auto & Vehicles,"June 27, 2017",1.0,4.1 and up,,,,,Unknown,,,,
AE Bulletins,BOOKS_AND_REFERENCE,4.5,14,30.0,1000,Free,0.0,Everyone,Books & Reference,"July 18, 2018",2.2.5,4.0.3 and up,,,,,Unknown,,,,
AE GTO Racing,GAME,3.9,6988,35.0,100000,Free,0.0,Everyone 10+,Racing,"September 24, 2015",Varies with device,Varies with device,,,,,Unknown,,,,
AE 3D Moto 3,GAME,3.9,2588,26.0,100000,Free,0.0,Everyone 10+,Racing,"December 31, 2014",1.7.1,2.3 and up,,,,,Unknown,,,,
AE FreeCell,GAME,4.2,358,15.0,10000,Free,0.0,Everyone,Card,"November 6, 2014",1.1.5,2.3 and up,,,,,Unknown,,,,
AE City Jump,GAME,4.5,804,27.0,10000,Free,0.0,Everyone,Action,"July 18, 2018",1.0.4,4.0 and up,,,,,Unknown,,,,
AE Angry Chef,GAME,4.1,533,39.0,10000,Free,0.0,Everyone 10+,Action,"January 24, 2014",1.0,2.1 and up,,,,,Unknown,,,,
Ae Allah na Dai (Rasa),BOOKS_AND_REFERENCE,4.7,263,9.1,10000,Free,0.0,Everyone,Books & Reference,"January 1, 2015",2.0,2.1 and up,,,,,Unknown,,,,
FilmoraGo - Free Video Editor,VIDEO_PLAYERS,4.4,238459,35.0,10000000,Free,0.0,Everyone,Video Players & Editors,"June 6, 2018",3.1.4,4.2 and up,,,,,Unknown,,,,
Event Manager - AllEvents.in,EVENTS,4.7,120,5.1,10000,Free,0.0,Everyone,Events,"July 25, 2018",2.5,4.0.3 and up,,,,,Unknown,,,,
Nasihat - Chalo ae Pyaara,FAMILY,4.7,557,6.7,10000,Free,0.0,Everyone,Education,"October 9, 2015",1.0,2.1 and up,,,,,Unknown,,,,
AE Master Moto,GAME,4.0,17876,37.0,1000000,Free,0.0,Everyone,Racing,"December 10, 2015",1.8.6,2.3 and up,,,,,Unknown,,,,
Brica BPRO5 AE,PHOTOGRAPHY,3.9,4726,3.9,500000,Free,0.0,Everyone,Photography,"June 17, 2015",v1.0,3.1 and up,,,,,Unknown,,,,
AE Air Hockey,SPORTS,3.8,926,7.6,50000,Free,0.0,Everyone,Sports,"August 1, 2013",1.0.0,2.2 and up,,,,,Unknown,,,,
AE Fishing Hunter,GAME,4.4,14,6.6,1000,Free,0.0,Everyone,Adventure,"March 15, 2016",0.0.3,3.0 and up,,,,,Unknown,,,,
ActionDirector Video Editor - Edit Videos Fast,VIDEO_PLAYERS,4.5,74531,32.0,5000000,Free,0.0,Everyone,Video Players & Editors,"June 15, 2018",2.12.0,4.3 and up,,,,,Unknown,,,,
AE Checkout Plugin,SHOPPING,3.8,208,0.078,10000,Free,0.0,Everyone,Shopping,"February 11, 2015",1.3.1,2.3 and up,,,,,Unknown,,,,
NewTek NDI,PHOTOGRAPHY,3.5,77,1.2,1000,Paid,19.99,Everyone,Photography,"October 26, 2016",1.1,4.1 and up,,,,,Unknown,,,,
AfterFocus,PHOTOGRAPHY,4.2,165224,15.0,10000000,Free,0.0,Everyone,Photography,"July 8, 2016",2.1.0,4.0.3 and up,,,,,Unknown,,,,
AF Link,NEWS_AND_MAGAZINES,4.7,210,18.0,10000,Free,0.0,Everyone,News & Magazines,"May 31, 2018",v4.29.0.9,4.4 and up,,,,,Unknown,,,,
AF Hydro,HEALTH_AND_FITNESS,2.0,136,15.0,10000,Free,0.0,Everyone,Health & Fitness,"May 12, 2018",1.0.5,4.4 and up,,,,,Unknown,,,,
Gunship III Vietnam People AF,FAMILY,4.3,726,19.0,5000,Paid,4.99,Everyone,Simulation,"December 9, 2016",3.8.4,2.3.3 and up,,,,,Unknown,,,,
AF Comics Reader - Free,COMICS,2.8,5,4.1,100,Free,0.0,Everyone,Comics,"November 10, 2017",1.0,4.1 and up,,,,,Unknown,,,,
Flim Af Somali Hindi Fanproj,FAMILY,3.9,12,3.5,1000,Free,0.0,Everyone,Entertainment,"June 22, 2018",1.0,4.0 and up,,,,,Unknown,,,,
DSLR camera - Auto Focus and Blur Professional,PHOTOGRAPHY,3.4,30,3.0,10000,Free,0.0,Everyone,Photography,"April 18, 2018",5.1.2,4.0.3 and up,,,,,Unknown,,,,
AF-STROKE (FREE),MEDICAL,4.5,93,0.924,10000,Free,0.0,Teen,Medical,"January 25, 2013",1.1,2.1 and up,,,,,Unknown,,,,
Hesab.af - Send money in Afghanistan,FINANCE,4.7,51,11.0,1000,Free,0.0,Everyone,Finance,"April 15, 2018",1.4.0,4.1 and up,,,,,Unknown,,,,
AppFinder by AppTap,TOOLS,2.0,2221,4.9,5000000,Free,0.0,Everyone,Tools,"October 3, 2017",1.8.2.7,5.0 and up,,,,,Unknown,,,,
Bazar.af,SHOPPING,4.7,13,1.3,500,Free,0.0,Everyone,Shopping,"July 7, 2017",cli-6.5.0,4.0 and up,,,,,Unknown,,,,
DSLR Blur Camera Auto Focus,TOOLS,3.3,75,4.7,10000,Free,0.0,Everyone,Tools,"June 7, 2018",1.3,4.0.3 and up,,,,,Unknown,,,,
Ariana News AF,NEWS_AND_MAGAZINES,4.1,20,3.1,5000,Free,0.0,Everyone,News & Magazines,"July 10, 2017",1.1,4.0 and up,,,,,Unknown,,,,
easyFocus,PHOTOGRAPHY,3.7,3396,0.266,500000,Free,0.0,Everyone,Photography,"November 28, 2012",1.2.0,2.2 and up,,,,,Unknown,,,,
Blur Image - DSLR focus effect,PHOTOGRAPHY,3.9,38055,4.1,5000000,Free,0.0,Everyone,Photography,"June 16, 2017",1.17,4.0 and up,,,,,Unknown,,,,
Tafsiir Quraan MP3 Af Soomaali Quraanka Kariimka,LIFESTYLE,5.0,7,3.4,1000,Free,0.0,Everyone,Lifestyle,"June 9, 2018",1.4,4.0 and up,,,,,Unknown,,,,
Camera Pro,PHOTOGRAPHY,4.1,7479,13.0,1000000,Free,0.0,Everyone,Photography,"April 16, 2018",5.4,4.0 and up,,,,,Unknown,,,,
Rоhi.af,NEWS_AND_MAGAZINES,4.8,46,46.0,1000,Free,0.0,Everyone,News & Magazines,"May 1, 2017",1.0.1,4.1 and up,,,,,Unknown,,,,
HD Camera - silent shutter,PHOTOGRAPHY,4.0,26530,3.9,1000000,Free,0.0,Everyone,Photography,"July 23, 2018",2.3.5,3.2 and up,,,,,Unknown,,,,
Auto Dslr Photo Effect : Auto Focus Effect,PHOTOGRAPHY,3.8,6,3.5,1000,Free,0.0,Everyone,Photography,"February 20, 2018",1.6,4.0.3 and up,,,,,Unknown,,,,
Gun Strike Shoot,GAME,4.1,94761,17.0,10000000,Free,0.0,Teen,Action,"February 21, 2017",1.1.4,2.3 and up,,,,,Unknown,,,,
50000 Free eBooks & Free AudioBooks,BOOKS_AND_REFERENCE,4.1,52312,11.0,5000000,Free,0.0,Teen,Books & Reference,"May 19, 2018",5.3.4,4.4 and up,,,,,Unknown,,,,
King of Avalon: Dragon Warfare,FAMILY,4.2,306652,64.0,10000000,Free,0.0,Everyone 10+,Strategy,"July 31, 2018",4.6.4,4.0.3 and up,,,,,Unknown,,,,
What's Up,LIFESTYLE,4.1,23453,10.0,1000000,Free,0.0,Everyone,Lifestyle,"October 26, 2017",2.0,4.0 and up,,,,,Unknown,,,,
Afterlight,PHOTOGRAPHY,4.3,50893,35.0,1000000,Free,0.0,Everyone,Photography,"November 20, 2014",1.0.6,4.0.3 and up,,,,,Unknown,,,,
Blurfoto : Auto blur photo background & DSLR focus,PHOTOGRAPHY,4.3,2215,12.0,500000,Free,0.0,Everyone,Photography,"July 27, 2018",1.12,4.3 and up,,,,,Unknown,,,,
Blur,PHOTOGRAPHY,4.0,9013,2.4,1000000,Free,0.0,Everyone,Photography,"June 18, 2018",4.0.2,4.4 and up,,,,,Unknown,,,,
"AG Contacts, Premium edition",COMMUNICATION,4.5,88,3.7,500,Paid,4.99,Everyone,Communication,"May 18, 2018",8.05.18.14250,4.0.3 and up,,,,,Unknown,,,,
Ag PhD Field Guide,BOOKS_AND_REFERENCE,4.1,114,6.3,10000,Free,0.0,Everyone,Books & Reference,"May 25, 2015",2.0,2.3 and up,,,,,Unknown,,,,
AG Drive 3D,GAME,3.8,164,22.0,10000,Free,0.0,Everyone,Adventure,"March 20, 2015",1.0.1,2.3.3 and up,,,,,Unknown,,,,
"AG Contacts, Lite edition",COMMUNICATION,4.5,185,3.7,5000,Free,0.0,Everyone,Communication,"May 18, 2018",8.05.18.14250,4.0.3 and up,,,,,Unknown,,,,
Trimble Ag Mobile,PRODUCTIVITY,4.1,85,44.0,10000,Free,0.0,Everyone,Productivity,"August 2, 2018",2.7.8,4.1 and up,,,,,Unknown,,,,
Ag PhD Deficiencies,BOOKS_AND_REFERENCE,3.9,20,9.7,10000,Free,0.0,Everyone,Books & Reference,"June 21, 2016",1.0,4.0.3 and up,,,,,Unknown,,,,
AG Screen Recorder,TOOLS,3.7,7,2.7,1000,Free,0.0,Everyone,Tools,"April 3, 2018",3.0,5.0 and up,,,,,Unknown,,,,
AG Subway Simulator Mobile,FAMILY,4.5,623,47.0,5000,Paid,0.99,Everyone,Simulation,"June 2, 2018",1.3.0.6,4.1 and up,,,,,Unknown,,,,
AG Subway Simulator Lite,FAMILY,4.4,6738,56.0,100000,Free,0.0,Everyone,Simulation,"June 8, 2018",1.2.6,4.1 and up,,,,,Unknown,,,,
EZ Ag Mobile,FINANCE,3.4,19,24.0,5000,Free,0.0,Everyone,Finance,"August 12, 2017",9.0.00,3.0 and up,,,,,Unknown,,,,
Ag PhD Soils,PRODUCTIVITY,2.3,3,16.0,1000,Free,0.0,Everyone,Productivity,"July 16, 2018",1.24.1,4.4 and up,,,,,Unknown,,,,
All States Ag Parts,SHOPPING,4.7,68,6.5,10000,Free,0.0,Everyone,Shopping,"January 25, 2018",5.26.0,5.0 and up,,,,,Unknown,,,,
VR AG Racing for Cardboard,GAME,3.4,13,27.0,1000,Free,0.0,Everyone,Racing,"September 29, 2016",1.1,4.1 and up,,,,,Unknown,,,,
Safe Ag Systems™,BUSINESS,4.7,3,36.0,100,Free,0.0,Everyone,Business,"July 22, 2018",2.0.3,4.0.3 and up,,,,,Unknown,,,,
Lakeside AG Moultrie,LIFESTYLE,5.0,3,8.6,50,Free,0.0,Everyone,Lifestyle,"May 23, 2017",1.0,4.1 and up,,,,,Unknown,,,,
Mix Tank – Tank Mixing Ag App,PRODUCTIVITY,3.6,64,15.0,10000,Free,0.0,Everyone,Productivity,"October 16, 2017",4.2,4.4 and up,,,,,Unknown,,,,
Eternal Light AG,SOCIAL,5.0,30,13.0,100,Free,0.0,Teen,Social,"May 19, 2018",1.04,4.0.3 and up,,,,,Unknown,,,,
Platincoin Wallet - PLC Group AG,LIBRARIES_AND_DEMO,4.3,375,15.0,10000,Free,0.0,Everyone,Libraries & Demo,"June 1, 2018",2.0.1,4.0.3 and up,,,,,Unknown,,,,
Ag Valley Cooperative,BUSINESS,5.0,6,74.0,500,Free,0.0,Everyone,Business,"June 26, 2017",2.3,4.0 and up,,,,,Unknown,,,,
Fertilizer Removal By Crop,BOOKS_AND_REFERENCE,4.1,295,6.9,50000,Free,0.0,Everyone,Books & Reference,"June 20, 2017",2.0.3,4.0.3 and up,,,,,Unknown,,,,
AG Track,TOOLS,4.1,12,8.7,100,Free,0.0,Everyone,Tools,"March 23, 2018",3.3,4.0 and up,,,,,Unknown,,,,
Denis Brogniart - AH !,FAMILY,4.5,2931,0.818,100000,Free,0.0,Everyone,Entertainment,"August 4, 2017",1.1,4.2 and up,,,,,Unknown,,,,
AH Connect (Adventist Health),HEALTH_AND_FITNESS,3.4,5,59.0,1000,Free,0.0,Everyone,Health & Fitness,"January 23, 2018",3.5.1,4.4 and up,,,,,Unknown,,,,
AH Kollection for KLWP,PERSONALIZATION,4.6,644,59.0,50000,Free,0.0,Everyone,Personalization,"April 30, 2017",Version 1.20,4.4 and up,,,,,Unknown,,,,
Chenoweth AH,MEDICAL,5.0,1,27.0,100,Free,0.0,Everyone,Medical,"April 3, 2017",300000.0.78,4.0.3 and up,,,,,Unknown,,,,
Ah! Cutie,FAMILY,3.9,536,10.0,10000,Free,0.0,Everyone,Casual,"June 27, 2017",2.0.0,4.0 and up,,,,,Unknown,,,,
AH Alarm Panel,TOOLS,3.9,7,0.081,100,Paid,4.99,Everyone,Tools,"May 12, 2011",1.2.0,1.5 and up,,,,,Unknown,,,,
Arrowhead AH App,MEDICAL,5.0,3,28.0,100,Free,0.0,Everyone,Medical,"April 21, 2017",300000.0.80,4.0.3 and up,,,,,Unknown,,,,
Ah! Monster,FAMILY,4.1,1998,9.8,100000,Free,0.0,Everyone,Casual,"June 21, 2017",4.0.0,4.0 and up,,,,,Unknown,,,,
Kimbrough AH,MEDICAL,5.0,5,28.0,100,Free,0.0,Everyone,Medical,"September 21, 2017",300000.0.90,4.0.3 and up,,,,,Unknown,,,,
The Ah Yeah! Button,FAMILY,3.0,30,0.318,5000,Free,0.0,Everyone,Entertainment,"October 1, 2013",1.2,2.3 and up,,,,,Unknown,,,,
Bee'ah Employee App,COMMUNICATION,4.0,4,5.4,100,Free,0.0,Teen,Communication,"December 24, 2017",2.26.5.0,5.0 and up,,,,,Unknown,,,,
Clarksburg AH,MEDICAL,1.0,1,28.0,50,Free,0.0,Everyone,Medical,"May 1, 2017",300000.0.81,4.0.3 and up,,,,,Unknown,,,,
Prestige AH,MEDICAL,4.0,2,29.0,100,Free,0.0,Everyone,Medical,"May 11, 2017",300000.0.81,4.0.3 and up,,,,,Unknown,,,,
Ebenezer AH,MEDICAL,4.0,4,27.0,500,Free,0.0,Everyone,Medical,"May 5, 2017",300000.0.79,4.0.3 and up,,,,,Unknown,,,,
AH-1 Viper Cobra Ops - helicopter flight simulator,GAME,3.8,1088,86.0,100000,Free,0.0,Teen,Action,"February 16, 2018",1.0.1,4.3 and up,,,,,Unknown,,,,
Ah! Bird,SPORTS,3.5,1689,5.7,100000,Free,0.0,Everyone,Sports,"August 29, 2017",1.5.062,4.3 and up,,,,,Unknown,,,,
Brandon Lakes AH,MEDICAL,2.6,5,27.0,100,Free,0.0,Everyone,Medical,"May 5, 2017",300000.0.79,4.0.3 and up,,,,,Unknown,,,,
Ah! Coins,GAME,3.4,256,9.1,50000,Free,0.0,Everyone,Action,"December 8, 2016",1.0.0,2.3 and up,,,,,Unknown,,,,
Replika,FAMILY,4.5,45458,35.0,1000000,Free,0.0,Mature 17+,Entertainment,"August 3, 2018",1.5.49,4.4 and up,,,,,Unknown,,,,
Ai illustrator viewer,ART_AND_DESIGN,3.4,486,5.9,100000,Free,0.0,Everyone,Art & Design,"July 26, 2018",5.7,5.0 and up,,,,,Unknown,,,,
Real AI,FAMILY,3.8,949,1.2,50000,Free,0.0,Everyone,Entertainment,"July 22, 2018",4.9,4.0 and up,,,,,Unknown,,,,
The Artificial Intelligence Project (A.I. Chat),FAMILY,3.0,76,39.0,5000,Paid,1.99,Everyone,Simulation,"March 29, 2018",1.2,2.3 and up,,,,,Unknown,,,,
Virtual Assistant DataBot: Artificial Intelligence,FAMILY,4.4,80927,27.0,1000000,Free,0.0,Everyone,Entertainment,"July 31, 2018",7.2.5,4.0 and up,,,,,Unknown,,,,
ALPHA - Artificial Intelligence,FAMILY,4.0,51,3.2,1000,Free,0.0,Everyone,Entertainment,"June 3, 2018",1.3.4,4.0 and up,,,,,Unknown,,,,
Artificial Intelligence,FAMILY,3.9,339,4.2,50000,Free,0.0,Everyone,Education,"April 5, 2018",6.2,4.0 and up,,,,,Unknown,,,,
Orbita AI — Exciting mobile puzzles & riddles,FAMILY,4.6,116973,31.0,1000000,Free,0.0,Everyone,Puzzle,"March 29, 2018",1.1.9.1,4.1 and up,,,,,Unknown,,,,
SMS AI Bot,TOOLS,3.8,89,3.9,10000,Free,0.0,Everyone,Tools,"July 1, 2018",3.0.4,4.1 and up,,,,,Unknown,,,,
ChatBot AI Talking Girl,FAMILY,3.8,3597,25.0,100000,Free,0.0,Everyone 10+,Entertainment,"July 31, 2018",1.0.16,4.0.3 and up,,,,,Unknown,,,,
ParaTek Ai Speech generator,TOOLS,3.6,448,4.3,50000,Free,0.0,Everyone,Tools,"March 23, 2017",1.9,1.6 and up,,,,,Unknown,,,,
Extreme- Personal Voice Assistant,PRODUCTIVITY,4.4,25627,9.8,1000000,Free,0.0,Everyone,Productivity,"August 5, 2018",132,5.0 and up,,,,,Unknown,,,,
AI Face Beauty Analysis - IntelliFace (Free),BEAUTY,3.1,40,13.0,10000,Free,0.0,Everyone,Beauty,"April 11, 2018",20,4.1 and up,,,,,Unknown,,,,
Robin - AI Voice Assistant,MAPS_AND_NAVIGATION,4.2,55313,16.0,1000000,Free,0.0,Everyone,Maps & Navigation,"August 5, 2018",4.435,4.1 and up,,,,,Unknown,,,,
Learn Artificial Intelligence,FAMILY,4.6,27,4.2,10000,Free,0.0,Everyone,Education,"July 14, 2018",1.1.4,4.1 and up,,,,,Unknown,,,,
AI Benchmark,TOOLS,4.0,97,99.0,5000,Free,0.0,Everyone,Tools,"June 29, 2018",2.0.0,4.1 and up,,,,,Unknown,,,,
AI Today : Artificial Intelligence News & AI 101,NEWS_AND_MAGAZINES,5.0,43,2.3,100,Free,0.0,Everyone,News & Magazines,"June 22, 2018",1.0,4.4 and up,,,,,Unknown,,,,
Tomo A.i. Pet Chat Bot,FAMILY,3.3,40,3.6,1000,Free,0.0,Everyone,Entertainment,"May 15, 2017",1.0,4.0.3 and up,,,,,Unknown,,,,
Puck AI Personal Assistant Robot,PRODUCTIVITY,4.1,22,26.0,1000,Free,0.0,Everyone,Productivity,"November 2, 2017",1.5,4.0.3 and up,,,,,Unknown,,,,
Builder (by Engineer.ai),PRODUCTIVITY,3.6,8,3.2,100,Free,0.0,Everyone,Productivity,"November 4, 2017",1.2-Release,4.1 and up,,,,,Unknown,,,,
Chat With Artificial Intelligence,FAMILY,3.2,32,2.8,1000,Free,0.0,Everyone,Entertainment,"May 10, 2018",1.0,4.0 and up,,,,,Unknown,,,,
Friday: Smart Personal Assistant,PRODUCTIVITY,4.4,2087,8.3,100000,Free,0.0,Everyone,Productivity,"June 24, 2018",20,5.0 and up,,,,,Unknown,,,,
Virtual Eye AI,TOOLS,4.4,26,3.8,500,Free,0.0,Everyone,Tools,"May 27, 2018",1.2,4.0 and up,,,,,Unknown,,,,
Lyra Virtual Assistant,PRODUCTIVITY,4.5,41624,3.4,1000000,Free,0.0,Everyone,Productivity,"May 24, 2018",1.2.4,4.0.3 and up,,,,,Unknown,,,,
2048(AI),FAMILY,4.3,20,3.5,1000,Free,0.0,Everyone,Casual,"June 3, 2015",0.33,2.3 and up,,,,,Unknown,,,,
ai robot keyboard,PERSONALIZATION,4.7,1891,1.9,100000,Free,0.0,Everyone,Personalization,"May 24, 2018",10001008,4.0.3 and up,,,,,Unknown,,,,
AI with Python Tutorial,FAMILY,4.4,8,3.3,5000,Free,0.0,Everyone,Education,"June 5, 2018",1.0.4,4.1 and up,,,,,Unknown,,,,
FaceApp,PHOTOGRAPHY,4.4,346681,7.1,10000000,Free,0.0,Everyone,Photography,"February 10, 2018",2.0.949,4.4 and up,,,,,Unknown,,,,
Message AI - Write Better Messages (Free),SOCIAL,3.7,3,7.9,100,Free,0.0,Everyone,Social,"July 4, 2018",1.3.1-lite,5.0 and up,,,,,Unknown,,,,
ChatBolo - AI Chatbot Online,FAMILY,3.3,1407,1.4,100000,Free,0.0,Everyone,Entertainment,"September 25, 2015",2.1,2.2 and up,,,,,Unknown,,,,
MiAI (Artificial Intelligence) Assistant,PRODUCTIVITY,3.7,3,7.5,100,Free,0.0,Everyone,Productivity,"March 1, 2018",11.04,4.1 and up,,,,,Unknown,,,,
AI Draw | Art Filter for Selfie,PHOTOGRAPHY,3.0,20,4.3,1000,Paid,2.99,Everyone,Photography,"June 18, 2018",1.4.7,5.0 and up,,,,,Unknown,,,,
Turbo AI™ - Personal assistant,PRODUCTIVITY,2.6,91,2.8,5000,Free,0.0,Everyone,Productivity,"July 16, 2018",0.0.52,4.0.3 and up,,,,,Unknown,,,,
AI Sight,PRODUCTIVITY,3.5,43,48.0,1000,Free,0.0,Everyone,Productivity,"June 18, 2018",1.2,4.0.3 and up,,,,,Unknown,,,,
Jarvis artificial intelligent,FAMILY,3.9,253,14.0,10000,Free,0.0,Everyone,Entertainment,"March 28, 2018",1.1,2.3 and up,,,,,Unknown,,,,
Age of AI: War Strategy,FAMILY,4.6,71,5.7,500,Paid,2.49,Everyone,Strategy,"March 14, 2018",1.8,4.0 and up,,,,,Unknown,,,,
DREAM-e: Dream Analysis A.I.,LIFESTYLE,3.8,89,0.939,10000,Free,0.0,Everyone,Lifestyle,"February 18, 2013",2.3,2.1 and up,,,,,Unknown,,,,
AJ Jump: Animal Jam Kangaroos!,GAME,4.4,2975,42.0,50000,Paid,1.99,Everyone,Arcade,"March 7, 2016",1.6,4.0 and up,,,,,Unknown,,,,
AJ Academy: Amazing Animals,FAMILY,4.5,1564,35.0,50000,Free,0.0,Everyone,Educational;Education,"May 25, 2018",1.1.0,4.1 and up,,,,,Unknown,,,,
Dash Tag - Fun Endless Runner!,FAMILY,4.5,6750,43.0,100000,Free,0.0,Everyone,Casual,"June 13, 2018",2.0.3,4.3 and up,,,,,Unknown,,,,
Jamaa Amino for Animal Jam,SOCIAL,4.7,3873,63.0,10000,Free,0.0,Teen,Social,"July 13, 2018",1.8.19106,4.0.3 and up,,,,,Unknown,,,,
Tunnel Town,FAMILY,4.4,74744,60.0,1000000,Free,0.0,Everyone,Strategy,"July 26, 2018",1.5.6,4.1 and up,,,,,Unknown,,,,
AJ Cam,PHOTOGRAPHY,5.0,44,2.8,100,Free,0.0,Everyone,Photography,"January 23, 2018",1.0,4.1 and up,,,,,Unknown,,,,
Club Penguin Island,FAMILY,2.8,107441,32.0,1000000,Free,0.0,Everyone,Casual;Action & Adventure,"July 10, 2018",1.10.5,4.4 and up,,,,,Unknown,,,,
AJ Official,FAMILY,4.6,31,7.3,500,Free,0.0,Everyone,Education,"May 3, 2017",0.1,2.3 and up,,,,,Unknown,,,,
AJ Bell Youinvest,FINANCE,2.8,135,5.3,10000,Free,0.0,Everyone,Finance,"June 4, 2018",2.13.0.65,4.4 and up,,,,,Unknown,,,,
Hey AJ! It's Saturday!,BOOKS_AND_REFERENCE,5.0,12,50.0,100,Paid,3.99,Everyone,Books & Reference,"June 13, 2016",1.0.0,2.2 and up,,,,,Unknown,,,,
Selfie With Champion AJ Style,PHOTOGRAPHY,5.0,2,7.5,500,Free,0.0,Everyone,Photography,"January 8, 2018",1.0,3.2 and up,,,,,Unknown,,,,
Baby Game Animal Jam Free,GAME,2.8,9,26.0,500,Free,0.0,Everyone,Board,"March 24, 2017",1.0,2.3 and up,,,,,Unknown,,,,
Blackjack aj Poker,GAME,3.8,8,4.2,1000,Free,0.0,Teen,Card,"October 19, 2016",1.1,2.3.3 and up,,,,,Unknown,,,,
Bonza Poly Art - Tenkyu Animal Jam for Kids,FAMILY,4.1,22,31.0,1000,Free,0.0,Everyone,Puzzle,"August 3, 2018",1.0.9,4.1 and up,,,,,Unknown,,,,
AJ Player,VIDEO_PLAYERS,4.8,18,1.7,100,Free,0.0,Everyone,Video Players & Editors,"April 22, 2018",1.6.3.1,5.0 and up,,,,,Unknown,,,,
AJ RETAILS,SHOPPING,5.0,9,0.169,10,Free,0.0,Everyone,Shopping,"June 1, 2018",18060104,2.2 and up,,,,,Unknown,,,,
Hey AJ! It's Bedtime!,FAMILY,5.0,1,63.0,10,Paid,4.99,Everyone,Education,"April 4, 2018",1.0.59,2.3 and up,,,,,Unknown,,,,
AJ Percent Off Calculator,SHOPPING,4.4,134,0.045,10000,Free,0.0,Everyone,Shopping,"June 4, 2013",1.2,2.2 and up,,,,,Unknown,,,,
AJ Men's Grooming,LIFESTYLE,5.0,2,22.0,100,Free,0.0,Everyone,Lifestyle,"August 28, 2017",5,4.1 and up,,,,,Unknown,,,,
Watch Face Swiss AJ-6,PERSONALIZATION,4.1,21,3.6,100,Paid,0.99,Everyone,Personalization,"September 20, 2017",1.35,4.3 and up,,,,,Unknown,,,,
AJ Styles HD Wallpapers,ART_AND_DESIGN,4.8,48,25.0,5000,Free,0.0,Everyone,Art & Design,"August 4, 2018",1.1.1,4.1 and up,,,,,Unknown,,,,
AJ Gray Icon Pack,PERSONALIZATION,4.8,5,35.0,50,Paid,0.99,Everyone,Personalization,"April 22, 2018",1.1,4.1 and up,,,,,Unknown,,,,
AJ Styles Wallpaper 2018 - AJ Styles HD Wallpaper,ART_AND_DESIGN,4.0,18,3.6,1000,Free,0.0,Everyone,Art & Design,"March 22, 2018",1.1,4.0 and up,,,,,Unknown,,,,
AJ Gray Dark Icon Pack,PERSONALIZATION,5.0,2,35.0,10,Paid,0.99,Everyone,Personalization,"April 29, 2018",1.1,4.1 and up,,,,,Unknown,,,,
Little Pets Animal Guardians,FAMILY,4.6,18893,91.0,100000,Free,0.0,Everyone,Casual;Pretend Play,"June 9, 2018",1.4.1,4.0.3 and up,,,,,Unknown,,,,
AJ Blue Icon Pack,PERSONALIZATION,5.0,4,31.0,50,Paid,0.99,Everyone,Personalization,"April 27, 2018",1.1,4.1 and up,,,,,Unknown,,,,
My Wild Pet: Online Animal Sim,FAMILY,4.5,26916,67.0,500000,Free,0.0,Everyone,Casual;Pretend Play,"March 17, 2017",2.7,4.0.3 and up,,,,,Unknown,,,,
AJ Rafael Music Lessons,FAMILY,5.0,1,8.2,10,Free,0.0,Everyone,Entertainment,"November 29, 2017",1.2.1,4.1 and up,,,,,Unknown,,,,
How it works: AK-74N,FAMILY,4.4,1031,48.0,100000,Free,0.0,Everyone,Entertainment,"January 9, 2018",2.1.9f0,4.0.3 and up,,,,,Unknown,,,,
AK-47: Simulator and Shooting,FAMILY,4.0,345,14.0,100000,Free,0.0,Everyone 10+,Simulation,"November 11, 2016",1.3.0,3.0 and up,,,,,Unknown,,,,
AK-47 Sounds,FAMILY,3.9,656,2.9,500000,Free,0.0,Everyone 10+,Entertainment,"September 14, 2016",2.0,2.3.3 and up,,,,,Unknown,,,,
AK 47 Live Wallpaper,PERSONALIZATION,4.1,585,4.4,50000,Free,0.0,Everyone,Personalization,"June 20, 2018",1.3,4.1 and up,,,,,Unknown,,,,
Puppy Shooting an AK-47: Platformer Zombie Game,GAME,4.8,21,89.0,1000,Free,0.0,Everyone,Arcade,"March 30, 2018",0.46.91,4.4 and up,,,,,Unknown,,,,
AK Interactive,FAMILY,4.3,734,13.0,10000,Free,0.0,Everyone,Entertainment,"July 12, 2018",2.5,4.0 and up,,,,,Unknown,,,,
AK-47 sounds,FAMILY,3.9,7,3.8,1000,Free,0.0,Everyone,Entertainment,"June 18, 2018",568,4.0 and up,,,,,Unknown,,,,
Wallpapers AK 47 Guns,PERSONALIZATION,4.5,37,15.0,5000,Free,0.0,Teen,Personalization,"February 26, 2017",1.0,4.1 and up,,,,,Unknown,,,,
AK-47 Assault Rifle,FAMILY,3.7,165,25.0,10000,Free,0.0,Teen,Entertainment,"April 26, 2015",1.0,2.3 and up,,,,,Unknown,,,,
Crisis Action: 2018 NO.1 FPS,GAME,4.3,807226,34.0,10000000,Free,0.0,Teen,Action,"July 11, 2018",3.0.2,4.0.3 and up,,,,,Unknown,,,,
AK 47 Guns Wallpaper,PERSONALIZATION,4.2,322,6.8,50000,Free,0.0,Everyone,Personalization,"May 29, 2017",1.0,4.1 and up,,,,,Unknown,,,,
AK-47 3D,GAME,3.7,91,24.0,10000,Free,0.0,Everyone,Action,"December 25, 2016",3.2,2.3 and up,,,,,Unknown,,,,
Book of AK-47,LIFESTYLE,3.8,6,3.4,500,Free,0.0,Everyone,Lifestyle,"March 1, 2016",1.0.2,4.0.3 and up,,,,,Unknown,,,,
Weapon stripping 3D,FAMILY,4.6,23971,24.0,1000000,Free,0.0,Everyone,Simulation,"August 4, 2018",39.231,4.1 and up,,,,,Unknown,,,,
Weapon AK-74 Live Wallpaper,PERSONALIZATION,3.3,25,46.0,1000,Free,0.0,Everyone,Personalization,"March 28, 2017",1.2,4.0.3 and up,,,,,Unknown,,,,
Shoot M-16 vs AK-47 : realistic weapon simulator,FAMILY,3.0,2,33.0,100,Free,0.0,Everyone,Simulation,"July 18, 2018",1.0,4.1 and up,,,,,Unknown,,,,
Counter Terrorist Attack,GAME,3.9,145931,43.0,10000000,Free,0.0,Teen,Action,"May 31, 2018",5.3.2,2.3 and up,,,,,Unknown,,,,
AK47 Assault Rifle,TOOLS,3.9,54,2.8,10000,Free,0.0,Everyone,Tools,"May 2, 2015",1.0.0.1,2.2 and up,,,,,Unknown,,,,
Weapons simulator AK-47,FAMILY,4.1,21,26.0,5000,Free,0.0,Everyone,Simulation,"May 15, 2017",1,4.1 and up,,,,,Unknown,,,,
AK 47 Lock Screen,PERSONALIZATION,4.6,5,8.8,500,Free,0.0,Mature 17+,Personalization,"February 11, 2018",1.0,4.0.3 and up,,,,,Unknown,,,,
AK Phone,COMMUNICATION,4.4,9,4.2,5000,Free,0.0,Everyone,Communication,"May 29, 2017",3.8.8,2.2 and up,,,,,Unknown,,,,
AK Booster,TOOLS,3.8,71,7.0,10000,Free,0.0,Everyone,Tools,"May 2, 2018",2.0.1.966,4.4 and up,,,,,Unknown,,,,
GUN ZOMBIE,GAME,4.4,243121,38.0,5000000,Free,0.0,Teen,Arcade,"October 17, 2014",5.3,2.3 and up,,,,,Unknown,,,,
AK Lodi Films,VIDEO_PLAYERS,4.9,23,2.1,100,Free,0.0,Everyone,Video Players & Editors,"August 11, 2015",1.1,4.0 and up,,,,,Unknown,,,,
Gun Mod: Guns in Minecraft PE,FAMILY,3.6,33812,12.0,5000000,Free,0.0,Teen,Entertainment,"July 30, 2018",2.5,4.1 and up,,,,,Unknown,,,,
Kymco AK 550,AUTO_AND_VEHICLES,4.3,47,58.0,1000,Free,0.0,Everyone,Auto & Vehicles,"November 11, 2016",1.0,2.3 and up,,,,,Unknown,,,,
AK Math Coach,FAMILY,3.6,283,18.0,50000,Free,0.0,Everyone,Education,"May 19, 2015",1.3,2.3.3 and up,,,,,Unknown,,,,
Shoot Strike War Fire,GAME,4.1,82827,20.0,10000000,Free,0.0,Teen,Arcade,"July 13, 2018",1.1.5,4.0 and up,,,,,Unknown,,,,
AL.com,NEWS_AND_MAGAZINES,3.4,803,8.0,50000,Free,0.0,Everyone 10+,News & Magazines,"July 23, 2018",3.7.10-0d44b899,4.1 and up,,,,,Unknown,,,,
University of Alabama,FAMILY,4.5,302,3.0,50000,Free,0.0,Everyone,Education,"November 30, 2017",3.3,4.1 and up,,,,,Unknown,,,,
Alabama Gameday Live,SPORTS,4.7,19,12.0,1000,Free,0.0,Everyone,Sports,"May 18, 2018",2.0.1,4.2 and up,,,,,Unknown,,,,
AL.com: Alabama Football News,SPORTS,4.5,459,8.0,10000,Free,0.0,Everyone 10+,Sports,"July 23, 2018",3.7.10-0d44b899,4.1 and up,,,,,Unknown,,,,
Alabama Road Trips,TRAVEL_AND_LOCAL,4.4,71,28.0,10000,Free,0.0,Everyone,Travel & Local,"October 27, 2017",1.8.7,4.0 and up,,,,,Unknown,,,,
Alabama DMV Permit Test - AL,FAMILY,4.3,218,29.0,10000,Free,0.0,Everyone,Education,"February 15, 2018",6.0.3,4.4 and up,,,,,Unknown,,,,
Al-Quran (Free),BOOKS_AND_REFERENCE,4.6,218451,4.7,10000000,Free,0.0,Everyone,Books & Reference,"May 20, 2018",3.2.3,4.0 and up,,,,,Unknown,,,,
Official AL Fishing & Hunting,TRAVEL_AND_LOCAL,4.2,1291,40.0,50000,Free,0.0,Everyone,Travel & Local,"October 18, 2017",5.29.77 Domain 427,4.4 and up,,,,,Unknown,,,,
Al Quran (Tafsir & by Word),BOOKS_AND_REFERENCE,4.8,57400,14.0,500000,Free,0.0,Everyone,Books & Reference,"July 30, 2018",1.6.5,4.0 and up,,,,,Unknown,,,,
Al Quran Indonesia,BOOKS_AND_REFERENCE,4.8,445756,16.0,10000000,Free,0.0,Everyone,Books & Reference,"May 15, 2018",2.6.22,4.0 and up,,,,,Unknown,,,,
Al'Quran Bahasa Indonesia,BOOKS_AND_REFERENCE,4.6,361780,9.7,10000000,Free,0.0,Everyone,Books & Reference,"May 30, 2018",4.1,2.3 and up,,,,,Unknown,,,,
Al Quran Al karim,BOOKS_AND_REFERENCE,4.6,41608,49.0,1000000,Free,0.0,Everyone,Books & Reference,"November 5, 2017",1.1.7,2.2 and up,,,,,Unknown,,,,
Al jazeera TV,FAMILY,4.6,9952,3.7,100000,Free,0.0,Teen,Entertainment,"July 5, 2016",1.0.0,4.0.3 and up,,,,,Unknown,,,,
Al-Muhaffiz,BOOKS_AND_REFERENCE,4.7,2319,27.0,50000,Free,0.0,Everyone,Books & Reference,"April 22, 2018",10.10,4.1 and up,,,,,Unknown,,,,
Al Quran Audio (Full 30 Juz),FAMILY,4.7,7878,3.6,1000000,Free,0.0,Everyone,Education,"May 29, 2017",4.0,2.3 and up,,,,,Unknown,,,,
Quran for All (Al-Huda Int.),FAMILY,4.8,6696,5.3,100000,Free,0.0,Everyone,Education,"February 7, 2018",3.1.0,4.0 and up,,,,,Unknown,,,,
AL Voice Recorder,PRODUCTIVITY,3.6,4832,2.4,1000000,Free,0.0,Everyone,Productivity,"November 22, 2016",2.1.7.3,3.0 and up,,,,,Unknown,,,,
Ayat - Al Quran,FAMILY,4.7,173394,8.5,5000000,Free,0.0,Everyone,Education,"March 13, 2018",2.9.1,4.0 and up,,,,,Unknown,,,,
Quran Juz-30 - Mahad al Zahra,FAMILY,4.6,2654,6.7,100000,Free,0.0,Everyone,Education,"November 2, 2016",1.10.0,2.2 and up,,,,,Unknown,,,,
Al Mayadeen,NEWS_AND_MAGAZINES,4.7,13620,9.0,500000,Free,0.0,Everyone,News & Magazines,"April 16, 2018",2.137,4.1 and up,,,,,Unknown,,,,
Al-Quran Al-Muallim,FAMILY,4.5,199,0.266,10000,Free,0.0,Everyone,Education,"September 11, 2013",1.0beta,2.2 and up,,,,,Unknown,,,,
Al-Quran 30 Juz free copies,BOOKS_AND_REFERENCE,4.5,12322,27.0,500000,Free,0.0,Everyone,Books & Reference,"December 17, 2016",3.0,2.3 and up,,,,,Unknown,,,,
Koran Read &MP3 30 Juz Offline,BOOKS_AND_REFERENCE,4.8,29551,67.0,1000000,Free,0.0,Everyone,Books & Reference,"April 6, 2018",1.0.7,4.0.3 and up,,,,,Unknown,,,,
Al Quran MP3 - Quran Reading®,FAMILY,4.7,47463,22.0,1000000,Free,0.0,Everyone,Education,"April 24, 2018",4.4,4.0.3 and up,,,,,Unknown,,,,
Al'Quran Bahasa Indonesia PRO,BOOKS_AND_REFERENCE,4.7,1340,11.0,10000,Paid,4.49,Everyone,Books & Reference,"May 16, 2018",4.0.5,2.2 and up,,,,,Unknown,,,,
Hafizi Quran 15 lines per page,BOOKS_AND_REFERENCE,4.7,55011,68.0,1000000,Free,0.0,Everyone,Books & Reference,"November 2, 2017",1.1.3,4.1 and up,,,,,Unknown,,,,
Al-Quran Ahmad Saud Offline,FAMILY,4.7,7116,40.0,100000,Free,0.0,Everyone,Education,"August 9, 2016",1.0,2.3.3 and up,,,,,Unknown,,,,
12 Step Meditations & Sober Prayers AA NA AL-ANON,LIFESTYLE,4.7,759,15.0,50000,Free,0.0,Everyone 10+,Lifestyle,"January 22, 2018",1.4.5,4.1 and up,,,,,Unknown,,,,
Al Quran Free - القرآن (Islam),BOOKS_AND_REFERENCE,4.7,1777,23.0,50000,Free,0.0,Everyone,Books & Reference,"February 15, 2015",1.1,2.2 and up,,,,,Unknown,,,,
Taha Al Junaid Quran Mp3,LIFESTYLE,4.6,518,4.2,50000,Free,0.0,Everyone,Lifestyle,"March 25, 2017",1.1,2.3.3 and up,,,,,Unknown,,,,
Surah Al-Waqiah,BOOKS_AND_REFERENCE,4.7,1201,2.9,100000,Free,0.0,Everyone,Books & Reference,"June 24, 2015",1.0,2.3.3 and up,,,,,Unknown,,,,
Hisnul Al Muslim - Hisn Invocations & Adhkaar,BOOKS_AND_REFERENCE,4.6,3234,85.0,100000,Free,0.0,Everyone,Books & Reference,"December 26, 2017",1.7.22,4.1 and up,,,,,Unknown,,,,
I am rich,LIFESTYLE,3.8,3547,1.8,100000,Paid,399.99,Everyone,Lifestyle,"January 12, 2018",2.0,4.0.3 and up,,,,,Unknown,,,,
I AM RICH,FAMILY,3.9,1455,1.1,10000,Free,0.0,Everyone,Entertainment,"October 11, 2017",1.0,2.3 and up,,,,,Unknown,,,,
I am Rich Plus,FAMILY,4.0,856,8.7,10000,Paid,399.99,Everyone,Entertainment,"May 19, 2018",3.0,4.4 and up,,,,,Unknown,,,,
I am rich VIP,LIFESTYLE,3.8,411,2.6,10000,Paid,299.99,Everyone,Lifestyle,"July 21, 2018",1.1.1,4.3 and up,,,,,Unknown,,,,
I Am Rich Premium,FINANCE,4.1,1867,4.7,50000,Paid,399.99,Everyone,Finance,"November 12, 2017",1.6,4.0 and up,,,,,Unknown,,,,
I am extremely Rich,LIFESTYLE,2.9,41,2.9,1000,Paid,379.99,Everyone,Lifestyle,"July 1, 2018",1.0,4.0 and up,,,,,Unknown,,,,
I am Rich!,FINANCE,3.8,93,22.0,1000,Paid,399.99,Everyone,Finance,"December 11, 2017",1.0,4.1 and up,,,,,Unknown,,,,
I am rich(premium),FINANCE,3.5,472,0.965,5000,Paid,399.99,Everyone,Finance,"May 1, 2017",3.4,4.4 and up,,,,,Unknown,,,,
I am Rich Person,LIFESTYLE,4.2,134,1.8,1000,Paid,37.99,Everyone,Lifestyle,"July 18, 2017",1.0,4.0.3 and up,,,,,Unknown,,,,
I am Rich Premium Plus,FINANCE,4.6,459,2.0,10000,Paid,18.99,Everyone,Finance,"February 17, 2018",1.1,4.0.3 and up,,,,,Unknown,,,,
I Am Rich Pro,FAMILY,4.4,201,2.7,5000,Paid,399.99,Everyone,Entertainment,"May 30, 2017",1.54,1.6 and up,,,,,Unknown,,,,
I Am Innocent,GAME,4.4,208501,56.0,1000000,Free,0.0,Teen,Adventure,"July 23, 2018",2.8.307,4.0.3 and up,,,,,Unknown,,,,
I am rich (Most expensive app),FINANCE,4.1,129,2.7,1000,Paid,399.99,Teen,Finance,"December 6, 2017",2,4.0.3 and up,,,,,Unknown,,,,
i am rich,BUSINESS,3.9,213,2.9,1000,Free,0.0,Everyone,Business,"June 9, 2018",1.0,4.0 and up,,,,,Unknown,,,,
I Am Rich,FAMILY,3.6,217,4.9,10000,Paid,389.99,Everyone,Entertainment,"June 22, 2018",1.5,4.2 and up,,,,,Unknown,,,,
I am Bread,GAME,4.0,630,20.0,10000,Paid,4.99,Everyone,Adventure,"October 26, 2016",1.6.1,4.4 and up,,,,,Unknown,,,,
Where Am I At?,TRAVEL_AND_LOCAL,3.8,39,12.0,10000,Free,0.0,Everyone,Travel & Local,"October 8, 2016",1.2,4.1 and up,,,,,Unknown,,,,
I am Rich,FINANCE,4.3,180,3.8,5000,Paid,399.99,Everyone,Finance,"March 22, 2018",1.0,4.2 and up,,,,,Unknown,,,,
Where Am I? GPS Loc,TRAVEL_AND_LOCAL,4.6,68,4.2,10000,Free,0.0,Everyone,Travel & Local,"November 14, 2017",5.0,4.0.3 and up,,,,,Unknown,,,,
I am Millionaire - Richest guy in the town,LIFESTYLE,3.6,126,1.4,5000,Paid,2.49,Everyone,Lifestyle,"June 22, 2018",8,4.1 and up,,,,,Unknown,,,,
Coast To Coast AM Insider,NEWS_AND_MAGAZINES,3.9,4581,21.0,100000,Free,0.0,Everyone,News & Magazines,"January 4, 2018",5.0.108,4.4 and up,,,,,Unknown,,,,
I AM RICH PRO PLUS,FINANCE,4.0,36,41.0,1000,Paid,399.99,Everyone,Finance,"June 25, 2018",1.0.2,4.1 and up,,,,,Unknown,,,,
I Am Wizard,FAMILY,4.2,1493,57.0,100000,Free,0.0,Everyone,Strategy,"April 1, 2018",1.0.9,4.1 and up,,,,,Unknown,,,,
What Am I? - Brain Teasers,GAME,4.2,4537,15.0,100000,Free,0.0,Everyone,Trivia,"April 5, 2017",2.2,4.0.3 and up,,,,,Unknown,,,,
Who am I? (Biblical),GAME,4.5,5849,5.1,500000,Free,0.0,Everyone,Trivia,"September 13, 2017",1.2.2_comAds,4.0.3 and up,,,,,Unknown,,,,
DWWW 774 Ultimate AM Radio,NEWS_AND_MAGAZINES,4.7,327,31.0,10000,Free,0.0,Everyone,News & Magazines,"June 26, 2018",4.0.9,4.1 and up,,,,,Unknown,,,,
Anno: Build an Empire,FAMILY,3.5,33944,28.0,1000000,Free,0.0,Everyone 10+,Strategy,"March 10, 2016",2.0.0,4.1 and up,,,,,Unknown,,,,
Vikings: an Archer's Journey,GAME,4.5,10256,39.0,1000000,Free,0.0,Everyone,Action,"December 11, 2017",2.1.0,4.3 and up,,,,,Unknown,,,,
Trell: An app for Explorers | Best Wanderlust App,LIFESTYLE,4.6,8004,34.0,100000,Free,0.0,Teen,Lifestyle,"July 31, 2018",3.4.8,4.1 and up,,,,,Unknown,,,,
My Emma :),FAMILY,4.1,245839,76.0,10000000,Free,0.0,Everyone,Casual,"April 3, 2017",2.7.0,4.1 and up,,,,,Unknown,,,,
League of Gamers - Be an E-Sports Legend!,SPORTS,4.5,68072,40.0,5000000,Free,0.0,Everyone,Sports,"July 26, 2018",1.1.7,4.1 and up,,,,,Unknown,,,,
Draw a Stickman: EPIC Free,GAME,4.2,210317,46.0,10000000,Free,0.0,Everyone 10+,Adventure,"April 10, 2015",1.4.3.104,2.3.3 and up,,,,,Unknown,,,,
My Horse,FAMILY,4.5,1333338,8.7,10000000,Free,0.0,Everyone,Casual,"May 23, 2018",1.34.1,2.3.3 and up,,,,,Unknown,,,,
My Boo - Your Virtual Pet Game,FAMILY,4.4,899748,80.0,10000000,Free,0.0,Everyone,Casual,"August 3, 2018",2.11,4.1 and up,,,,,Unknown,,,,
Create apps fast with beautiful design and no code,BUSINESS,3.7,23729,24.0,1000000,Free,0.0,Everyone,Business,"May 14, 2018",7.2,4.4 and up,,,,,Unknown,,,,
THE KING OF FIGHTERS-A 2012(F),GAME,4.4,406511,21.0,5000000,Free,0.0,Teen,Action,"October 21, 2016",1.0.5,4.0.3 and up,,,,,Unknown,,,,
Diary with lock password,LIFESTYLE,4.3,179139,9.7,5000000,Free,0.0,Everyone,Lifestyle,"November 1, 2017",3.5.3,4.0.3 and up,0.4565326923076923,0.33130769230769236,0.5906538461538461,0.07801923076923077,Positive,39.0,6.0,7.0,52.0
Fast like a Fox,GAME,4.3,104389,12.0,5000000,Free,0.0,Everyone,Adventure,"April 17, 2018",1.4.0,4.2 and up,,,,,Unknown,,,,
Girls Craft: Exploration,FAMILY,3.8,130689,57.0,5000000,Free,0.0,Everyone 10+,Simulation,"August 3, 2018",1.32,4.2 and up,,,,,Unknown,,,,
The PCH App,LIFESTYLE,4.5,234971,81.0,1000000,Free,0.0,Everyone,Lifestyle,"July 25, 2018",2.8.7.78579,4.4 and up,,,,,Unknown,,,,
"Resume Builder Free, 5 Minute CV Maker & Templates",BUSINESS,4.4,72202,6.7,1000000,Free,0.0,Everyone,Business,"June 25, 2018",6.0,4.0.3 and up,,,,,Unknown,,,,
AO Surgery Reference,MEDICAL,4.7,2570,3.8,100000,Free,0.0,Everyone,Medical,"May 10, 2017",1.2.6,4.0 and up,,,,,Unknown,,,,
ao,FAMILY,3.5,14145,5.9,1000000,Free,0.0,Everyone,Strategy,"June 8, 2016",1.0.9,4.0 and up,,,,,Unknown,,,,
AO/OTA Fracture Classification,MEDICAL,4.9,25,46.0,5000,Free,0.0,Everyone,Medical,"April 17, 2018",1.0,5.0 and up,,,,,Unknown,,,,
AO Player,EVENTS,4.0,9,3.3,1000,Free,0.0,Everyone,Events,"December 20, 2017",1.1.4,4.4 and up,,,,,Unknown,,,,
Ao Oni2,GAME,4.1,21223,48.0,1000000,Free,0.0,Teen,Adventure,"April 20, 2018",1.6.6,4.1 and up,,,,,Unknown,,,,
A. O. Smith,TOOLS,4.2,32,33.0,10000,Free,0.0,Everyone,Tools,"May 21, 2018",3.0.22,4.0 and up,,,,,Unknown,,,,
Arena of Valor: 5v5 Arena Game,GAME,4.4,438911,99.0,10000000,Free,0.0,Teen,Action,"June 28, 2018",1.23.1.2,4.0.3 and up,,,,,Unknown,,,,
PlacarTv Futebol Ao Vivo,COMMUNICATION,4.1,2063,4.5,100000,Free,0.0,Everyone,Communication,"June 3, 2018",1.0.3,4.0 and up,,,,,Unknown,,,,
Virtual lover,FAMILY,4.6,45771,28.0,1000000,Free,0.0,Mature 17+,Entertainment,"June 8, 2018",1.39,4.1 and up,,,,,Unknown,,,,
The Hunt for the Lost Treasure,FAMILY,4.6,7148,8.1,100000,Paid,2.99,Everyone,Adventure;Brain Games,"September 13, 2017",1.8,4.0.3 and up,,,,,Unknown,,,,
Attack the Light,FAMILY,4.7,19209,21.0,100000,Paid,2.99,Everyone,Role Playing;Action & Adventure,"February 23, 2016",1.1.4,4.0 and up,,,,,Unknown,,,,
Princess Closet : Otome games free dating sim,FAMILY,4.5,29495,56.0,1000000,Free,0.0,Teen,Simulation,"May 24, 2018",1.11.0,4.0.3 and up,,,,,Unknown,,,,
PES 2018 PRO EVOLUTION SOCCER,SPORTS,4.4,1721943,26.0,10000000,Free,0.0,Everyone,Sports,"June 27, 2018",2.3.2,5.0 and up,,,,,Unknown,,,,
Mobile Legends: Bang Bang,GAME,4.4,8219586,99.0,100000000,Free,0.0,Teen,Action,"July 24, 2018",1.2.97.3042,4.0.3 and up,,,,,Unknown,,,,
Heroes of Order & Chaos,FAMILY,4.2,690148,25.0,10000000,Free,0.0,Teen,Strategy,"October 27, 2017",Varies with device,Varies with device,,,,,Unknown,,,,
Kill Shot Bravo: Sniper FPS,GAME,4.4,579519,99.0,10000000,Free,0.0,Mature 17+,Action,"July 18, 2018",5.1,4.1 and up,,,,,Unknown,,,,
Tennis Champion 3D - Online Sports Game,SPORTS,4.0,170973,43.0,5000000,Free,0.0,Everyone,Sports,"June 6, 2018",2.1,4.1 and up,,,,,Unknown,,,,
Carnivores: Dinosaur Hunter,GAME,4.2,62636,17.0,1000000,Free,0.0,Teen,Action,"July 2, 2018",1.8.0,4.0.3 and up,,,,,Unknown,,,,
High School Simulator 2017,FAMILY,4.2,123136,80.0,5000000,Free,0.0,Mature 17+,Simulation,"June 25, 2018",1.0,4.0 and up,,,,,Unknown,,,,
Hopeless Land: Fight for Survival,GAME,4.2,250197,44.0,5000000,Free,0.0,Teen,Action,"July 12, 2018",1.0,4.1 and up,,,,,Unknown,,,,
Scanning body and undressing people,FAMILY,3.4,1012,12.0,100000,Free,0.0,Teen,Entertainment,"February 24, 2018",2.0,3.0 and up,,,,,Unknown,,,,
Ultimate Tennis,SPORTS,4.3,183004,100.0,10000000,Free,0.0,Everyone,Sports,"July 19, 2018",2.29.3118,4.0.3 and up,,,,,Unknown,,,,
Legion of Heroes,FAMILY,4.3,143087,69.0,1000000,Free,0.0,Everyone 10+,Role Playing,"July 12, 2018",1.9.22,4.0 and up,,,,,Unknown,,,,
Soccer Star 2018 Top Leagues · MLS Soccer Games,SPORTS,4.6,652940,90.0,10000000,Free,0.0,Teen,Sports,"July 5, 2018",1.3.5,4.1 and up,,,,,Unknown,,,,
Heroes Arena,GAME,4.2,336386,88.0,10000000,Free,0.0,Everyone 10+,Action,"July 24, 2018",2.0.1,4.0.3 and up,,,,,Unknown,,,,
virtual lover 3D,FAMILY,4.6,5195,64.0,100000,Free,0.0,Mature 17+,Entertainment,"April 18, 2018",1.3,4.1 and up,,,,,Unknown,,,,
Range Master: Sniper Academy,SPORTS,4.1,91935,39.0,10000000,Free,0.0,Everyone,Sports,"April 26, 2018",2.1.3,4.1 and up,,,,,Unknown,,,,
FC Barcelona Official App,SPORTS,4.6,92522,56.0,5000000,Free,0.0,Everyone,Sports,"July 26, 2018",4.0.14,4.1 and up,,,,,Unknown,,,,
Can Your Pet? : Returns - Teen,FAMILY,4.3,45370,14.0,1000000,Free,0.0,Teen,Simulation,"August 2, 2018",2.59.8,2.3 and up,,,,,Unknown,,,,
Bubbu – My Virtual Pet,FAMILY,4.7,394842,75.0,10000000,Free,0.0,Everyone,Casual;Pretend Play,"August 4, 2018",1.50,4.1 and up,,,,,Unknown,,,,
3D Tennis,SPORTS,4.2,1008012,13.0,50000000,Free,0.0,Everyone,Sports,"December 5, 2017",1.7.7,2.1 and up,,,,,Unknown,,,,
Start the Hunt for the Lost Treasure,FAMILY,3.8,302,8.1,10000,Free,0.0,Everyone,Puzzle;Brain Games,"September 13, 2017",1.4,4.0.3 and up,,,,,Unknown,,,,
Scanning under clothes (prank),FAMILY,3.7,1443,20.0,100000,Free,0.0,Mature 17+,Entertainment,"January 18, 2018",3.0,2.3 and up,,,,,Unknown,,,,
WGT Golf Game by Topgolf,SPORTS,4.3,148083,57.0,10000000,Free,0.0,Everyone,Sports,"July 24, 2018",1.42.2,4.1 and up,,,,,Unknown,,,,
3D Holograms Joke,FAMILY,2.9,31596,31.0,5000000,Free,0.0,Teen,Simulation,"December 23, 2016",1.5,2.3 and up,,,,,Unknown,,,,
Weaphones™ Gun Sim Free Vol 1,FAMILY,4.3,598975,39.0,10000000,Free,0.0,Everyone,Simulation,"January 17, 2018",2.4.0,4.0 and up,,,,,Unknown,,,,
Hidden Objects Treasure Hunt Adventure Games,FAMILY,4.3,275,29.0,10000,Free,0.0,Everyone,Puzzle,"July 9, 2018",1.0.1,4.4 and up,,,,,Unknown,,,,
Live Camera Viewer ★ World Webcam & IP Cam Streams,TRAVEL_AND_LOCAL,4.0,64164,3.6,10000000,Free,0.0,Everyone,Travel & Local,"April 7, 2018",1.9,4.1 and up,,,,,Unknown,,,,
Body scanner (prank),FAMILY,3.3,16063,3.8,1000000,Free,0.0,Teen,Casual,"June 2, 2016",3.0,2.3 and up,,,,,Unknown,,,,
AP ENPS Mobile,PRODUCTIVITY,4.1,22,0.545,5000,Free,0.0,Everyone,Productivity,"March 8, 2016",8.0.0130,4.4 and up,,,,,Unknown,,,,
AP® Guide,FAMILY,5.0,3,2.1,1000,Free,0.0,Everyone,Education,"July 31, 2017",1.3,4.0.3 and up,,,,,Unknown,,,,
WiFi Access Point (hotspot),COMMUNICATION,3.9,684,0.061,100000,Free,0.0,Everyone,Communication,"May 14, 2015",1.1.2,2.3 and up,,,,,Unknown,,,,
AP Mobile,FAMILY,4.6,117,13.0,10000,Free,0.0,Everyone,Education,"November 21, 2017",1.03,6.0 and up,,,,,Unknown,,,,
AP Manager,TOOLS,4.0,177,2.8,10000,Free,0.0,Everyone,Tools,"May 4, 2015",1.0.8,2.3 and up,,,,,Unknown,,,,
AP App for Android™,NEWS_AND_MAGAZINES,3.6,188,9.9,10000,Free,0.0,Everyone,News & Magazines,"May 12, 2016",1.0,4.0 and up,,,,,Unknown,,,,
Access Point Finder,LIFESTYLE,4.0,22,2.5,10000,Free,0.0,Everyone,Lifestyle,"September 6, 2016",1.0,3.0 and up,,,,,Unknown,,,,
AP English Language: Practice Tests and Flashcards,FAMILY,4.5,19,5.4,5000,Free,0.0,Everyone,Education,"July 3, 2018",1.6.7.1,4.1 and up,,,,,Unknown,,,,
AP Planner,FAMILY,2.9,45,1.3,5000,Free,0.0,Everyone,Education,"August 3, 2015",1.1,2.1 and up,,,,,Unknown,,,,
Access Point Browser,TOOLS,4.2,25,2.5,1000,Free,0.0,Everyone,Tools,"September 22, 2017",3.11,4.3 and up,,,,,Unknown,,,,
AP Installer,TOOLS,4.5,23,0.283,5000,Free,0.0,Everyone,Tools,"July 20, 2018",13,3.2 and up,,,,,Unknown,,,,
Study AP World History,FAMILY,4.6,513,1.6,10000,Free,0.0,Everyone,Education,"July 18, 2016",1.1.2,4.0.3 and up,,,,,Unknown,,,,
UniFi,TOOLS,4.7,11018,25.0,500000,Free,0.0,Everyone,Tools,"July 25, 2018",1.7.0,4.1 and up,,,,,Unknown,,,,
Ap Video Downloader for fb New 2018,TOOLS,4.2,676,5.4,100000,Free,0.0,Everyone,Tools,"July 31, 2018",3.0.188,4.0.3 and up,,,,,Unknown,,,,
AP Government Review,FAMILY,4.7,3,1.5,1000,Paid,2.99,Everyone,Education,"March 14, 2017",1.1,4.0.3 and up,,,,,Unknown,,,,
"ap,wifi testing,iperf,ping,android,Bluetooth,tcp",TOOLS,4.7,3,5.3,10,Paid,2.99,Everyone,Tools,"May 27, 2018",1.0.15,4.4 and up,,,,,Unknown,,,,
HotSpot Tethering Free/WiFi AP,TOOLS,3.9,478,2.0,100000,Free,0.0,Everyone,Tools,"September 12, 2016",2.003,2.3 and up,,,,,Unknown,,,,
AP Chemistry Prep: Practice Tests and Flashcards,FAMILY,4.7,55,5.4,10000,Free,0.0,Everyone,Education,"July 3, 2018",1.6.7.1,4.1 and up,,,,,Unknown,,,,
AP Flashcards,FAMILY,3.7,88,41.0,10000,Free,0.0,Everyone,Education,"August 30, 2015",1.3.14,3.1 and up,,,,,Unknown,,,,
AP World History: Practice Tests and Flashcards,FAMILY,4.8,21,5.4,5000,Free,0.0,Everyone,Education,"July 3, 2018",1.6.7.1,4.1 and up,,,,,Unknown,,,,
Access Point Names,COMMUNICATION,4.0,138,2.4,10000,Free,0.0,Everyone,Communication,"August 12, 2014",1.0,2.3.3 and up,,,,,Unknown,,,,
"AP Biology Prep: Practice Tests, Flashcards",FAMILY,4.6,87,5.4,10000,Free,0.0,Everyone,Education,"July 3, 2018",1.6.7.1,4.1 and up,,,,,Unknown,,,,
AP Biology Study Guide + Quiz,FAMILY,4.4,105,9.0,10000,Free,0.0,Everyone,Education,"March 22, 2016",1.5.1,4.1 and up,,,,,Unknown,,,,
500 AP World History Questions,FAMILY,4.7,7,1.2,100,Paid,9.99,Everyone,Education,"November 1, 2013",1.2,1.6 and up,,,,,Unknown,,,,
AP Themes for Kustom/KLWP,PERSONALIZATION,3.6,5,45.0,500,Paid,1.49,Everyone,Personalization,"September 1, 2017",1.8.2,4.4 and up,,,,,Unknown,,,,
AP Physics 1 Prep: Practice Tests and Flashcards,FAMILY,4.4,29,5.3,5000,Free,0.0,Everyone,Education,"July 3, 2018",1.6.7.1,4.1 and up,,,,,Unknown,,,,
Fate GO Ap Counter,TOOLS,4.6,70,3.2,1000,Free,0.0,Everyone,Tools,"January 19, 2018",1.1.4,4.1 and up,,,,,Unknown,,,,
iScore5 AP Psych,FAMILY,2.9,10,73.0,100,Paid,4.99,Everyone,Educational,"April 25, 2017",2.0,4.0.3 and up,,,,,Unknown,,,,
AP Psychology Prep: Practice Tests and Flashcards,FAMILY,4.5,242,5.4,50000,Free,0.0,Everyone,Education,"July 3, 2018",1.6.7.1,4.1 and up,,,,,Unknown,,,,
meStudying: AP English Lit,FAMILY,5.0,1,0.655,10,Paid,4.99,Everyone,Education,"August 31, 2013",1.3,2.0.1 and up,,,,,Unknown,,,,
APN Settings,TOOLS,3.7,3743,5.6,1000000,Free,0.0,Everyone,Tools,"August 3, 2018",6.4,4.1 and up,,,,,Unknown,,,,
AP Math & Computer Science,FAMILY,3.7,37,9.5,5000,Free,0.0,Everyone,Education,"July 19, 2015",2.16,2.3 and up,,,,,Unknown,,,,
AP Statistics Prep: Practice Tests and Flashcards,FAMILY,4.2,19,5.4,5000,Free,0.0,Everyone,Education,"July 3, 2018",1.6.7.1,4.1 and up,,,,,Unknown,,,,
eChallan Andhra Pradesh (AP),SOCIAL,3.0,5,2.6,1000,Free,0.0,Teen,Social,"February 15, 2018",1.0.0.4,4.1 and up,,,,,Unknown,,,,
AP Art History Flashcards,FAMILY,5.0,1,96.0,10,Paid,29.99,Mature 17+,Education,"January 19, 2016",3.30,4.0 and up,,,,,Unknown,,,,
True Skate,SPORTS,4.4,129409,73.0,1000000,Paid,1.99,Everyone,Sports,"August 4, 2018",1.5.1,4.0.3 and up,,,,,Unknown,,,,
AP European History: Practice Tests and Flashcards,FAMILY,4.7,7,5.4,1000,Free,0.0,Everyone,Education,"July 3, 2018",1.6.7.1,4.1 and up,,,,,Unknown,,,,
AdventureQuest 3D MMO,FAMILY,4.3,22667,35.0,1000000,Free,0.0,Teen,Role Playing,"July 26, 2018",1.10.1,4.4 and up,,,,,Unknown,,,,
AdventureQuest Dragons,FAMILY,3.9,10114,48.0,100000,Free,0.0,Everyone,Casual,"June 13, 2018",1.0.63,4.0 and up,,,,,Unknown,,,,
Undead Assault,GAME,4.3,4704,37.0,100000,Free,0.0,Everyone 10+,Arcade,"November 4, 2015",1.4.6,2.3 and up,,,,,Unknown,,,,
Adventure Quest World Mobile Quiz,FAMILY,4.6,28,26.0,500,Free,0.0,Everyone,Puzzle,"January 16, 2018",3.1.6z,4.0.3 and up,,,,,Unknown,,,,
Aqw&3d Design Notes Manager,FAMILY,4.5,11,2.9,500,Free,0.0,Everyone,Entertainment,"August 15, 2017",3.0,4.0.3 and up,,,,,Unknown,,,,
AQ Aspergers Test,MEDICAL,3.9,265,0.714,10000,Free,0.0,Everyone,Medical,"October 14, 2015",1.4.0,2.3.3 and up,,,,,Unknown,,,,
Guess the Class 🔥 AQW,GAME,4.7,57,12.0,1000,Free,0.0,Everyone,Word,"November 1, 2017",1.0.0,4.1 and up,,,,,Unknown,,,,
AQ Ria Retail,FAMILY,5.0,4,52.0,50,Free,0.0,Everyone,Education,"April 3, 2018",1.1,4.1 and up,,,,,Unknown,,,,
Wowkwis aq Ka'qaquj,FAMILY,5.0,1,49.0,10,Free,0.0,Everyone,Education;Education,"February 16, 2018",1.0,4.0.3 and up,,,,,Unknown,,,,
ClanHQ,COMMUNICATION,2.7,560,37.0,10000,Free,0.0,Everyone,Communication,"July 25, 2018",1.0.21,4.4 and up,,,,,Unknown,,,,
QuickShortcutMaker,PERSONALIZATION,4.6,41000,2.0,1000000,Free,0.0,Everyone,Personalization,"February 23, 2014",2.4.0,1.6 and up,,,,,Unknown,,,,
Iron Blade,GAME,4.4,161637,82.0,10000000,Free,0.0,Mature 17+,Action,"July 18, 2018",1.7.0m,4.0.3 and up,,,,,Unknown,,,,
Dungeon Boss – Strategy RPG,FAMILY,4.4,218881,37.0,5000000,Free,0.0,Everyone 10+,Role Playing,"March 28, 2018",0.5.10011,4.0.3 and up,,,,,Unknown,,,,
Questland: Turn Based RPG,FAMILY,4.6,31134,48.0,1000000,Free,0.0,Everyone 10+,Role Playing,"August 2, 2018",1.10.6,4.1 and up,,,,,Unknown,,,,
Order & Chaos 2: 3D MMO RPG,FAMILY,4.1,242722,54.0,10000000,Free,0.0,Teen,Role Playing,"July 9, 2018",3.1.2b,4.0.3 and up,,,,,Unknown,,,,
Dungeon Quest,FAMILY,4.5,244039,46.0,5000000,Free,0.0,Everyone 10+,Role Playing,"June 4, 2018",3.0.5.2,4.0 and up,,,,,Unknown,,,,
Dungeon Hunter 5 – Action RPG,FAMILY,4.2,720685,51.0,10000000,Free,0.0,Teen,Role Playing,"June 21, 2018",3.6.1a,4.0.3 and up,,,,,Unknown,,,,
"Grow Stone Online : 2d pixel RPG, MMORPG game",FAMILY,4.7,84389,48.0,1000000,Free,0.0,Everyone,Role Playing,"August 5, 2018",1.375,4.0.3 and up,,,,,Unknown,,,,
Evil Apples: A Dirty Card Game,GAME,4.3,137696,55.0,5000000,Free,0.0,Mature 17+,Word,"July 19, 2018",2.3.3,4.2 and up,,,,,Unknown,,,,
Knightfall™ AR,FAMILY,4.2,254,25.0,10000,Free,0.0,Teen,Strategy,"March 17, 2018",1.0,7.0 and up,,,,,Unknown,,,,
Ghost Snap AR Horror Survival,GAME,3.8,898,33.0,100000,Free,0.0,Teen,Adventure,"December 21, 2016",1.2.3.1,2.3 and up,,,,,Unknown,,,,
The Walking Dead: Our World,GAME,4.0,22435,100.0,1000000,Free,0.0,Teen,Action,"August 1, 2018",1.1.0.3,5.0 and up,,,,,Unknown,,,,
Sketchfab,FAMILY,4.3,906,9.2,50000,Free,0.0,Mature 17+,Entertainment,"March 9, 2018",0.46.0,4.4 and up,,,,,Unknown,,,,
Ingress,GAME,4.3,391325,43.0,10000000,Free,0.0,Everyone,Adventure,"June 20, 2018",1.131.2,4.0 and up,,,,,Unknown,,,,
My Tamagotchi Forever,FAMILY,4.3,28735,91.0,1000000,Free,0.0,Everyone,Casual,"August 1, 2018",1.12.0.1654,4.2 and up,,,,,Unknown,,,,
"Egg, Inc.",FAMILY,4.7,580160,29.0,5000000,Free,0.0,Everyone,Simulation,"June 13, 2018",1.7.5,4.0.3 and up,,,,,Unknown,,,,
Flat Pack,GAME,4.4,862,44.0,100000,Free,0.0,Everyone 10+,Action,"March 16, 2018",1.0.4,7.0 and up,,,,,Unknown,,,,
Crayola Color Blaster,GAME,3.8,17,30.0,1000,Free,0.0,Everyone,Arcade,"March 13, 2018",1.5,7.0 and up,,,,,Unknown,,,,
Guns of Boom - Online Shooter,GAME,4.6,1226514,99.0,10000000,Free,0.0,Teen,Action,"July 20, 2018",4.4.4,4.1 and up,,,,,Unknown,,,,
Guns Royale - Multiplayer Blocky Battle Royale,GAME,4.6,19070,90.0,100000,Free,0.0,Everyone 10+,Action,"August 4, 2018",1.0,Varies with device,,,,,Unknown,,,,
Build.com - Shop Home Improvement & Expert Advice,HOUSE_AND_HOME,4.5,118,72.0,50000,Free,0.0,Everyone,House & Home,"July 10, 2018",3.7.1,5.0 and up,,,,,Unknown,,,,
Wayfair - Shop All Things Home,SHOPPING,4.5,20247,47.0,5000000,Free,0.0,Everyone,Shopping,"August 3, 2018",4.70.30,4.1 and up,,,,,Unknown,,,,
Stack It AR,GAME,3.8,1363,26.0,100000,Free,0.0,Everyone,Arcade,"June 29, 2018",1.1.4,4.0 and up,,,,,Unknown,,,,
"ARuler - AR Ruler app, Measure tools",TOOLS,4.3,1602,5.0,100000,Free,0.0,Everyone,Tools,"August 3, 2018",1.1.7,7.0 and up,,,,,Unknown,,,,
Monster Park AR - Jurassic Dinosaurs in Real World,FAMILY,3.7,128,20.0,10000,Free,0.0,Everyone,Entertainment,"March 8, 2018",1.2.2.122,7.0 and up,,,,,Unknown,,,,
AR Remote Car,FAMILY,3.2,1354,30.0,100000,Free,0.0,Everyone,Simulation,"August 12, 2017",2.14,4.0 and up,,,,,Unknown,,,,
Solar System AR ( ARCore ),FAMILY,4.0,211,37.0,10000,Free,0.0,Everyone,Entertainment,"July 23, 2018",0.8.6,7.0 and up,,,,,Unknown,,,,
Super AR,FAMILY,3.8,410,28.0,10000,Free,0.0,Teen,Entertainment,"December 18, 2017",2.1,4.0 and up,,,,,Unknown,,,,
Spacecraft AR,FAMILY,4.4,83,85.0,10000,Free,0.0,Everyone,Education,"June 28, 2018",1.2,7.0 and up,,,,,Unknown,,,,
MCRAFT AR - EDITOR,FAMILY,3.4,131,22.0,5000,Free,0.0,Everyone,Simulation,"June 24, 2018",1.0,4.1 and up,,,,,Unknown,,,,
Jenga® AR,FAMILY,2.9,53,82.0,10000,Free,0.0,Everyone,Puzzle,"March 17, 2018",1.0.1,7.0 and up,,,,,Unknown,,,,
Nightenfell: Shared AR,GAME,4.5,20,65.0,1000,Paid,0.99,Everyone 10+,Action,"March 27, 2018",1.0.0,7.0 and up,,,,,Unknown,,,,
Portal AR - Step Into Scotland,TRAVEL_AND_LOCAL,3.7,25,43.0,5000,Free,0.0,Everyone,Travel & Local,"June 4, 2018",1.4,7.0 and up,,,,,Unknown,,,,
Arcraft - AR Sandbox,GAME,3.8,469,80.0,10000,Free,0.0,Everyone,Adventure,"May 19, 2017",1.4,4.0 and up,,,,,Unknown,,,,
Augment - 3D Augmented Reality,BUSINESS,4.1,25195,21.0,1000000,Free,0.0,Everyone,Business,"February 26, 2018",v3.4.0-3,4.0.3 and up,,,,,Unknown,,,,
Satellite AR,BOOKS_AND_REFERENCE,4.1,9636,0.093,1000000,Free,0.0,Everyone,Books & Reference,"September 22, 2011",2.4,2.1 and up,,,,,Unknown,,,,
Figment AR,FAMILY,3.7,22,90.0,5000,Free,0.0,Everyone,Entertainment,"July 10, 2018",1.0,7.0 and up,,,,,Unknown,,,,
AR Tank Battle,GAME,3.6,153,67.0,10000,Free,0.0,Everyone,Action,"December 31, 2016",1.3,4.0 and up,,,,,Unknown,,,,
Paint Space AR,FAMILY,3.0,17,32.0,1000,Free,0.0,Everyone,Entertainment,"March 7, 2018",1.1,7.0 and up,,,,,Unknown,,,,
"Just a Line - Draw Anywhere, with AR",FAMILY,4.1,1152,2.7,100000,Free,0.0,Everyone,Entertainment,"May 30, 2018",2.0.0,7.0 and up,,,,,Unknown,,,,
AR Toybox - Augmented Reality Demos,FAMILY,3.8,20,36.0,1000,Free,0.0,Everyone,Simulation,"August 17, 2017",1.0.2,4.1 and up,,,,,Unknown,,,,
"Mind Map AR, Augmented Reality ARCore Mind Mapping",PRODUCTIVITY,4.2,29,35.0,5000,Free,0.0,Everyone,Productivity,"July 26, 2018",1.23,7.0 and up,,,,,Unknown,,,,
【Miku AR Camera】Mikuture,FAMILY,4.4,36268,41.0,1000000,Free,0.0,Teen,Entertainment,"April 25, 2017",3.0.15,4.2 and up,,,,,Unknown,,,,
Summer Camp Island AR,FAMILY,3.6,740,71.0,50000,Free,0.0,Everyone,Simulation,"July 5, 2018",1.0.2,4.4 and up,,,,,Unknown,,,,
AR Sport Cars,FAMILY,3.6,284,70.0,10000,Free,0.0,Everyone,Simulation,"June 10, 2017",1.0,4.1 and up,,,,,Unknown,,,,
AS - News and sports results.,SPORTS,3.7,20879,22.0,1000000,Free,0.0,Everyone,Sports,"June 9, 2018",5.1.13,4.1 and up,,,,,Unknown,,,,
MARCA - Diario Líder Deportivo,SPORTS,3.9,76340,14.0,5000000,Free,0.0,Everyone,Sports,"July 25, 2018",6.3.3,4.1 and up,,,,,Unknown,,,,
AS Guía de las Ligas 2017-2018,SPORTS,4.1,4374,53.0,100000,Free,0.0,Everyone,Sports,"September 14, 2017",1.0.10,4.1 and up,,,,,Unknown,,,,
Sleep as Android Unlock,LIFESTYLE,4.5,23966,0.872,1000000,Paid,5.99,Everyone,Lifestyle,"June 27, 2018",20180608,4.0 and up,,,,,Unknown,,,,
Sleep as Android Gear Addon,HEALTH_AND_FITNESS,2.8,961,1.3,100000,Free,0.0,Everyone,Health & Fitness,"February 27, 2018",1.5,4.0 and up,,,,,Unknown,,,,
Sleep as Android Garmin Addon,HEALTH_AND_FITNESS,2.6,114,1.6,10000,Free,0.0,Everyone,Health & Fitness,"June 20, 2018",20180620,2.3 and up,,,,,Unknown,,,,
Sonic the Hedgehog™ Classic,GAME,4.4,125652,56.0,10000000,Free,0.0,Everyone,Action,"June 18, 2018",3.3.0,4.2 and up,,,,,Unknown,,,,
The Aether: Life as a God,FAMILY,4.1,1407,3.4,100000,Free,0.0,Everyone 10+,Role Playing,"March 12, 2018",1.0.5,4.0 and up,,,,,Unknown,,,,
CAPTCHA Pack for Sleep as Android,LIFESTYLE,4.0,448,3.1,50000,Free,0.0,Everyone,Lifestyle,"June 8, 2018",1.3,2.3 and up,,,,,Unknown,,,,
Pacific Navy Fighter C.E. (AS),GAME,4.3,11379,20.0,500000,Free,0.0,Everyone 10+,Arcade,"July 29, 2018",1.4,4.0.3 and up,,,,,Unknown,,,,
Lullaby Add-on for Sleep as Android,HEALTH_AND_FITNESS,3.9,2057,6.2,50000,Paid,1.99,Everyone,Health & Fitness,"October 18, 2017",2.4,4.0 and up,,,,,Unknown,,,,
Sleep as Microsoft Band Add-On,LIFESTYLE,3.5,28,0.121,1000,Free,0.0,Everyone,Lifestyle,"January 23, 2016",1.0.0.8,4.2 and up,,,,,Unknown,,,,
Ninja Turtles: Legends,FAMILY,4.3,344283,95.0,10000000,Free,0.0,Teen,Role Playing,"December 18, 2017",1.11.39,4.1 and up,,,,,Unknown,,,,
Timely Alarm Clock,LIFESTYLE,4.3,258717,9.4,10000000,Free,0.0,Everyone,Lifestyle,"September 25, 2017",1.3.1,4.0.3 and up,,,,,Unknown,,,,
My Boy! Free - GBA Emulator,GAME,4.3,531074,2.5,10000000,Free,0.0,Everyone,Arcade,"January 9, 2018",Varies with device,Varies with device,,,,,Unknown,,,,
Samsung Health,HEALTH_AND_FITNESS,4.3,480208,70.0,500000000,Free,0.0,Everyone,Health & Fitness,"July 31, 2018",5.17.2.009,5.0 and up,,,,,Unknown,,,,
WiFi Baby Monitor - NannyCam,VIDEO_PLAYERS,4.1,29867,1.7,5000000,Free,0.0,Everyone,Video Players & Editors,"May 24, 2017",3.1.0 (build 1210),2.3.3 and up,,,,,Unknown,,,,
Maleficent Free Fall,FAMILY,4.4,450013,37.0,10000000,Free,0.0,Everyone,Puzzle,"July 11, 2018",5.9.0,4.2 and up,,,,,Unknown,,,,
Star Wars™: Force Arena,FAMILY,4.4,228130,70.0,5000000,Free,0.0,Everyone 10+,Strategy,"July 19, 2018",3.1.4,4.1 and up,,,,,Unknown,,,,
PS4 Second Screen,FAMILY,2.4,11773,3.3,1000000,Free,0.0,Everyone,Entertainment,"June 13, 2018",18.6.2,4.1 and up,,,,,Unknown,,,,
Alarm Clock: Stopwatch & Timer,PRODUCTIVITY,4.5,870928,16.0,50000000,Free,0.0,Everyone,Productivity,"June 8, 2018",5.9.6,4.1 and up,,,,,Unknown,,,,
SAMURAI vs ZOMBIES DEFENSE,GAME,4.5,407788,19.0,5000000,Free,0.0,Everyone,Action,"July 18, 2013",3.4.0,2.1 and up,,,,,Unknown,,,,
Seen,FAMILY,4.5,118285,22.0,1000000,Free,0.0,Teen,Simulation,"May 24, 2018",1.2.1,4.1 and up,,,,,Unknown,,,,
AT&T THANKS®,FAMILY,3.4,2445,34.0,500000,Free,0.0,Everyone,Entertainment,"July 11, 2018",1.4.0,5.0 and up,,,,,Unknown,,,,
Galaxy at War Online,FAMILY,3.9,65119,46.0,1000000,Free,0.0,Everyone 10+,Strategy,"May 22, 2018",2.1.0,3.0 and up,,,,,Unknown,,,,
Kingdoms at War: Hardcore PVP,FAMILY,4.3,34898,92.0,1000000,Free,0.0,Teen,Strategy,"June 28, 2018",4.05,4.0.3 and up,,,,,Unknown,,,,
Five Nights at Freddy's 4 Demo,GAME,4.4,889425,45.0,10000000,Free,0.0,Teen,Action,"July 26, 2015",1.1,2.3 and up,,,,,Unknown,,,,
Five Nights at Freddy's 3 Demo,GAME,4.5,1041836,50.0,10000000,Free,0.0,Teen,Action,"April 2, 2015",1.07,2.3 and up,,,,,Unknown,,,,
Fandom: Five Nights at Freddys,FAMILY,4.4,17945,9.5,1000000,Free,0.0,Mature 17+,Entertainment,"June 6, 2018",2.9.8,4.4 and up,,,,,Unknown,,,,
Nights at Cube Pizzeria 3D – 2,GAME,4.0,47151,36.0,5000000,Free,0.0,Everyone 10+,Action,"December 26, 2017",2.4.0,4.3 and up,,,,,Unknown,,,,
World at War: WW2 Strategy MMO,FAMILY,4.3,107765,78.0,5000000,Free,0.0,Everyone 10+,Strategy,"May 25, 2018",3.1.9,4.1 and up,,,,,Unknown,,,,
Five Tries At Love Dating Sim,FAMILY,4.2,37165,22.0,1000000,Free,0.0,Teen,Simulation,"February 14, 2018",5.1.0,2.3 and up,,,,,Unknown,,,,
Rivals at War: 2084,FAMILY,4.0,174127,48.0,5000000,Free,0.0,Teen,Simulation,"October 3, 2016",1.3,3.0 and up,,,,,Unknown,,,,
Multiple Videos at Same Time,VIDEO_PLAYERS,4.4,4706,1.5,1000000,Free,0.0,Everyone,Video Players & Editors,"June 19, 2018",Z (Special Edition R9),4.4 and up,,,,,Unknown,,,,
Five Nights at Freddy's 2,FAMILY,4.6,73919,40.0,500000,Paid,2.99,Teen,Strategy,"November 15, 2014",1.07,2.3 and up,,,,,Unknown,,,,
Coloring Book at Five Nights,FAMILY,4.0,532,6.5,100000,Free,0.0,Everyone,Educational,"June 6, 2017",1.6,2.3 and up,,,,,Unknown,,,,
Rivals at War: Firefight,GAME,4.4,344819,51.0,5000000,Free,0.0,Teen,Action,"October 18, 2016",1.4,3.0 and up,,,,,Unknown,,,,
Five nights at Minecraft,FAMILY,3.5,9335,12.0,1000000,Free,0.0,Everyone,Entertainment,"November 26, 2017",1.2,4.0.3 and up,,,,,Unknown,,,,
Five Nights at Freddy's,GAME,4.6,100805,50.0,1000000,Paid,2.99,Teen,Action,"December 2, 2014",1.85,2.3 and up,,,,,Unknown,,,,
Nights at Cube Pizzeria 3D – 3,FAMILY,4.0,15875,40.0,1000000,Free,0.0,Teen,Simulation,"March 3, 2017",1.5,4.2 and up,,,,,Unknown,,,,
7 Nights at Pixel Pizzeria - 2,GAME,4.0,23168,54.0,1000000,Free,0.0,Teen,Adventure,"July 9, 2018",1.3.0,4.4 and up,,,,,Unknown,,,,
Nights at Slender Pizzeria 3D,GAME,4.1,2628,45.0,100000,Free,0.0,Teen,Adventure,"May 22, 2017",1.1,4.2 and up,,,,,Unknown,,,,
DIRECTV,FAMILY,4.1,235486,63.0,10000000,Free,0.0,Teen,Entertainment,"June 1, 2018",5.9.006,4.1 and up,,,,,Unknown,,,,
One Night at Golden Freddy's,GAME,3.3,2717,4.0,100000,Free,0.0,Teen,Action,"December 7, 2017",0.1,2.3 and up,,,,,Unknown,,,,
DIRECTV for Tablets,FAMILY,3.9,24123,69.0,1000000,Free,0.0,Teen,Entertainment,"June 1, 2018",5.9.006,4.1 and up,,,,,Unknown,,,,
Nights at Cube Pizzeria 3D – 4,GAME,4.1,7728,39.0,500000,Free,0.0,Teen,Adventure,"July 17, 2018",1.5.0,4.4 and up,,,,,Unknown,,,,
Five Nights at Neighbor House,GAME,4.2,2180,55.0,100000,Free,0.0,Everyone 10+,Action,"January 26, 2018",1.1.0,4.2 and up,,,,,Unknown,,,,
Asylum Night Shift - Five Nights Survival,GAME,4.0,59223,46.0,5000000,Free,0.0,Teen,Action,"June 26, 2018",1.6.5,4.1 and up,,,,,Unknown,,,,
Five Nights at Freddy's: SL,GAME,4.5,16162,99.0,100000,Paid,2.99,Teen,Action,"April 6, 2017",1.2,2.3 and up,,,,,Unknown,,,,
Two Nights at jumpscare,GAME,3.8,596,91.0,100000,Free,0.0,Teen,Adventure,"August 17, 2017",1.0,4.1 and up,,,,,Unknown,,,,
Five Nights at Pizzeria,GAME,3.5,1976,21.0,100000,Free,0.0,Teen,Action,"March 3, 2018",1.6,4.1 and up,,,,,Unknown,,,,
Block Battles: Heroes at War - Multiplayer PVP,GAME,4.3,6698,46.0,500000,Free,0.0,Everyone 10+,Action,"May 14, 2016",1.0.1,2.3 and up,,,,,Unknown,,,,
Five Nights at Freddy's 4,GAME,4.6,21266,45.0,100000,Paid,2.99,Teen,Action,"July 26, 2015",1.1,2.3 and up,,,,,Unknown,,,,
Five Nights at Flappy's,GAME,4.7,4041,24.0,10000,Free,0.0,Everyone,Arcade,"June 27, 2017",1.5.14,2.3.3 and up,,,,,Unknown,,,,
5 Nights at Cube Pizzeria City,GAME,3.8,2691,52.0,100000,Free,0.0,Teen,Adventure,"February 22, 2017",1.2,4.2 and up,,,,,Unknown,,,,
Five Nights at Freddy's 3,GAME,4.7,27856,50.0,100000,Paid,2.99,Teen,Action,"April 2, 2015",1.07,2.3 and up,,,,,Unknown,,,,
Undertale AU Amino,SOCIAL,4.8,5369,63.0,50000,Free,0.0,Teen,Social,"July 13, 2018",1.8.19106,4.0.3 and up,,,,,Unknown,,,,
au,FAMILY,3.2,9126,5.8,1000000,Free,0.0,Everyone,Strategy,"June 8, 2016",1.0.9,4.0 and up,,,,,Unknown,,,,
Au Mobile: Audition Chính Hiệu,GAME,3.9,85278,23.0,1000000,Free,0.0,Mature 17+,Music,"July 17, 2018",1.8.0716,4.0.3 and up,,,,,Unknown,,,,
AU Mobile Indonesia,GAME,3.6,16521,23.0,1000000,Free,0.0,Everyone,Music,"May 9, 2018",1.8.0502,2.3 and up,,,,,Unknown,,,,
Au Bon Pain,FOOD_AND_DRINK,3.7,70,26.0,10000,Free,0.0,Everyone,Food & Drink,"July 23, 2018",1.4,5.0 and up,,,,,Unknown,,,,
Au Pair Legend,LIFESTYLE,4.4,28,8.8,1000,Free,0.0,Everyone,Lifestyle,"July 19, 2018",3.5,5.0 and up,,,,,Unknown,,,,
Super Dancer,GAME,4.1,91667,27.0,1000000,Free,0.0,Everyone,Arcade,"July 24, 2018",3.3,2.3 and up,,,,,Unknown,,,,
AU Results - AU COE Corner,FAMILY,4.0,664,2.1,100000,Free,0.0,Everyone,Education,"December 14, 2017",2.2.5,4.1 and up,,,,,Unknown,,,,
"view.com.au - Buy, Rent or Research Real Estate",LIFESTYLE,3.1,212,12.0,50000,Free,0.0,Everyone,Lifestyle,"September 26, 2017",2.1.4,4.1 and up,,,,,Unknown,,,,
Au Weather Free,WEATHER,4.0,1185,5.0,100000,Free,0.0,Everyone,Weather,"June 18, 2018",2.47.2,2.3 and up,,,,,Unknown,,,,
BringGo AU & NZ,MAPS_AND_NAVIGATION,2.8,440,23.0,10000,Paid,0.99,Everyone,Maps & Navigation,"May 10, 2018",2.5.9,2.3.3 and up,,,,,Unknown,,,,
AU Spark,FAMILY,3.7,681,8.2,10000,Free,0.0,Everyone,Education,"August 1, 2018",5.06,4.4 and up,,,,,Unknown,,,,
Rugby AU,SPORTS,2.7,17,14.0,1000,Free,0.0,Everyone,Sports,"December 21, 2017",1.0.0,4.1 and up,,,,,Unknown,,,,
Learners Test Free: AU Driver Knowledge Test (DKT),FAMILY,3.9,623,8.5,100000,Free,0.0,Everyone,Education,"March 26, 2018",3.5,4.1 and up,,,,,Unknown,,,,
Au-allstar for KR,GAME,3.6,2433,47.0,100000,Free,0.0,Everyone,Music,"June 15, 2018",1.6.4,4.3 and up,,,,,Unknown,,,,
STUCOR - AU,FAMILY,4.5,1827,12.0,100000,Free,0.0,Everyone,Education,"June 5, 2018",1.3,4.1 and up,,,,,Unknown,,,,
loans.com.au Smart Money,FINANCE,3.5,30,17.0,1000,Free,0.0,Everyone,Finance,"May 27, 2018",1.4.0,4.1 and up,,,,,Unknown,,,,
AU Students Zone (Result 2016),FAMILY,4.0,97,3.9,10000,Free,0.0,Everyone,Education,"July 1, 2016",1.1,4.0 and up,,,,,Unknown,,,,
AU Results 2017 Auzone,FAMILY,3.8,762,4.1,100000,Free,0.0,Everyone,Education,"February 1, 2017",2.0,4.0 and up,,,,,Unknown,,,,
Au Pair,SOCIAL,3.6,58,15.0,10000,Free,0.0,Everyone,Social,"August 14, 2017",1.3.0,4.2 and up,,,,,Unknown,,,,
AU Call Blocker - Block Unwanted Calls Texts 2018,COMMUNICATION,4.2,16,3.3,1000,Free,0.0,Everyone,Communication,"April 24, 2018",1.0.4,4.1 and up,,,,,Unknown,,,,
realcommercial.com.au,BUSINESS,4.4,128,6.7,50000,Free,0.0,Everyone,Business,"June 26, 2018",2.6.1,5.0 and up,,,,,Unknown,,,,
Powershop AU,TOOLS,4.0,498,11.0,10000,Free,0.0,Everyone,Tools,"July 12, 2018",1.35.1,4.0.3 and up,,,,,Unknown,,,,
Australia Newspapers - AU News Apps,NEWS_AND_MAGAZINES,4.7,48,4.1,1000,Free,0.0,Everyone,News & Magazines,"July 8, 2018",7.0.0,4.0.3 and up,,,,,Unknown,,,,
Dance On Mobile,FAMILY,4.1,23609,31.0,1000000,Free,0.0,Teen,Casual,"April 13, 2018",1.26,4.0 and up,,,,,Unknown,,,,
Super Dancer VN,GAME,4.0,24312,25.0,500000,Free,0.0,Everyone,Music,"July 22, 2018",3.3,4.0.3 and up,,,,,Unknown,,,,
Neuvaine au Saint-Esprit,LIFESTYLE,4.7,57,5.8,10000,Free,0.0,Everyone,Lifestyle,"September 18, 2017",1.1,4.0 and up,,,,,Unknown,,,,
allhomes.com.au,HOUSE_AND_HOME,3.8,874,12.0,100000,Free,0.0,Everyone,House & Home,"August 1, 2018",5.13.1,4.3 and up,,,,,Unknown,,,,
Jobs in Canada - Emplois au Canada,BUSINESS,5.0,2,14.0,1000,Free,0.0,Teen,Business,"August 5, 2018",1.1,4.2 and up,,,,,Unknown,,,,
Predator Calls for Hunting AU,SPORTS,4.4,27,78.0,10000,Free,0.0,Everyone,Sports,"August 3, 2016",1.0,4.0.3 and up,,,,,Unknown,,,,
Love Dance,GAME,4.0,29462,44.0,1000000,Free,0.0,Teen,Music,"June 14, 2018",1.1.7,4.0 and up,,,,,Unknown,,,,
Avatar Musik,GAME,3.8,159063,85.0,1000000,Free,0.0,Everyone,Music,"February 9, 2018",0.8.0,4.0 and up,,,,,Unknown,,,,
Job'Of - Emploi au Cameroun,BUSINESS,4.1,294,9.8,10000,Free,0.0,Everyone,Business,"July 5, 2018",4.1.2,4.0 and up,,,,,Unknown,,,,
Mali 7 - Actualités au Mali,NEWS_AND_MAGAZINES,4.3,697,5.7,50000,Free,0.0,Everyone,News & Magazines,"April 8, 2017",2.4,4.1 and up,,,,,Unknown,,,,
Total AV,PRODUCTIVITY,3.4,617,46.0,100000,Free,0.0,Everyone,Productivity,"April 17, 2018",1.5.3,4.1 and up,,,,,Unknown,,,,
日本AV历史,BOOKS_AND_REFERENCE,4.1,215,30.0,10000,Free,0.0,Teen,Books & Reference,"March 6, 2018",1.2,4.0 and up,,,,,Unknown,,,,
AV Buddy Free,FAMILY,4.1,25,47.0,5000,Free,0.0,Everyone,Education,"March 8, 2017",1.2,4.1 and up,,,,,Unknown,,,,
AV HD Video Player,FAMILY,3.8,6,23.0,1000,Free,0.0,Everyone,Entertainment,"January 19, 2018",1.0,4.4 and up,,,,,Unknown,,,,
Avakin Life - 3D virtual world,FAMILY,4.4,1275373,91.0,10000000,Free,0.0,Teen,Role Playing,"July 3, 2018",1.021.10,4.1 and up,0.5704130434782608,0.31271014492753624,0.5740579710144927,0.11315942028985507,Positive,58.0,1.0,10.0,69.0
AV-IPTV,VIDEO_PLAYERS,4.4,43,44.0,1000,Free,0.0,Everyone,Video Players & Editors,"April 27, 2018",1.0,4.1 and up,,,,,Unknown,,,,
"HD Video Player (wmv,avi,mp4,flv,av,mpg,mkv)2017",VIDEO_PLAYERS,3.3,171,4.8,10000,Free,0.0,Everyone,Video Players & Editors,"August 10, 2017",1.1,4.1 and up,,,,,Unknown,,,,
Baby Monitor AV,COMMUNICATION,3.3,1434,9.5,100000,Free,0.0,Everyone,Communication,"March 6, 2014",1.2.5,2.3 and up,,,,,Unknown,,,,
HD Video Player - Video & MP3 Player | AV Player |,VIDEO_PLAYERS,4.4,22,19.0,5000,Free,0.0,Everyone,Video Players & Editors,"March 6, 2018",1.0.1,4.0 and up,,,,,Unknown,,,,
Remote for Onkyo AV Receivers & Smart TV/Blu-Ray,TOOLS,3.7,701,7.3,100000,Free,0.0,Everyone,Tools,"July 31, 2018",Cow V3.15,4.3 and up,,,,,Unknown,,,,
LG AV REMOTE,TOOLS,3.4,2420,1.8,1000000,Free,0.0,Everyone,Tools,"June 3, 2016",1.1.8,2.3.3 and up,,,,,Unknown,,,,
App Seguridad AV Villas,FINANCE,2.3,251,5.7,50000,Free,0.0,Everyone,Finance,"October 12, 2017",1.0.5,4.0 and up,,,,,Unknown,,,,
Gogo Vision (Biz Av),FAMILY,3.3,11,7.3,1000,Free,0.0,Teen,Entertainment,"August 23, 2017",3.4.0,4.1 and up,,,,,Unknown,,,,
Ai-Ball AV Recorder,PHOTOGRAPHY,2.7,90,4.0,5000,Paid,2.99,Everyone,Photography,"October 19, 2017",13,2.3.3 and up,,,,,Unknown,,,,
Norton Security and Antivirus,TOOLS,4.6,1170641,26.0,10000000,Free,0.0,Everyone,Tools,"July 26, 2018",4.2.1.4174,4.1 and up,,,,,Unknown,,,,
AV Pro Voice Changer,FAMILY,3.5,174,5.6,50000,Free,0.0,Everyone,Entertainment,"June 29, 2016",1.0.3,4.0 and up,,,,,Unknown,,,,
Remote For Pioneer AV Receivers and Blu-Ray,TOOLS,3.4,150,7.3,50000,Free,0.0,Everyone,Tools,"June 1, 2018",Cow V3.11,4.1 and up,,,,,Unknown,,,,
AV Phonetics,FAMILY,4.3,259,49.0,10000,Free,0.0,Everyone,Education,"February 22, 2017",1.3.2,4.0 and up,,,,,Unknown,,,,
AV MAX,LIFESTYLE,4.1,9,8.7,1000,Free,0.0,Everyone,Lifestyle,"July 18, 2018",7.2.2,4.1 and up,,,,,Unknown,,,,
Kaspersky Mobile Antivirus: AppLock & Web Security,TOOLS,4.7,2598579,49.0,50000000,Free,0.0,Everyone,Tools,"July 24, 2018",11.17.4.1024,4.1 and up,,,,,Unknown,,,,
"Mobile Security: Antivirus, Web Scan & App Lock",PRODUCTIVITY,4.4,574719,20.0,10000000,Free,0.0,Everyone,Productivity,"July 16, 2018",5.0.0.1442,4.1 and up,,,,,Unknown,,,,
MyAV Remote for Denon & Marantz AV Receivers,LIFESTYLE,3.8,250,7.3,50000,Free,0.0,Everyone,Lifestyle,"July 31, 2018",Cow V3.15,4.3 and up,,,,,Unknown,,,,
EML UPnP-AV Control Point,VIDEO_PLAYERS,3.0,78,0.322,10000,Free,0.0,Everyone,Video Players & Editors,"September 19, 2013",1.3,1.6 and up,,,,,Unknown,,,,
Kinot & Eichah for Tisha B'Av,BOOKS_AND_REFERENCE,4.4,98,6.3,10000,Free,0.0,Everyone,Books & Reference,"August 4, 2014",1.5,2.2 and up,,,,,Unknown,,,,
Samsung TV AV Guide 2016,TOOLS,4.2,27,3.4,5000,Free,0.0,Everyone,Tools,"May 17, 2016",1.1.6,4.0.3 and up,,,,,Unknown,,,,
Professional AV Solution & Products information,PRODUCTIVITY,4.5,24,22.0,1000,Free,0.0,Everyone,Productivity,"July 12, 2017",2.0.1,4.2 and up,,,,,Unknown,,,,
AV High School District,FAMILY,3.5,91,25.0,10000,Free,0.0,Everyone,Education,"April 5, 2018",5.2.002,4.1 and up,,,,,Unknown,,,,
Bitdefender Antivirus Free,TOOLS,4.5,78629,6.3,1000000,Free,0.0,Everyone,Tools,"July 20, 2018",3.4.406,4.0.3 and up,,,,,Unknown,,,,
Kinot Tisha'a Be'av - Ashkenaz,LIFESTYLE,4.5,82,8.7,5000,Free,0.0,Everyone,Lifestyle,"July 26, 2015",2.1,2.3.3 and up,,,,,Unknown,,,,
"Avast Cleanup & Boost, Phone Cleaner, Optimizer",TOOLS,4.5,648380,24.0,10000000,Free,0.0,Everyone,Tools,"August 1, 2018",4.6.4,4.1 and up,,,,,Unknown,,,,
Aw Restaurant,FAMILY,4.8,4,43.0,100,Free,0.0,Everyone,Casual,"February 6, 2018",1.0,4.0 and up,,,,,Unknown,,,,
AW Screen Recorder No Root,VIDEO_PLAYERS,4.3,1659,3.7,100000,Free,0.0,Everyone,Video Players & Editors,"July 6, 2017",1.1,5.0 and up,,,,,Unknown,,,,
A&W Restaurants,FOOD_AND_DRINK,1.7,14,13.0,1000,Free,0.0,Everyone,Food & Drink,"June 6, 2018",2.7.0,4.1 and up,,,,,Unknown,,,,
AW Tozer Devotionals - Daily,BOOKS_AND_REFERENCE,4.2,8,3.9,5000,Free,0.0,Everyone,Books & Reference,"October 7, 2016",1.0,2.3 and up,,,,,Unknown,,,,
Analog Clock AW Plus-7,TOOLS,4.2,725,3.0,100000,Free,0.0,Everyone,Tools,"March 14, 2018",2.0,4.3 and up,,,,,Unknown,,,,
Analog Clock AW-7,TOOLS,4.3,2158,3.0,100000,Free,0.0,Everyone,Tools,"March 7, 2018",2.0,4.3 and up,,,,,Unknown,,,,
Armored Warfare: Assault,GAME,4.0,7718,46.0,100000,Free,0.0,Everyone,Action,"August 2, 2018",1.0-a22936.127,5.0 and up,,,,,Unknown,,,,
Watch AW-7,TOOLS,4.2,249,3.0,50000,Free,0.0,Everyone,Tools,"March 17, 2018",2.0,4.3 and up,,,,,Unknown,,,,
AW TeamUp,NEWS_AND_MAGAZINES,4.6,9,17.0,500,Free,0.0,Everyone,News & Magazines,"June 4, 2018",1.0.3,4.1 and up,,,,,Unknown,,,,
Auction Wars : Storage King,GAME,4.1,29062,63.0,1000000,Free,0.0,Everyone,Casino,"September 15, 2017",2.10,2.3 and up,,,,,Unknown,,,,
AW Training,FAMILY,4.6,11,17.0,1000,Free,0.0,Everyone,Education,"July 5, 2018",3.3.2,4.0.3 and up,,,,,Unknown,,,,
Digital Clock AW-7,TOOLS,4.1,484,2.9,100000,Free,0.0,Everyone,Tools,"March 6, 2018",2.0,4.3 and up,,,,,Unknown,,,,
Analog and Digital Clock AW-7,TOOLS,4.0,202,2.9,50000,Free,0.0,Everyone,Tools,"March 15, 2018",2.0,4.3 and up,,,,,Unknown,,,,
Analog Clock AW-7 PRO,TOOLS,3.3,40,2.7,1000,Paid,1.99,Everyone,Tools,"March 7, 2018",2.0,4.3 and up,,,,,Unknown,,,,
AW Browser with Chrome Custom Tabs,TOOLS,4.0,9,4.7,500,Free,0.0,Everyone,Tools,"May 17, 2018",2.7,6.0 and up,,,,,Unknown,,,,
Roman Clock AW-7,TOOLS,4.4,52,3.0,5000,Free,0.0,Everyone,Tools,"March 17, 2018",2.0,4.3 and up,,,,,Unknown,,,,
Square Analog Clock AW-7,TOOLS,4.2,294,3.0,50000,Free,0.0,Everyone,Tools,"March 10, 2018",2.0,4.3 and up,,,,,Unknown,,,,
AirWatch Agent,BUSINESS,3.1,20973,31.0,5000000,Free,0.0,Everyone,Business,"August 1, 2018",8.2.0.84,4.0 and up,,,,,Unknown,,,,
Tozer Devotional -Series 1,BOOKS_AND_REFERENCE,5.0,5,4.3,1000,Free,0.0,Everyone,Books & Reference,"October 8, 2016",1.0,2.3 and up,,,,,Unknown,,,,
Modern Action Commando 3D,GAME,4.2,492,63.0,100000,Free,0.0,Teen,Action,"April 6, 2017",1.0,4.0.3 and up,,,,,Unknown,,,,
HCP Anywhere,BUSINESS,4.7,114,8.6,5000,Free,0.0,Everyone,Business,"March 30, 2018",3.1.0.2,4.3 and up,,,,,Unknown,,,,
Call of Duty®: Heroes,GAME,4.4,1604146,57.0,10000000,Free,0.0,Teen,Action,"June 27, 2018",4.8.0,4.1 and up,,,,,Unknown,,,,
Amber Weather,WEATHER,4.4,260137,13.0,10000000,Free,0.0,Everyone 10+,Weather,"July 16, 2018",3.8.1,4.1 and up,,,,,Unknown,,,,
Advanced Warfare Guns,FAMILY,2.9,2079,5.6,100000,Free,0.0,Everyone,Entertainment,"June 6, 2015",1.2.2,3.0 and up,,,,,Unknown,,,,
The Pursuit of God,BOOKS_AND_REFERENCE,4.8,6,1.6,1000,Free,0.0,Everyone,Books & Reference,"February 14, 2017",5.0,3.0 and up,,,,,Unknown,,,,
Food-Aw - Order Food Online in Aruba,FOOD_AND_DRINK,5.0,1,24.0,100,Free,0.0,Everyone,Food & Drink,"April 5, 2018",10,4.1 and up,,,,,Unknown,,,,
F05WatchFace for Android Wear,PRODUCTIVITY,3.9,127,5.9,1000,Paid,0.99,Everyone,Productivity,"December 24, 2017",7.0.1,4.3 and up,,,,,Unknown,,,,
Anime Expo 2018,FAMILY,4.7,54,44.0,10000,Free,0.0,Everyone,Entertainment,"June 8, 2018",2.1,5.0 and up,,,,,Unknown,,,,
Adventure Xpress,FAMILY,4.2,24775,30.0,100000,Free,0.0,Everyone 10+,Puzzle,"October 12, 2015",1.2.1,2.3.3 and up,,,,,Unknown,,,,
AXE.IO - Brutal Survival Battleground,GAME,4.2,3845,76.0,500000,Free,0.0,Everyone 10+,Arcade,"August 3, 2018",1.6.1,4.1 and up,,,,,Unknown,,,,
Dynamics AX,BUSINESS,3.7,244,0.976,10000,Free,0.0,Everyone,Business,"October 26, 2015",3.3,2.3.3 and up,,,,,Unknown,,,,
AX Player -Nougat Video Player,VIDEO_PLAYERS,4.1,15765,10.0,1000000,Free,0.0,Everyone,Video Players & Editors,"September 12, 2014",2.0,2.2 and up,,,,,Unknown,,,,
Armani Exchange Connected,LIFESTYLE,4.1,305,44.0,10000,Free,0.0,Everyone,Lifestyle,"July 4, 2017",1.5.0,4.4 and up,,,,,Unknown,,,,
Axe Champ,GAME,3.8,141,19.0,10000,Free,0.0,Everyone,Arcade,"May 26, 2018",1.0.6,4.1 and up,,,,,Unknown,,,,
AX Battery Saver,FINANCE,4.6,4546,3.0,100000,Free,0.0,Everyone,Finance,"February 8, 2018",1.2.3,4.0 and up,,,,,Unknown,,,,
Axe Champion,GAME,4.4,21,15.0,5000,Free,0.0,Everyone,Arcade,"May 28, 2018",0.1,4.1 and up,,,,,Unknown,,,,
Vikings Stickman Axe Fighting,GAME,4.2,924,43.0,100000,Free,0.0,Everyone,Arcade,"October 21, 2017",1.5.2,3.0 and up,,,,,Unknown,,,,
AX Video Player,VIDEO_PLAYERS,4.4,569,2.6,50000,Free,0.0,Everyone,Video Players & Editors,"November 11, 2015",1.0.9,3.0 and up,,,,,Unknown,,,,
Axetatic - Axe Throwing Game,GAME,4.6,29,31.0,1000,Free,0.0,Everyone 10+,Arcade,"October 22, 2017",1.3.3,4.2 and up,,,,,Unknown,,,,
Axe Champs! Wars,GAME,5.0,8,25.0,50,Free,0.0,Everyone,Arcade,"June 26, 2018",1.1,4.1 and up,,,,,Unknown,,,,
Axe Knight,GAME,4.5,52,33.0,5000,Free,0.0,Everyone,Action,"June 26, 2018",1.0.5,4.1 and up,,,,,Unknown,,,,
Axxess AX-DSP,TOOLS,3.5,17,7.4,5000,Free,0.0,Everyone,Tools,"June 4, 2018",3_1,4.4 and up,,,,,Unknown,,,,
Axxess Updater,TOOLS,3.9,56,2.3,10000,Free,0.0,Everyone,Tools,"December 19, 2016",1.3.2,3.1 and up,,,,,Unknown,,,,
The Vikings,GAME,4.4,15806,42.0,1000000,Free,0.0,Teen,Arcade,"June 6, 2018",1.0.7,4.1 and up,,,,,Unknown,,,,
Knife&Axe Throwing,GAME,3.1,440,9.1,50000,Free,0.0,Everyone,Arcade,"November 26, 2012",1.0.6,2.1 and up,,,,,Unknown,,,,
Stickman and Axe,GAME,4.4,69,2.8,50000,Free,0.0,Teen,Action,"November 25, 2017",1.0,4.0.3 and up,,,,,Unknown,,,,
Q7 SmartWatch,HEALTH_AND_FITNESS,3.0,94,30.0,10000,Free,0.0,Everyone,Health & Fitness,"July 9, 2018",1.0.2,4.3 and up,,,,,Unknown,,,,
Axe Man,GAME,3.7,53,14.0,1000,Free,0.0,Everyone,Adventure,"February 23, 2015",3.0,2.3.3 and up,,,,,Unknown,,,,
Throw Knife,FAMILY,3.7,291,37.0,100000,Free,0.0,Everyone,Simulation,"September 14, 2017",2.04,4.1 and up,,,,,Unknown,,,,
Dead Zombie Evil Killer:Axe,GAME,3.9,71,52.0,10000,Free,0.0,Teen,Action,"December 1, 2016",1.1,2.3 and up,,,,,Unknown,,,,
INTERACTIVE CALCULUS FOR MATHS AND PHYSICS,FAMILY,4.8,53,4.4,1000,Free,0.0,Everyone,Education,"February 28, 2018",1.3,4.0.3 and up,,,,,Unknown,,,,
Zlax.io Zombs Luv Ax,GAME,4.6,6344,32.0,500000,Free,0.0,Everyone,Action,"April 4, 2018",1.7,4.1 and up,,,,,Unknown,,,,
AX Selfie,LIFESTYLE,4.6,10,3.4,500,Free,0.0,Everyone,Lifestyle,"August 31, 2015",1.0.0,4.0 and up,,,,,Unknown,,,,
Ax 3 Domaines,SPORTS,4.5,12,23.0,1000,Free,0.0,Everyone,Sports,"January 26, 2018",5.0.3,4.2 and up,,,,,Unknown,,,,
Clash of Axe: Flippy Lumberjack Action X,GAME,4.3,6,61.0,1000,Free,0.0,Everyone,Action,"September 14, 2017",1.2,4.0 and up,,,,,Unknown,,,,
Flippy Axe : Flip The Knife & Axe Simulator,GAME,5.0,7,15.0,100,Free,0.0,Everyone,Arcade,"September 27, 2017",1.1,4.2 and up,,,,,Unknown,,,,
Axe Clicker,FAMILY,4.3,10446,64.0,500000,Free,0.0,Everyone,Casual,"July 13, 2018",1.0.142,4.0.3 and up,,,,,Unknown,,,,
Axe Wallpaper,PERSONALIZATION,4.7,9,12.0,100,Free,0.0,Teen,Personalization,"February 3, 2017",2.6,4.0 and up,,,,,Unknown,,,,
Woodman Deluxe,GAME,4.0,82,4.4,5000,Free,0.0,Everyone,Action,"July 6, 2015",1.0.2,2.3 and up,,,,,Unknown,,,,
Ay,VIDEO_PLAYERS,3.8,11,3.6,5000,Free,0.0,Teen,Video Players & Editors,"May 4, 2018",1.0.261,2.3 and up,,,,,Unknown,,,,
A-Y Collection,SHOPPING,5.0,2,2.9,100,Free,0.0,Teen,Shopping,"February 16, 2018",1.2,4.1 and up,,,,,Unknown,,,,
AY Sing,BOOKS_AND_REFERENCE,4.8,111,10.0,5000,Free,0.0,Everyone,Books & Reference,"May 21, 2018",1.6.2,4.1 and up,,,,,Unknown,,,,
Ay Up,FAMILY,4.5,11,7.2,100,Free,0.0,Everyone,Entertainment,"October 27, 2015",3.0.0,2.1 and up,,,,,Unknown,,,,
"AY Recorder - Screen Recorder, Live, Video Editor",TOOLS,4.3,12,3.8,500,Free,0.0,Everyone,Tools,"May 15, 2017",2.2,5.0 and up,,,,,Unknown,,,,
camera zoom moon,PHOTOGRAPHY,3.7,1213,1.1,500000,Free,0.0,Everyone,Photography,"January 23, 2018",1.06,2.3 and up,,,,,Unknown,,,,
Ay Hasnain k Nana Milad Naat,BOOKS_AND_REFERENCE,4.3,72,1.9,10000,Free,0.0,Everyone,Books & Reference,"December 21, 2015",1.0,2.3 and up,,,,,Unknown,,,,
¡Ay Metro!,GAME,3.8,489,36.0,10000,Free,0.0,Everyone 10+,Arcade,"March 17, 2015",1.0.3.1,4.0 and up,,,,,Unknown,,,,
Pinoy Kid Song Ako ay may Lobo,FAMILY,4.6,23,17.0,10000,Free,0.0,Everyone,Education,"September 12, 2016",1.0,2.2 and up,,,,,Unknown,,,,
Ay Mohabbat Teri Khatir Novel,BOOKS_AND_REFERENCE,4.2,27,4.3,10000,Free,0.0,Everyone,Books & Reference,"January 30, 2018",1.0,4.0 and up,,,,,Unknown,,,,
Quran Khmer Offline AY,FAMILY,5.0,41,4.0,1000,Free,0.0,Everyone,Education,"December 13, 2017",10.6,4.2 and up,,,,,Unknown,,,,
Sun & Moon AR Locator,WEATHER,3.3,115,5.1,10000,Free,0.0,Everyone,Weather,"February 23, 2017",1.4,4.1 and up,,,,,Unknown,,,,
Display Phone Screen On TV,TOOLS,3.6,9895,2.7,1000000,Free,0.0,Everyone,Tools,"February 3, 2017",2.0,4.2 and up,,,,,Unknown,,,,
San Andreas Crime Stories,GAME,4.0,162530,97.0,10000000,Free,0.0,Mature 17+,Racing,"July 2, 2018",1.0.0.0,4.1 and up,,,,,Unknown,,,,
Masha and The Bear,FAMILY,4.0,39779,19.0,5000000,Free,0.0,Everyone,Video Players & Editors;Music & Video,"August 5, 2016",4.0.1,4.0.3 and up,,,,,Unknown,,,,
Miami crime simulator,GAME,4.0,254518,100.0,10000000,Free,0.0,Mature 17+,Action,"July 9, 2018",2.0,4.0 and up,,,,,Unknown,,,,
Strange Hero: Future Battle,GAME,4.2,88901,73.0,10000000,Free,0.0,Teen,Action,"May 24, 2018",11.0.0,4.0 and up,,,,,Unknown,,,,
Gangster Town: Vice District,FAMILY,4.3,65146,100.0,10000000,Free,0.0,Mature 17+,Simulation,"May 31, 2018",2.1,4.0 and up,,,,,Unknown,,,,
iMediaShare – Photos & Music,VIDEO_PLAYERS,4.2,104551,18.0,10000000,Free,0.0,Everyone,Video Players & Editors,"December 19, 2017",1.0.10,2.2 and up,,,,,Unknown,,,,
Earth & Moon in HD Gyro 3D Parallax Live Wallpaper,PERSONALIZATION,4.5,66321,18.0,5000000,Free,0.0,Everyone,Personalization,"June 11, 2018",2.4,4.1 and up,,,,,Unknown,,,,
Mad Day - Truck Distance Game,GAME,4.3,29270,44.0,5000000,Free,0.0,Everyone,Action,"July 25, 2018",1.4.3,4.0.3 and up,,,,,Unknown,,,,
AZ Browser. Private & Download,COMMUNICATION,4.4,1520,5.2,100000,Free,0.0,Everyone,Communication,"December 31, 2016",1.4,4.4 and up,,,,,Unknown,,,,
AZ Lottery Players Club,FAMILY,4.2,97,8.9,10000,Free,0.0,Everyone,Entertainment,"July 9, 2018",2.0.0(9),4.0.3 and up,,,,,Unknown,,,,
AZ Plugin 2 (newest),LIBRARIES_AND_DEMO,4.2,11087,34.0,1000000,Free,0.0,Everyone,Libraries & Demo,"March 16, 2017",4.1.4,5.0 and up,,,,,Unknown,,,,
Kids A-Z,FAMILY,4.2,26426,30.0,1000000,Free,0.0,Everyone,Education;Education,"August 2, 2018",4.1.0,4.4 and up,,,,,Unknown,,,,
AZ Camera - Manual Pro Cam,PHOTOGRAPHY,3.4,2332,1.6,100000,Free,0.0,Everyone,Photography,"August 28, 2015",2.2,5.0 and up,,,,,Unknown,,,,
A-Z App Store,PRODUCTIVITY,3.2,2728,4.4,500000,Free,0.0,Everyone,Productivity,"October 5, 2016",1.0.5,4.1 and up,,,,,Unknown,,,,
AZ Screen Recorder pro,TOOLS,4.0,60,3.7,5000,Free,0.0,Everyone,Tools,"March 19, 2018",1.0,5.0 and up,,,,,Unknown,,,,
Permit Test AZ Arizona MVD DOT,FAMILY,4.6,227,11.0,10000,Free,0.0,Everyone,Education,"October 12, 2017",2.9.0,4.1 and up,,,,,Unknown,,,,
AZ PLAYER HD,TOOLS,3.2,24,4.7,10000,Free,0.0,Everyone,Tools,"April 11, 2016",1.0,2.2 and up,,,,,Unknown,,,,
Long Realty AZ Home Search,LIFESTYLE,4.4,132,33.0,10000,Free,0.0,Everyone,Lifestyle,"March 6, 2018",5.805.180306,4.1 and up,,,,,Unknown,,,,
NB|AZ Mobile Banking,FINANCE,4.0,463,13.0,10000,Free,0.0,Everyone,Finance,"April 5, 2018",4.2.31,4.2 and up,,,,,Unknown,,,,
Movie Downloader Torrent : Az Torrent,VIDEO_PLAYERS,4.7,70,14.0,1000,Free,0.0,Everyone,Video Players & Editors,"July 7, 2018",1.9,4.1 and up,,,,,Unknown,,,,
AZ Immune Related AEManagement,MEDICAL,3.7,3,7.3,500,Free,0.0,Everyone,Medical,"May 24, 2018",1.4,3.2 and up,,,,,Unknown,,,,
AZ Rockets,GAME,4.2,162,37.0,10000,Free,0.0,Everyone,Arcade,"May 25, 2018",1.2.1,4.1 and up,,,,,Unknown,,,,
NB|AZ Business Mobile Banking,FINANCE,4.1,44,13.0,1000,Free,0.0,Everyone,Finance,"April 5, 2018",4.2.31,4.2 and up,,,,,Unknown,,,,
Az Content,FAMILY,3.5,24,13.0,10000,Free,0.0,Everyone,Entertainment,"June 5, 2018",1.0.15,4.1 and up,,,,,Unknown,,,,
Catalyst AZ,FAMILY,4.8,12,8.4,500,Free,0.0,Teen,Education,"June 27, 2018",3.8.0,4.1 and up,,,,,Unknown,,,,
Casino AZ/Talking Stick Resort,TRAVEL_AND_LOCAL,4.3,201,45.0,10000,Free,0.0,Everyone,Travel & Local,"July 16, 2018",7.9.2.6,4.4 and up,,,,,Unknown,,,,
Graffiti Letters (A-Z),LIFESTYLE,3.9,386,7.9,50000,Free,0.0,Everyone,Lifestyle,"February 18, 2017",2.1.5,4.0 and up,,,,,Unknown,,,,
First Credit Union (AZ) Mobile,FINANCE,3.5,100,11.0,10000,Free,0.0,Everyone,Finance,"June 13, 2017",3.0.830,4.0 and up,,,,,Unknown,,,,
Arizona Mobile,FAMILY,4.3,285,6.2,10000,Free,0.0,Everyone,Education,"November 7, 2017",4.7,4.1 and up,,,,,Unknown,,,,
AZ Mobile Gizmo,BUSINESS,4.4,16,3.7,1000,Free,0.0,Everyone,Business,"April 2, 2018",3.4.4,4.2 and up,,,,,Unknown,,,,
Az Video Status,FAMILY,4.8,13,6.0,100,Free,0.0,Everyone,Entertainment,"August 2, 2018",1.0.4,4.1 and up,,,,,Unknown,,,,
"Arizona Statutes, ARS (AZ Law)",BOOKS_AND_REFERENCE,3.9,9,8.8,1000,Free,0.0,Everyone,Books & Reference,"October 18, 2017",1.6,4.4 and up,,,,,Unknown,,,,
Explore Sedona & Northern AZ,TRAVEL_AND_LOCAL,3.8,43,22.0,10000,Free,0.0,Everyone,Travel & Local,"March 7, 2017",16.51.1,2.3 and up,,,,,Unknown,,,,
Arizona DMV Permit Test - AZ,FAMILY,4.2,109,30.0,10000,Free,0.0,Everyone,Education,"February 15, 2018",6.0.3,4.4 and up,,,,,Unknown,,,,
Oxford A-Z of English Usage,BOOKS_AND_REFERENCE,4.0,5300,11.0,1000000,Free,0.0,Everyone,Books & Reference,"November 28, 2017",9.1.284,4.1 and up,,,,,Unknown,,,,
Cures A-Z,HEALTH_AND_FITNESS,4.0,265,4.1,100000,Free,0.0,Everyone,Health & Fitness,"August 13, 2015",2.1,3.0 and up,,,,,Unknown,,,,
AZ Practice Test & Questions,FAMILY,4.4,13,3.4,1000,Free,0.0,Everyone,Education,"March 23, 2017",1.0,2.3.3 and up,,,,,Unknown,,,,
Arizona Trail,TRAVEL_AND_LOCAL,4.7,65,13.0,5000,Free,0.0,Everyone,Travel & Local,"April 6, 2017",6.0.19,4.1 and up,,,,,Unknown,,,,
Ultrasound A-Z,FAMILY,4.5,112,39.0,10000,Free,0.0,Everyone,Education,"June 5, 2018",1.5,4.0 and up,,,,,Unknown,,,,
A-Z Punjabi Songs & Music Videos 2018,FAMILY,4.3,367,5.1,100000,Free,0.0,Everyone,Entertainment,"May 17, 2018",1.0.19,4.1 and up,,,,,Unknown,,,,
Barista Coffee Dictionary A-Z,LIFESTYLE,4.3,127,5.5,10000,Free,0.0,Everyone,Lifestyle,"June 3, 2016",3.0.0,4.1 and up,,,,,Unknown,,,,
Phoenix and Arizona Cameras,TRAVEL_AND_LOCAL,4.1,134,5.3,10000,Free,0.0,Everyone,Travel & Local,"June 20, 2018",6.3.4,4.0.3 and up,,,,,Unknown,,,,
AZ REMOTE CONTROL,TOOLS,2.1,149,2.8,50000,Free,0.0,Everyone,Tools,"March 28, 2016",1.9,3.2 and up,,,,,Unknown,,,,
Greater London A-Z 2016,TRAVEL_AND_LOCAL,3.7,40,9.0,1000,Paid,8.49,Everyone,Travel & Local,"August 18, 2016",1.0.1,4.1 and up,,,,,Unknown,,,,
Ba Financial Calculator plus,FINANCE,4.4,31,0.206,1000,Paid,3.99,Everyone,Finance,"July 15, 2018",2.9.1,2.1 and up,,,,,Unknown,,,,
Financial Calculator BA Chien.,FINANCE,4.2,23,0.954,500,Paid,3.99,Everyone,Finance,"December 14, 2016",1.9.10,3.0 and up,,,,,Unknown,,,,
BA4You,BUSINESS,2.1,87,26.0,5000,Free,0.0,Everyone,Business,"April 26, 2018",1.6.0.0,4.0 and up,,,,,Unknown,,,,
BA Pro Financial Calculator,FINANCE,2.4,36,9.4,1000,Paid,1.99,Everyone,Finance,"November 16, 2015",1.3.3,2.3 and up,,,,,Unknown,,,,
BA Calculator,PRODUCTIVITY,4.1,22,2.4,5000,Free,0.0,Everyone,Productivity,"July 22, 2018",1.2.1,4.0.3 and up,,,,,Unknown,,,,
ba,FAMILY,3.1,1734,5.8,500000,Free,0.0,Everyone,Strategy,"June 8, 2016",1.0.3,4.0 and up,,,,,Unknown,,,,
Ra Ga Ba,GAME,5.0,2,20.0,1,Paid,1.49,Everyone,Arcade,"February 8, 2017",1.0.4,2.3 and up,,,,,Unknown,,,,
Ba Cristi,GAME,3.5,196,35.0,10000,Free,0.0,Everyone,Adventure,"March 22, 2016",1.0.4,2.3 and up,,,,,Unknown,,,,
Ba ba black sheep offline Video,PARENTING,4.2,20,17.0,10000,Free,0.0,Everyone,Parenting,"July 2, 2017",1.1,4.0.3 and up,,,,,Unknown,,,,
Goody.ba,FAMILY,4.7,303,42.0,10000,Free,0.0,Everyone,Entertainment,"July 22, 2018",2.0.5,4.1 and up,,,,,Unknown,,,,
Learn alif ba ta,FAMILY,4.8,23,35.0,10000,Free,0.0,Everyone,Educational;Education,"November 28, 2017",1.0.2,2.3 and up,,,,,Unknown,,,,
Arabic Alif Ba Ta For Kids,FAMILY,4.5,226,26.0,100000,Free,0.0,Everyone,Education;Education,"May 30, 2017",1.0.0,2.3 and up,,,,,Unknown,,,,
Arabic Alphabet Alif Ba Ta Wooden Blocks,FAMILY,4.6,66,17.0,10000,Free,0.0,Everyone,Educational;Education,"February 25, 2018",1.0.0,2.3 and up,,,,,Unknown,,,,
Let's Learn Alif Ba Ta,FAMILY,4.6,32,60.0,10000,Free,0.0,Everyone,Education,"November 29, 2017",6,4.0.3 and up,,,,,Unknown,,,,
Sufara.ba,FAMILY,4.9,285,25.0,10000,Free,0.0,Everyone,Education,"January 5, 2018",1.0.5,4.4 and up,,,,,Unknown,,,,
Elif Ba - Learn The Holy Quran,FAMILY,4.8,1491,38.0,50000,Free,0.0,Everyone,Education,"October 31, 2017",1.3,4.1 and up,,,,,Unknown,,,,
Instant Ba-dum-tss,FAMILY,4.0,13,2.0,1000,Free,0.0,Everyone,Entertainment,"September 23, 2015",1.0,1.6 and up,,,,,Unknown,,,,
Ba Zi Fortune,LIFESTYLE,3.9,592,2.5,100000,Free,0.0,Everyone,Lifestyle,"January 2, 2018",1.0.23,2.3 and up,,,,,Unknown,,,,
BA VPN - Free Unlimited VPN,FAMILY,4.1,181,9.2,10000,Free,0.0,Everyone,Entertainment,"June 14, 2018",1.2.1,5.0 and up,,,,,Unknown,,,,
Ba dum tss - Rimshot widget,COMICS,4.1,690,0.444,50000,Free,0.0,Everyone,Comics,"September 29, 2015",1.2.3,2.2 and up,,,,,Unknown,,,,
Alif Ba Ta Song - Arabic Kids,FAMILY,4.5,227,15.0,50000,Free,0.0,Everyone,Educational;Education,"February 24, 2018",1.0,2.3 and up,,,,,Unknown,,,,
Fitness Dance for Zum.ba Workout Exercise,HEALTH_AND_FITNESS,4.2,287,12.0,50000,Free,0.0,Everyone,Health & Fitness,"July 30, 2018",1.8,4.2 and up,,,,,Unknown,,,,
Cafe.ba,NEWS_AND_MAGAZINES,4.0,677,4.4,10000,Free,0.0,Everyone,News & Magazines,"June 7, 2017",5.5.2,4.0 and up,,,,,Unknown,,,,
058.ba,NEWS_AND_MAGAZINES,4.4,27,14.0,100,Free,0.0,Everyone,News & Magazines,"July 6, 2018",1.0,4.2 and up,,,,,Unknown,,,,
Loreal - BA Makeup,TOOLS,1.9,8,6.7,1000,Free,0.0,Everyone,Tools,"April 18, 2018",1.1.1,4.0.3 and up,,,,,Unknown,,,,
Elif Ba Oyunu,TOOLS,3.7,26,2.2,5000,Free,0.0,Everyone,Tools,"November 2, 2015",1.1,2.3 and up,,,,,Unknown,,,,
Klix.ba,NEWS_AND_MAGAZINES,4.0,3647,5.7,100000,Free,0.0,Everyone,News & Magazines,"February 25, 2017",4.1.1,4.0 and up,,,,,Unknown,,,,
PBA® Bowling Challenge,SPORTS,4.3,242096,87.0,10000000,Free,0.0,Everyone,Sports,"August 2, 2018",3.4.4,4.1 and up,,,,,Unknown,,,,
Avios for Android,TRAVEL_AND_LOCAL,2.5,862,30.0,100000,Free,0.0,Everyone,Travel & Local,"April 10, 2018",7.8.0,5.0 and up,,,,,Unknown,,,,
Banana Kong,GAME,4.4,3452530,68.0,100000000,Free,0.0,Everyone,Action,"February 7, 2018",1.9.6.6,4.0.3 and up,,,,,Unknown,,,,
Elifba Quran Learning Game,FAMILY,4.7,1424,19.0,100000,Free,0.0,Everyone,Educational,"June 7, 2018",2.2,4.1 and up,,,,,Unknown,,,,
Space Shooter : Galaxy Attack,GAME,4.6,169661,40.0,10000000,Free,0.0,Everyone,Arcade,"August 1, 2018",1.246,4.1 and up,,,,,Unknown,,,,
Hunt Buddy BC,SPORTS,4.4,172,49.0,5000,Paid,2.99,Everyone,Sports,"July 10, 2018",1.5,4.0.3 and up,,,,,Unknown,,,,
"Survival Mobile:10,000 BC",FAMILY,4.3,7441,52.0,500000,Free,0.0,Everyone 10+,Strategy,"August 2, 2018",0.1.801,2.3 and up,,,,,Unknown,,,,
iHunter BC,SPORTS,4.4,55,63.0,1000,Paid,4.49,Everyone,Sports,"August 3, 2018",2.0.38,4.0.3 and up,,,,,Unknown,,,,
iFish BC,SPORTS,3.6,25,6.0,1000,Paid,3.99,Everyone,Sports,"February 18, 2015",2.1,2.3 and up,,,,,Unknown,,,,
BC Connect,FAMILY,3.8,11,17.0,1000,Free,0.0,Everyone,Education,"March 14, 2018",2.6.12,4.1 and up,,,,,Unknown,,,,
Ice Crush 10.000 B.C.,FAMILY,4.4,31,4.2,100,Paid,0.99,Everyone,Casual,"August 15, 2013",1.48,2.0 and up,,,,,Unknown,,,,
BC Navigator,FAMILY,4.4,21,32.0,1000,Free,0.0,Everyone,Education,"May 10, 2018",3.2,4.0.3 and up,,,,,Unknown,,,,
BC Lotto Check,FAMILY,3.0,10,0.717,5000,Free,0.0,Everyone,Entertainment,"June 22, 2016",0.0.7,4.0.3 and up,,,,,Unknown,,,,
BC Liquor Stores,LIFESTYLE,3.7,492,4.3,50000,Free,0.0,Everyone,Lifestyle,"October 5, 2015",3.6,2.2 and up,,,,,Unknown,,,,
BC MVA Fines,BOOKS_AND_REFERENCE,5.0,5,7.2,50,Paid,1.75,Everyone,Books & Reference,"October 8, 2015",1.0,4.1 and up,,,,,Unknown,,,,
BC Hospital Wait Times,MEDICAL,4.2,8,1.2,500,Free,0.0,Everyone,Medical,"January 19, 2016",1.2,4.1 and up,,,,,Unknown,,,,
"Town of Princeton, BC",PRODUCTIVITY,4.8,4,31.0,100,Free,0.0,Everyone,Productivity,"June 25, 2018",3.3.8,4.0 and up,,,,,Unknown,,,,
Explore British Columbia - BC Travel Guide,TRAVEL_AND_LOCAL,4.4,7,17.0,500,Free,0.0,Everyone,Travel & Local,"October 9, 2017",2.0.0,4.4W and up,,,,,Unknown,,,,
Bridge Constructor Stunts FREE,FAMILY,4.1,36151,46.0,1000000,Free,0.0,Everyone,Simulation,"April 22, 2017",2.7,3.2 and up,,,,,Unknown,,,,
BC's Pizza,LIFESTYLE,4.7,113,20.0,1000,Free,0.0,Everyone,Lifestyle,"September 30, 2016",3.0.0,4.0 and up,,,,,Unknown,,,,
Baby Connect (activity log),PARENTING,4.7,8343,8.3,50000,Paid,4.99,Everyone,Parenting,"July 10, 2018",6.3.16,4.0.3 and up,,,,,Unknown,,,,
BC Wildfire,TOOLS,3.3,27,5.0,5000,Free,0.0,Everyone,Tools,"May 31, 2018",10.1.0,5.0 and up,,,,,Unknown,,,,
BC Slots - The Lost Reels FREE,GAME,4.0,209,22.0,10000,Free,0.0,Teen,Casino,"July 13, 2018",7.0,4.0 and up,,,,,Unknown,,,,
Truck Driving Test Class 3 BC,FAMILY,1.0,1,2.0,50,Paid,1.49,Everyone,Education,"April 9, 2012",1.0,2.1 and up,,,,,Unknown,,,,
BC Highways - Road Conditions,TRAVEL_AND_LOCAL,4.4,382,12.0,10000,Free,0.0,Everyone,Travel & Local,"February 1, 2018",2.1.3,5.0 and up,,,,,Unknown,,,,
BC Camera,PHOTOGRAPHY,4.2,5,5.5,500,Free,0.0,Everyone,Photography,"January 10, 2018",1.0,4.0.3 and up,,,,,Unknown,,,,
BC iptv player,VIDEO_PLAYERS,4.4,8,14.0,1000,Free,0.0,Everyone,Video Players & Editors,"October 12, 2017",Final,4.0 and up,,,,,Unknown,,,,
"Victoria, BC | Tour City",TRAVEL_AND_LOCAL,4.3,20,15.0,1000,Free,0.0,Everyone,Travel & Local,"August 2, 2016",1.7,4.0 and up,,,,,Unknown,,,,
BC Wildflowers,FAMILY,4.4,7,81.0,1000,Free,0.0,Everyone,Education,"July 10, 2017",3.5,4.1 and up,,,,,Unknown,,,,
BC Hockey,SPORTS,3.7,20,8.9,1000,Free,0.0,Everyone,Sports,"December 8, 2017",3.1,4.4 and up,,,,,Unknown,,,,
British Columbia Tourist Places (Guide),TRAVEL_AND_LOCAL,4.0,1,3.0,100,Free,0.0,Everyone,Travel & Local,"November 8, 2017",1.0,4.1 and up,,,,,Unknown,,,,
British Columbia License,FAMILY,3.3,14,11.0,1000,Free,0.0,Everyone,Education,"January 19, 2015",1.2,4.0 and up,,,,,Unknown,,,,
AP Calculus BC Practice Test,FAMILY,4.2,4,29.0,500,Free,0.0,Everyone,Education,"January 25, 2018",6.0.2,4.4 and up,,,,,Unknown,,,,
BC Pizza,LIFESTYLE,2.3,3,2.6,500,Free,0.0,Everyone,Lifestyle,"January 12, 2016",1.0,4.2 and up,,,,,Unknown,,,,
Railroad Radio Vancouver BC,FAMILY,5.0,4,1.7,100,Free,0.0,Teen,Entertainment,"June 28, 2015",1,2.2 and up,,,,,Unknown,,,,
AP Calculus BC: Practice Tests and Flashcards,FAMILY,3.6,5,5.4,1000,Free,0.0,Everyone,Education,"July 3, 2018",1.6.7.1,4.1 and up,,,,,Unknown,,,,
Bridge Constructor Playground FREE,FAMILY,3.9,137377,30.0,5000000,Free,0.0,Everyone,Simulation,"April 12, 2017",2.2,4.0.3 and up,,,,,Unknown,,,,
"BDCast - Bangla Live TV,Radio",FAMILY,4.4,7461,31.0,1000000,Free,0.0,Everyone,Entertainment,"May 20, 2018",4.2.1,4.1 and up,,,,,Unknown,,,,
bd's Mongolian Grill,LIFESTYLE,4.2,120,14.0,10000,Free,0.0,Everyone,Lifestyle,"February 23, 2018",1.5.1,4.1 and up,,,,,Unknown,,,,
BD Briight: Your Diabetes Personal Assistant,MEDICAL,4.8,17,37.0,5000,Free,0.0,Everyone,Medical,"July 19, 2018",1.5.0,5.0 and up,,,,,Unknown,,,,
Jagobd - Bangla TV(Official),FAMILY,4.3,39109,4.0,1000000,Free,0.0,Everyone,Entertainment,"December 20, 2017",6.5,4.0 and up,,,,,Unknown,,,,
BD Data Plan (3G & 4G),COMMUNICATION,4.4,10341,6.9,500000,Free,0.0,Everyone,Communication,"July 5, 2018",5.2.4,4.1 and up,,,,,Unknown,,,,
বাংলা টিভি প্রো BD Bangla TV,FAMILY,4.3,193,14.0,10000,Free,0.0,Everyone,Entertainment,"April 29, 2017",1.3,4.0 and up,,,,,Unknown,,,,
BD tools,TOOLS,4.0,21,0.21,10000,Free,0.0,Everyone,Tools,"December 18, 2015",6.1,4.2 and up,,,,,Unknown,,,,
BD Provider App,HEALTH_AND_FITNESS,1.4,45,13.0,5000,Free,0.0,Everyone,Health & Fitness,"September 12, 2016",1.0,4.1 and up,,,,,Unknown,,,,
"Izneo, Read Manga, Comics & BD",COMICS,3.3,1476,18.0,500000,Free,0.0,Teen,Comics,"June 11, 2018",7.3,4.0 and up,,,,,Unknown,,,,
BD Radio TV Free List,FAMILY,4.3,539,13.0,50000,Free,0.0,Everyone,Entertainment,"August 1, 2018",1.3,4.2 and up,,,,,Unknown,,,,
BD Online News,NEWS_AND_MAGAZINES,4.6,30,3.8,1000,Free,0.0,Everyone,News & Magazines,"March 20, 2018",1.5,4.0.3 and up,,,,,Unknown,,,,
BD Bank Interest,FINANCE,4.7,289,3.2,5000,Free,0.0,Everyone,Finance,"May 4, 2018",1.2,4.1 and up,,,,,Unknown,,,,
BD Earn Pro,FAMILY,4.2,540,3.2,10000,Free,0.0,Everyone,Entertainment,"August 1, 2018",2.4,4.1 and up,,,,,Unknown,,,,
Comics Reader,COMICS,3.9,4496,0.609,100000,Free,0.0,Everyone,Comics,"October 29, 2017",2.3.216,2.3 and up,,,,,Unknown,,,,
Upohar BD,BUSINESS,3.4,9,1.7,1000,Free,0.0,Everyone,Business,"October 8, 2016",1.0,3.0 and up,,,,,Unknown,,,,
Electricity Bill Calculator BD,PRODUCTIVITY,4.3,247,4.0,10000,Free,0.0,Everyone,Productivity,"June 22, 2016",1.2,4.0.3 and up,,,,,Unknown,,,,
BD Fishpedia,BOOKS_AND_REFERENCE,4.8,123,6.5,1000,Free,0.0,Everyone,Books & Reference,"March 15, 2017",3.15317,3.0 and up,,,,,Unknown,,,,
BD Attendance,PRODUCTIVITY,4.8,93,14.0,1000,Free,0.0,Everyone,Productivity,"July 17, 2018",2.3.14,4.3 and up,,,,,Unknown,,,,
BD All Sim Offer,BOOKS_AND_REFERENCE,4.5,197,2.8,10000,Free,0.0,Everyone,Books & Reference,"January 3, 2017",1.2,4.1 and up,,,,,Unknown,,,,
BD TYCOON,FAMILY,3.3,16,33.0,500,Free,0.0,Everyone,Simulation,"July 6, 2017",1.2,4.1 and up,,,,,Unknown,,,,
BD Sports Box & TV,FAMILY,4.2,5,3.3,500,Free,0.0,Everyone,Entertainment,"April 13, 2018",1.1,4.0.3 and up,,,,,Unknown,,,,
Tour BD (Bahir Dar Map),MAPS_AND_NAVIGATION,4.9,49,3.9,100,Free,0.0,Everyone,Maps & Navigation,"October 16, 2017",2.0,4.2 and up,,,,,Unknown,,,,
BD Field Force,PRODUCTIVITY,4.2,41,15.0,1000,Free,0.0,Everyone,Productivity,"August 1, 2018",1.3.13,4.3 and up,,,,,Unknown,,,,
BD CRICKET LIVE,SPORTS,4.6,1238,9.5,100000,Free,0.0,Everyone,Sports,"January 15, 2018",3.0,4.0.3 and up,,,,,Unknown,,,,
BD All Results,FAMILY,4.1,205,7.3,50000,Free,0.0,Everyone,Education,"November 29, 2017",9.0,4.0.3 and up,,,,,Unknown,,,,
BD Online Passport Application,FAMILY,4.6,12,2.4,5000,Free,0.0,Everyone,Education,"October 7, 2017",3.0,4.0.3 and up,,,,,Unknown,,,,
BD Internet Packages (Updated),COMMUNICATION,4.0,474,3.0,50000,Free,0.0,Everyone,Communication,"August 5, 2016",0.0.5,4.0 and up,,,,,Unknown,,,,
Live Radio BD,FAMILY,4.2,69,3.5,10000,Free,0.0,Everyone,Entertainment,"May 4, 2015",1.1,4.0 and up,,,,,Unknown,,,,
iCard BD Plus,SOCIAL,5.0,2,2.4,500,Free,0.0,Everyone,Social,"July 15, 2016",3.7.5,2.0 and up,,,,,Unknown,,,,
BD Dialer,COMMUNICATION,4.1,29,13.0,10000,Free,0.0,Everyone,Communication,"July 9, 2018",1.8.3,4.1 and up,,,,,Unknown,,,,
BANGLA TV 3G/4G,SPORTS,4.1,142,5.3,100000,Free,0.0,Everyone,Sports,"June 7, 2018",2.4,4.0 and up,,,,,Unknown,,,,
Earn Money BD,FINANCE,3.8,103,6.9,5000,Free,0.0,Everyone,Finance,"July 11, 2018",3.4,4.0 and up,,,,,Unknown,,,,
BD Hospital's,FAMILY,4.7,12,2.3,100,Free,0.0,Everyone,Education,"October 7, 2015",1.1,3.0 and up,,,,,Unknown,,,,
Rabbithole,FAMILY,3.5,3347,15.0,100000,Free,0.0,Everyone,Entertainment,"July 18, 2018",1.1.15.12,4.4 and up,,,,,Unknown,,,,
Educationboard Results BD,FAMILY,4.0,983,7.2,100000,Free,0.0,Everyone,Education,"June 12, 2018",1.0,4.0 and up,,,,,Unknown,,,,
BD Online Shop,BUSINESS,4.2,63,13.0,5000,Free,0.0,Everyone,Business,"September 13, 2015",3.0.1,2.3.3 and up,,,,,Unknown,,,,
Remote for Samsung TV & BluRay Players (Read Desc),TOOLS,3.3,1988,7.3,500000,Free,0.0,Everyone,Tools,"August 3, 2018",Cow V3.15,4.3 and up,,,,,Unknown,,,,
Vehicle Case Checker BD,TOOLS,3.7,29,3.3,10000,Free,0.0,Everyone,Tools,"July 13, 2017",1.0,4.1 and up,,,,,Unknown,,,,
Remote for Sony TV & Sony Blu-Ray Players MyAV,TOOLS,3.4,3491,7.3,1000000,Free,0.0,Everyone,Tools,"July 31, 2018",Cow V3.15,4.3 and up,,,,,Unknown,,,,
Remote for Panasonic TV+BD+AVR,TOOLS,3.7,533,7.3,100000,Free,0.0,Everyone,Tools,"July 31, 2018",Cow V3.15,4.3 and up,,,,,Unknown,,,,
Exam Result BD,FAMILY,5.0,2,2.6,500,Free,0.0,Everyone,Education,"July 22, 2017",1.0,3.2 and up,,,,,Unknown,,,,
BD Live Call,COMMUNICATION,4.4,7,0.308,5000,Free,0.0,Everyone,Communication,"September 6, 2016",1.01,2.0 and up,,,,,Unknown,,,,
Helping BD,LIFESTYLE,5.0,15,4.5,100,Free,0.0,Everyone,Lifestyle,"June 19, 2018",2.1,4.0.3 and up,,,,,Unknown,,,,
Best Browser BD social networking,COMMUNICATION,4.8,6,21.0,10,Free,0.0,Everyone,Communication,"July 4, 2018",2.0,4.1 and up,,,,,Unknown,,,,
Traffic signs BD,COMMUNICATION,4.4,7,5.3,500,Free,0.0,Everyone,Communication,"October 8, 2015",1.0,4.1 and up,,,,,Unknown,,,,
BD Internet Package Activator,NEWS_AND_MAGAZINES,4.9,13,2.3,100,Free,0.0,Everyone,News & Magazines,"March 9, 2018",1.2,4.0.3 and up,,,,,Unknown,,,,
be Produbanco,FINANCE,4.0,967,22.0,100000,Free,0.0,Everyone,Finance,"August 2, 2018",1.2.1,4.1 and up,,,,,Unknown,,,,
Millionaire : Who want to be?,GAME,4.4,4396,40.0,100000,Free,0.0,Everyone,Trivia,"April 12, 2017",1.5,2.3 and up,,,,,Unknown,,,,
Be My Eyes - Helping the blind,LIFESTYLE,4.9,8418,21.0,500000,Free,0.0,Everyone,Lifestyle,"July 11, 2018",1.2.9,4.4 and up,,,,,Unknown,,,,
Be My Princess: PARTY,FAMILY,4.4,9443,21.0,100000,Free,0.0,Teen,Simulation,"December 12, 2016",1.8.0,4.0.3 and up,,,,,Unknown,,,,
Movement BE,SOCIAL,5.0,20,1.2,100,Free,0.0,Teen,Social,"November 10, 2016",1.2,4.4 and up,,,,,Unknown,,,,
Be Stronger,HEALTH_AND_FITNESS,4.8,787,53.0,1000,Paid,1.99,Everyone,Health & Fitness,"July 31, 2018",1.4.7,4.0.3 and up,,,,,Unknown,,,,
Be My Love Animated Keyboard,PERSONALIZATION,4.6,838,11.0,50000,Free,0.0,Teen,Personalization,"March 30, 2018",1.70,4.1 and up,,,,,Unknown,,,,
Be My Princess 2,FAMILY,4.3,2806,27.0,100000,Free,0.0,Teen,Entertainment,"March 20, 2018",3.6,2.3 and up,,,,,Unknown,,,,
Millionaire Quiz Free: Be Rich,FAMILY,3.8,66033,6.8,10000000,Free,0.0,Everyone,Casual,"January 1, 2018",2.5.1,4.0 and up,,,,,Unknown,,,,
Be the Manager 2018 - Football Strategy,SPORTS,4.3,7557,7.4,100000,Free,0.0,Everyone,Sports,"March 12, 2018",2.2.1,4.2 and up,,,,,Unknown,,,,
Be like Me - Hay Nhu Toi,PERSONALIZATION,4.3,44,3.5,1000,Free,0.0,Teen,Personalization,"May 26, 2016",1.3,4.0 and up,,,,,Unknown,,,,
Be Fabulous PHOTO BOOTH,PHOTOGRAPHY,4.1,560,1.7,10000,Free,0.0,Everyone,Photography,"February 1, 2017",1.07,4.0 and up,,,,,Unknown,,,,
RadarNow!,WEATHER,4.5,54090,4.0,5000000,Free,0.0,Everyone,Weather,"February 28, 2018",6.6,4.0 and up,,,,,Unknown,,,,
Be My Princess,FAMILY,4.2,3103,8.8,100000,Free,0.0,Teen,Entertainment,"September 19, 2017",6.5,2.2 and up,,,,,Unknown,,,,
Fat No More - Be the Biggest Loser in the Gym!,FAMILY,3.8,48545,38.0,1000000,Free,0.0,Everyone,Casual,"August 3, 2018",1.2.14,4.1 and up,,,,,Unknown,,,,
Be Like Bill - Maker,FAMILY,4.3,18,1.7,1000,Free,0.0,Everyone,Entertainment,"January 27, 2016",1.2,3.2 and up,,,,,Unknown,,,,
Be the Manager 2016 (football),SPORTS,4.2,4330,6.1,100000,Free,0.0,Everyone,Sports,"October 19, 2017",3.0,4.0 and up,,,,,Unknown,,,,
Hair Salon - Fun Games,FAMILY,3.8,484226,27.0,50000000,Free,0.0,Teen,Casual,"June 15, 2018",3.0.10,4.0 and up,,,,,Unknown,,,,
Adobe Photoshop Fix,PHOTOGRAPHY,4.2,28390,38.0,5000000,Free,0.0,Everyone,Photography,"July 19, 2017",1.0.499,5.0 and up,,,,,Unknown,,,,
Make your Be Like Bill,COMICS,4.0,78,2.8,5000,Free,0.0,Everyone,Comics,"January 16, 2016",1.0,2.3 and up,,,,,Unknown,,,,
Be like Bill Generator,FAMILY,4.2,67,6.5,5000,Free,0.0,Teen,Entertainment,"January 29, 2016",1.08,4.0.3 and up,,,,,Unknown,,,,
Be you GO Launcher Theme,PERSONALIZATION,4.3,1580,3.6,100000,Free,0.0,Everyone,Personalization,"November 12, 2014",v1.0,2.3 and up,,,,,Unknown,,,,
"Star Girl - Fashion, Makeup & Dress Up",FAMILY,4.3,556929,53.0,10000000,Free,0.0,Teen,Casual,"April 19, 2018",4.2.1,4.0.3 and up,,,,,Unknown,,,,
Be Like Bro - Compilation,FAMILY,4.4,146,3.9,10000,Free,0.0,Teen,Entertainment,"March 30, 2018",2.4,4.1 and up,,,,,Unknown,,,,
YAY - TBH,SOCIAL,4.1,2520,12.0,100000,Free,0.0,Teen,Social,"November 17, 2017",1.1.5,4.3 and up,,,,,Unknown,,,,
The Sims™ Mobile,FAMILY,4.5,559597,89.0,10000000,Free,0.0,Teen,Simulation,"July 26, 2018",11.1.1.179661,4.1 and up,,,,,Unknown,,,,
Find My Friends,SOCIAL,4.2,305367,46.0,10000000,Free,0.0,Everyone,Social,"August 1, 2018",16.7.1,4.4 and up,,,,,Unknown,,,,
Beauty Idol: Fashion Queen,GAME,4.3,128367,54.0,1000000,Free,0.0,Everyone,Arcade,"October 27, 2017",2.1.0,4.0.3 and up,,,,,Unknown,,,,
Unseen - No Last Seen,TOOLS,4.4,103909,9.2,5000000,Free,0.0,Everyone,Tools,"May 11, 2018",2.2.7,4.3 and up,,,,,Unknown,,,,
OK K.O.! Lakewood Plaza Turbo,FAMILY,4.5,76608,24.0,1000000,Free,0.0,Everyone 10+,Action;Action & Adventure,"January 5, 2017",1.3.1,4.0 and up,,,,,Unknown,,,,
Hard Time (Prison Sim),GAME,4.3,275843,41.0,10000000,Free,0.0,Teen,Adventure,"July 19, 2018",1.401,4.0 and up,,,,,Unknown,,,,
Battlefield™ Companion,GAME,4.0,263907,62.0,10000000,Free,0.0,Everyone 10+,Action,"November 1, 2016",3.0.4,4.0 and up,,,,,Unknown,,,,
Wolf of the BF:Commando MOBILE,GAME,3.4,32,27.0,1000,Paid,0.99,Everyone 10+,Arcade,"March 23, 2017",1.00.10,4.0 and up,,,,,Unknown,,,,
BF at Sea Refueled,GAME,4.4,1849,37.0,10000,Free,0.0,Everyone,Board,"October 20, 2015",1.1.8,2.3.3 and up,,,,,Unknown,,,,
BF Movies Fun,FAMILY,3.8,63,3.7,10000,Free,0.0,Teen,Entertainment,"April 7, 2018",1.0,2.3.3 and up,,,,,Unknown,,,,
BF Browser by Betfilter - Stop Gambling Today!,COMMUNICATION,3.0,39,4.6,10000,Free,0.0,Everyone,Communication,"September 4, 2017",1.4,4.0.3 and up,,,,,Unknown,,,,
My BF App,COMMUNICATION,4.1,141,9.9,50000,Free,0.0,Everyone,Communication,"December 19, 2017",2.0,4.0 and up,,,,,Unknown,,,,
Funny videos for whatsapp,VIDEO_PLAYERS,4.4,3066,9.0,1000000,Free,0.0,Everyone,Video Players & Editors,"December 17, 2017",1.7,4.0.3 and up,,,,,Unknown,,,,
BF games,FAMILY,4.1,262,29.0,50000,Free,0.0,Everyone,Puzzle,"November 1, 2017",1.1,4.0.3 and up,,,,,Unknown,,,,
BF 3d Wallpapers,FAMILY,4.1,256,2.5,100000,Free,0.0,Teen,Entertainment,"June 18, 2015",4.7,3.0 and up,,,,,Unknown,,,,
Hot Bhojpuri Video songs,FAMILY,4.1,28892,6.3,5000000,Free,0.0,Teen,Entertainment,"July 11, 2018",1.3,4.0 and up,,,,,Unknown,,,,
Bullet Force,GAME,4.5,634159,58.0,10000000,Free,0.0,Teen,Action,"June 21, 2018",1.40,4.2 and up,,,,,Unknown,,,,
GF - BF Chat Stories - Hindi English Convesation,FAMILY,4.1,32,4.1,10000,Free,0.0,Everyone,Education,"June 18, 2018",1.5,4.1 and up,,,,,Unknown,,,,
BF Scale Health Fitness Tool,HEALTH_AND_FITNESS,2.2,19,9.6,1000,Free,0.0,Everyone,Health & Fitness,"November 29, 2017",2.1,4.3 and up,,,,,Unknown,,,,
BF-Calc,TOOLS,3.9,428,3.8,100000,Free,0.0,Everyone,Tools,"March 31, 2015",1.2.5,2.3.3 and up,,,,,Unknown,,,,
BF 4 Guns,FAMILY,4.0,1542,13.0,50000,Free,0.0,Everyone,Entertainment,"June 9, 2015",3.0,3.0 and up,,,,,Unknown,,,,
My Virtual Boyfriend,FAMILY,4.3,105,51.0,1000,Paid,0.99,Teen,Casual,"February 17, 2017",3.6,2.3.3 and up,,,,,Unknown,,,,
Sexy Hot Detector Prank,FAMILY,3.9,17067,2.7,5000000,Free,0.0,Everyone,Casual,"February 13, 2018",2.4.4,4.1 and up,,,,,Unknown,,,,
BF Combat: Genesis,GAME,4.0,3322,82.0,100000,Free,0.0,Mature 17+,Action,"March 2, 2017",5.1.6,2.3 and up,,,,,Unknown,,,,
"Women""s Health Tips(Breast,Face,Body,weight lose)",HEALTH_AND_FITNESS,4.2,2509,5.0,1000000,Free,0.0,Mature 17+,Health & Fitness,"April 20, 2018",1.8,4.1 and up,,,,,Unknown,,,,
Combat BF: Black Ops 3,GAME,4.2,7699,83.0,500000,Free,0.0,Mature 17+,Action,"March 2, 2017",5.1.6,2.3 and up,,,,,Unknown,,,,
BF Beautiful Nature,FAMILY,3.6,5,2.5,1000,Free,0.0,Mature 17+,Entertainment,"June 11, 2015",4.1,3.0 and up,,,,,Unknown,,,,
BF 3d Images,FAMILY,4.3,19,2.5,1000,Free,0.0,Teen,Entertainment,"June 17, 2015",4.5,3.0 and up,,,,,Unknown,,,,
Hot Bhojpuri Video Song 2018 - Free Movies,FAMILY,4.4,447,3.7,100000,Free,0.0,Mature 17+,Entertainment,"April 4, 2018",1.0,4.2 and up,,,,,Unknown,,,,
Body Scanner xray Real Camera Prank Entertaintment,FAMILY,2.6,17,4.6,5000,Free,0.0,Everyone,Entertainment,"May 5, 2018",1.0,2.3 and up,,,,,Unknown,,,,
BF Frontline City,GAME,4.1,29798,80.0,1000000,Free,0.0,Mature 17+,Action,"March 6, 2017",5.1.7,2.3 and up,,,,,Unknown,,,,
Droid PRoCon BF3,TOOLS,3.5,412,2.6,5000,Paid,0.99,Everyone,Tools,"March 12, 2015",2.2,3.0 and up,,,,,Unknown,,,,
BF Abstract 3d Pictures,FAMILY,4.2,72,2.5,10000,Free,0.0,Teen,Entertainment,"June 18, 2015",5.1,3.0 and up,,,,,Unknown,,,,
Random Love (BF),FAMILY,3.7,3,10.0,50,Free,0.0,Everyone,Entertainment,"October 4, 2015",1.0.0,2.2 and up,,,,,Unknown,,,,
Virtual Boyfriend Chat,FAMILY,2.4,407,0.306,50000,Free,0.0,Mature 17+,Entertainment,"April 11, 2017",1.0,2.2 and up,,,,,Unknown,,,,
Talking Boyfriend,FAMILY,2.9,1073,2.8,100000,Free,0.0,Everyone,Entertainment,"August 28, 2016",1.1,2.3.3 and up,,,,,Unknown,,,,
Faketalk - Chatbot,GAME,4.2,63056,8.1,1000000,Free,0.0,Teen,Word,"July 3, 2018",1.9.7,2.3 and up,,,,,Unknown,,,,
XXX DISTILLERY,BUSINESS,4.2,509,3.2,100000,Free,0.0,Everyone,Business,"August 2, 2017",1.1.0,4.0 and up,,,,,Unknown,,,,
Cute Questions BF,LIFESTYLE,4.0,3,3.3,1000,Free,0.0,Everyone,Lifestyle,"June 2, 2018",3.0.0,4.4 and up,,,,,Unknown,,,,
BG Score,SPORTS,2.6,64,1.6,10000,Free,0.0,Everyone,Sports,"July 26, 2017",2.1,4.0.3 and up,,,,,Unknown,,,,
BG Advisor™,TOOLS,4.4,7,5.6,1000,Free,0.0,Everyone,Tools,"January 10, 2017",1.3,4.0.3 and up,,,,,Unknown,,,,
BG Products,AUTO_AND_VEHICLES,4.8,4,4.5,500,Free,0.0,Everyone,Auto & Vehicles,"November 28, 2017",1.3,5.0 and up,,,,,Unknown,,,,
BG LINKED (BGLINKED),SOCIAL,4.7,22,11.0,1000,Free,0.0,Everyone,Social,"January 19, 2018",v2.0.02_prod,4.1 and up,,,,,Unknown,,,,
BG Monitor Diabetes,MEDICAL,4.4,643,2.8,10000,Free,0.0,Everyone,Medical,"April 23, 2017",8.0.1,4.4 and up,,,,,Unknown,,,,
BG Monitor Diabetes Pro,MEDICAL,4.6,87,2.8,500,Paid,5.99,Everyone,Medical,"April 23, 2017",8.0.1,4.4 and up,,,,,Unknown,,,,
HTC Sense Input-BG,TOOLS,2.7,198,2.8,100000,Free,0.0,Everyone,Tools,"April 22, 2014",9.7.753080,4.1 and up,,,,,Unknown,,,,
Photo BG Changer,PHOTOGRAPHY,3.8,11,17.0,1000,Free,0.0,Everyone,Photography,"February 21, 2018",1.3,4.1 and up,,,,,Unknown,,,,
BG TV App,FAMILY,1.7,6,2.9,100,Free,0.0,Everyone,Entertainment,"December 21, 2017",1.0,4.1 and up,,,,,Unknown,,,,
BG BRIDAL GALLERY,LIFESTYLE,4.6,17,19.0,1000,Free,0.0,Everyone,Lifestyle,"June 27, 2018",2.1.1,4.4 and up,,,,,Unknown,,,,
HTC Sense Input - BG,TOOLS,3.3,218,4.1,10000,Free,0.0,Everyone,Tools,"November 9, 2015",1.0.606877,5.0 and up,,,,,Unknown,,,,
Board Game Stats: Play tracking for tabletop games,LIFESTYLE,4.6,275,3.9,5000,Paid,2.99,Everyone,Lifestyle,"July 17, 2018",2.8.3,4.1 and up,,,,,Unknown,,,,
Bg TV Online,FAMILY,2.3,50,2.8,10000,Free,0.0,Everyone,Entertainment,"October 21, 2017",1.2,4.1 and up,,,,,Unknown,,,,
"PhotoLayers〜Superimpose,Eraser",PHOTOGRAPHY,4.5,81219,2.6,10000000,Free,0.0,Everyone,Photography,"June 14, 2015",1.4.0,4.1 and up,,,,,Unknown,,,,
BG+Phone Backup,PRODUCTIVITY,4.8,16,2.6,1000,Free,0.0,Everyone,Productivity,"February 17, 2017",1.0.3,2.3 and up,,,,,Unknown,,,,
ReactNative BG Geolocation,TOOLS,5.0,5,9.1,1000,Free,0.0,Everyone,Tools,"May 25, 2018",2.12.0,4.1 and up,,,,,Unknown,,,,
BG video - floating video - background video,VIDEO_PLAYERS,4.1,64,2.0,5000,Free,0.0,Everyone,Video Players & Editors,"May 21, 2018",2.0,4.0 and up,,,,,Unknown,,,,
BG Future School,FAMILY,4.9,16,10.0,100,Free,0.0,Everyone,Education,"July 22, 2017",1.0,4.0.3 and up,,,,,Unknown,,,,
BGKontakti Vienna BG Kontakti,SOCIAL,4.8,111,5.9,1000,Free,0.0,Everyone,Social,"July 18, 2018",2.42,4.1 and up,,,,,Unknown,,,,
CARS.bg,AUTO_AND_VEHICLES,4.5,276,1.7,100000,Free,0.0,Everyone,Auto & Vehicles,"July 5, 2017",1.1.3,4.4 and up,,,,,Unknown,,,,
Auto Background Changer,PHOTOGRAPHY,4.0,35188,6.2,1000000,Free,0.0,Everyone,Photography,"February 22, 2018",1.0.11,3.2 and up,,,,,Unknown,,,,
Block Gun 3D: Call of Destiny,GAME,3.7,31883,20.0,1000000,Free,0.0,Teen,Action,"March 23, 2017",1.4.3,2.3 and up,,,,,Unknown,,,,
BG Remover & Eraser Pro,TOOLS,2.2,4,4.8,500,Free,0.0,Everyone,Tools,"April 3, 2018",3.0,2.3 and up,,,,,Unknown,,,,
BG Guide,TRAVEL_AND_LOCAL,5.0,3,2.4,100,Free,0.0,Everyone,Travel & Local,"November 28, 2016",1.1,2.3.3 and up,,,,,Unknown,,,,
trip.bg,TRAVEL_AND_LOCAL,4.5,103,9.8,1000,Free,0.0,Everyone,Travel & Local,"July 30, 2018",8.2.0,4.0.3 and up,,,,,Unknown,,,,
BLOOD & GLORY: IMMORTALS,GAME,4.3,101762,11.0,1000000,Free,0.0,Teen,Action,"June 11, 2015",2.0.0,3.0 and up,,,,,Unknown,,,,
Change photo background,PHOTOGRAPHY,3.8,28660,6.4,5000000,Free,0.0,Everyone,Photography,"March 21, 2018",1.0.12,4.0.3 and up,,,,,Unknown,,,,
Baldur's Gate: Enhanced Edition,FAMILY,4.5,20101,7.8,100000,Paid,9.99,Teen,Role Playing,"October 2, 2015",1.3,3.0 and up,,,,,Unknown,,,,
Shadow Fight 2 Special Edition,GAME,4.5,10440,86.0,50000,Paid,4.99,Teen,Action,"May 30, 2018",1.0.3,4.1 and up,,,,,Unknown,,,,
Revita.bg,HEALTH_AND_FITNESS,4.8,10,4.0,10,Free,0.0,Everyone,Health & Fitness,"June 13, 2018",3.55,4.0 and up,,,,,Unknown,,,,
Background Eraser,PHOTOGRAPHY,4.5,267378,1.9,10000000,Free,0.0,Everyone,Photography,"July 11, 2015",1.4.6,4.0 and up,,,,,Unknown,,,,
ePay.bg,FINANCE,4.4,2017,2.4,100000,Free,0.0,Everyone,Finance,"July 26, 2018",2.22,4.1 and up,,,,,Unknown,,,,
Block Gun 3D: Ghost Ops,GAME,3.9,142693,21.0,5000000,Free,0.0,Teen,Action,"June 7, 2018",1.4.0,2.3 and up,,,,,Unknown,,,,
"Music for Youtube - Tube Music BG, Red+",VIDEO_PLAYERS,4.3,47,8.7,1000,Free,0.0,Teen,Video Players & Editors,"September 23, 2017",1.10,4.2 and up,,,,,Unknown,,,,
Bg+ Call Blocker,TOOLS,4.3,80,1.7,10000,Free,0.0,Everyone,Tools,"March 20, 2018",1.2,4.0 and up,,,,,Unknown,,,,
Background Changer & Eraser,PHOTOGRAPHY,4.0,2076,11.0,500000,Free,0.0,Teen,Photography,"May 21, 2018",2.5,4.1 and up,,,,,Unknown,,,,
Cut Out : Background Eraser and background changer,PHOTOGRAPHY,4.1,7118,9.2,1000000,Free,0.0,Everyone,Photography,"June 29, 2018",1.6,4.0 and up,,,,,Unknown,,,,
Photo Background Changer 2018 - Blur Background,LIFESTYLE,3.7,34079,9.2,5000000,Free,0.0,Everyone,Lifestyle,"May 21, 2018",Arrow-202,4.1 and up,,,,,Unknown,,,,
BGCN TV,VIDEO_PLAYERS,3.4,4334,4.9,100000,Free,0.0,Everyone,Video Players & Editors,"November 4, 2015",3.1.891,Varies with device,,,,,Unknown,,,,
ScorePal,TOOLS,4.5,1439,15.0,10000,Free,0.0,Everyone,Tools,"July 9, 2018",2.10.7,4.3 and up,,,,,Unknown,,,,
Backgammon NJ for Android,GAME,4.4,1644,15.0,10000,Paid,7.99,Everyone,Board,"April 5, 2017",4.1,2.3.3 and up,,,,,Unknown,,,,
JOBS.bg,BUSINESS,4.4,1630,2.2,100000,Free,0.0,Everyone,Business,"August 22, 2017",3.1.0,4.4 and up,,,,,Unknown,,,,
CSCS BG (в български),FAMILY,2.4,7,2.1,100,Paid,3.99,Everyone,Education,"March 23, 2017",1.0,4.0.3 and up,,,,,Unknown,,,,
LEGO ® Batman: Beyond Gotham,FAMILY,4.1,10758,8.0,100000,Paid,4.99,Everyone 10+,Adventure;Action & Adventure,"December 15, 2015",Varies with device,4.0.3 and up,,,,,Unknown,,,,
Blood Glucose Tracker,HEALTH_AND_FITNESS,4.6,9612,3.5,100000,Free,0.0,Everyone,Health & Fitness,"May 18, 2018",1.8.12,4.4 and up,,,,,Unknown,,,,
Baldur's Gate II,FAMILY,4.3,5442,16.0,50000,Paid,9.99,Teen,Role Playing,"June 28, 2018",2.5.16.6,3.0 and up,,,,,Unknown,,,,
Rento - Dice Board Game Online,GAME,4.3,205830,63.0,10000000,Free,0.0,Everyone,Board,"June 20, 2018",4.4.9,4.1 and up,,,,,Unknown,,,,
Remix Second Hand,SHOPPING,4.2,867,7.5,100000,Free,0.0,Everyone,Shopping,"August 2, 2018",1.5.8,4.4 and up,,,,,Unknown,,,,
Ultimate Background Eraser,PHOTOGRAPHY,4.3,14453,21.0,1000000,Free,0.0,Everyone,Photography,"March 13, 2018",1.9,4.1 and up,,,,,Unknown,,,,
OnTrack Diabetes,MEDICAL,4.3,6079,1.8,500000,Free,0.0,Everyone,Medical,"January 17, 2018",3.2.7,2.1 and up,,,,,Unknown,,,,
ALL-IN-ONE PACKAGE TRACKING,PRODUCTIVITY,4.7,167406,18.0,1000000,Free,0.0,Everyone,Productivity,"July 23, 2018",3.1.1281,4.0.3 and up,,,,,Unknown,,,,
Grabo.bg,SHOPPING,4.6,8175,3.2,100000,Free,0.0,Everyone,Shopping,"April 5, 2018",3.2.3,4.0.3 and up,,,,,Unknown,,,,
GEM™,TOOLS,4.3,6,33.0,500,Free,0.0,Everyone,Tools,"July 23, 2018",1.93,5.0 and up,,,,,Unknown,,,,
Diabetes Connect,MEDICAL,4.5,4027,8.4,100000,Free,0.0,Everyone,Medical,"October 10, 2017",2.4.1,4.0 and up,,,,,Unknown,,,,
B&H Photo Video Pro Audio,SHOPPING,4.6,17180,31.0,1000000,Free,0.0,Everyone,Shopping,"August 3, 2018",5.3.1,4.4 and up,,,,,Unknown,,,,
BH by Kinomap,HEALTH_AND_FITNESS,2.9,141,22.0,10000,Free,0.0,Everyone,Health & Fitness,"July 30, 2018",3.2.9,4.1 and up,,,,,Unknown,,,,
BH Cosmetics,BEAUTY,4.0,2,3.6,1000,Free,0.0,Everyone,Beauty,"May 29, 2018",1.0,4.0 and up,,,,,Unknown,,,,
BH Bikes Premium,SPORTS,3.0,26,15.0,1000,Free,0.0,Everyone,Sports,"May 9, 2017",2.1.1,5.0 and up,,,,,Unknown,,,,
B&H Kids AR,BOOKS_AND_REFERENCE,3.9,286,18.0,10000,Free,0.0,Everyone,Books & Reference,"September 29, 2017",3.2.5,4.0 and up,,,,,Unknown,,,,
BH Patrole,AUTO_AND_VEHICLES,4.8,27,2.5,500,Free,0.0,Everyone,Auto & Vehicles,"February 15, 2018",2.0,4.4 and up,,,,,Unknown,,,,
CINEMA.BH,FAMILY,3.9,11,16.0,1000,Free,0.0,Everyone,Entertainment,"January 30, 2018",1.2.2,4.2 and up,,,,,Unknown,,,,
DSLR Photography Training apps,PHOTOGRAPHY,4.0,675,15.0,100000,Free,0.0,Everyone,Photography,"July 29, 2017",2.1,2.3 and up,,,,,Unknown,,,,
Bh Public School,FAMILY,5.0,2,8.7,10,Free,0.0,Everyone,Education,"March 21, 2018",1.2,4.0.3 and up,,,,,Unknown,,,,
VIVA BH,TOOLS,4.0,2055,2.6,100000,Free,0.0,Everyone,Tools,"April 9, 2018",2.44,4.0 and up,,,,,Unknown,,,,
Barbers.BH,LIFESTYLE,5.0,2,6.0,10,Free,0.0,Everyone,Lifestyle,"May 24, 2018",2.1,4.0.3 and up,,,,,Unknown,,,,
Photo Editor - BPhoto,PHOTOGRAPHY,4.5,42,20.0,1000,Free,0.0,Everyone,Photography,"September 17, 2016",1.2,4.2 and up,,,,,Unknown,,,,
BH Challenge - Museum of the Jewish People,FAMILY,4.8,12,28.0,1000,Free,0.0,Everyone,Education,"March 26, 2018",1.3.6,4.2 and up,,,,,Unknown,,,,
B y H Niños ES,BOOKS_AND_REFERENCE,4.6,53,16.0,5000,Free,0.0,Everyone,Books & Reference,"September 22, 2015",1.0.2,2.3 and up,,,,,Unknown,,,,
BH Mail,COMMUNICATION,3.4,7,6.0,1000,Free,0.0,Everyone,Communication,"April 3, 2018",5.403,4.0.3 and up,,,,,Unknown,,,,
FitConsole,HEALTH_AND_FITNESS,2.6,219,1.8,50000,Free,0.0,Everyone,Health & Fitness,"October 30, 2015",v1.1-20151030,4.0 and up,,,,,Unknown,,,,
Run on Earth,HEALTH_AND_FITNESS,2.4,577,3.7,50000,Free,0.0,Everyone,Health & Fitness,"April 25, 2018",1.7.5,4.0 and up,,,,,Unknown,,,,
Battleheart Legacy,FAMILY,4.6,7420,7.4,50000,Paid,4.99,Teen,Role Playing,"November 10, 2014",1.2.5,4.1 and up,,,,,Unknown,,,,
Treadmill Workouts Free (P),HEALTH_AND_FITNESS,3.3,10,3.3,1000,Free,0.0,Everyone,Health & Fitness,"April 5, 2018",1.8 P,4.4 and up,,,,,Unknown,,,,
ZiraatBank BH,FINANCE,4.1,58,3.5,10000,Free,0.0,Everyone,Finance,"July 4, 2017",2.3.2,4.0 and up,,,,,Unknown,,,,
Digital Tourist BH Itinerary,TRAVEL_AND_LOCAL,4.6,19,14.0,500,Free,0.0,Everyone,Travel & Local,"October 13, 2015",0.9.2,2.2 and up,,,,,Unknown,,,,
BH Táxi,BUSINESS,3.9,91,8.9,5000,Free,0.0,Everyone,Business,"June 7, 2018",3.44.2,4.0.3 and up,,,,,Unknown,,,,
Bi en Línea,FINANCE,4.0,5055,17.0,100000,Free,0.0,Everyone,Finance,"March 5, 2018",4.4.1,4.4 and up,,,,,Unknown,,,,
Gayvox - Gay Lesbian Bi Dating,SOCIAL,3.4,3640,9.1,500000,Free,0.0,Mature 17+,Social,"June 13, 2016",3.1.9,2.3 and up,,,,,Unknown,,,,
Microsoft Power BI–Business data analytics,BUSINESS,4.5,1819,10.0,100000,Free,0.0,Everyone,Business,"July 16, 2018",2.2.180712.112152,5.0 and up,,,,,Unknown,,,,
BI Mobile Banking,FINANCE,4.0,180,27.0,10000,Free,0.0,Everyone,Finance,"June 27, 2018",4.17.38,4.4 and up,,,,,Unknown,,,,
BI News,NEWS_AND_MAGAZINES,5.0,22,25.0,1000,Free,0.0,Everyone,News & Magazines,"June 10, 2018",1.5.0,4.1 and up,,,,,Unknown,,,,
BI SmartLINK,BUSINESS,3.6,16,33.0,5000,Free,0.0,Everyone,Business,"July 25, 2018",2.7.0,5.1 and up,,,,,Unknown,,,,
BI-LO,LIFESTYLE,3.5,43,30.0,10000,Free,0.0,Everyone,Lifestyle,"July 11, 2018",2.0.0,4.1 and up,,,,,Unknown,,,,
Sisense Mobile BI,BUSINESS,4.9,23,28.0,1000,Free,0.0,Everyone,Business,"April 30, 2018",2.4.1,4.1 and up,,,,,Unknown,,,,
"Starg - Gay, Same Sex, Bi",DATING,3.7,66,7.3,10000,Free,0.0,Mature 17+,Dating,"November 29, 2016",1.0.6,4.1 and up,,,,,Unknown,,,,
Propel BI APP,BUSINESS,5.0,3,23.0,100,Free,0.0,Everyone,Business,"July 24, 2018",1.39,4.4 and up,,,,,Unknown,,,,
BI Office,BUSINESS,4.0,76,0.201,10000,Free,0.0,Everyone,Business,"June 7, 2017",2.7.1,3.0 and up,,,,,Unknown,,,,
BI APP,FINANCE,5.0,2,2.7,100,Free,0.0,Everyone,Finance,"February 19, 2016",1.8,4.0 and up,,,,,Unknown,,,,
Oracle BI Mobile,BUSINESS,4.0,282,7.7,10000,Free,0.0,Everyone,Business,"August 1, 2018",20.0.0.0,6.0 and up,,,,,Unknown,,,,
Business Intelligence & Data,FAMILY,4.9,7,3.5,1000,Free,0.0,Everyone,Education,"July 26, 2016",1.0,2.0 and up,,,,,Unknown,,,,
BI Mobile,FINANCE,4.4,337,3.3,10000,Free,0.0,Everyone,Finance,"March 15, 2018",1.0,4.0.3 and up,,,,,Unknown,,,,
Grindr - Gay chat,SOCIAL,3.6,284795,31.0,10000000,Free,0.0,Mature 17+,Social,"August 3, 2018",4.1.2,4.3 and up,,,,,Unknown,,,,
Zoho Reports - Mobile BI,BUSINESS,4.7,45,12.0,5000,Free,0.0,Everyone,Business,"May 23, 2018",2.0.5,4.1 and up,,,,,Unknown,,,,
Power BI Ultimate Orientation,FAMILY,4.3,12,8.1,5000,Free,0.0,Everyone,Education,"February 6, 2017",1.0.1,4.0 and up,,,,,Unknown,,,,
Pool Billiards Classic - bi a,SPORTS,3.9,5644,14.0,1000000,Free,0.0,Everyone,Sports,"November 1, 2017",1.7,4.0.3 and up,,,,,Unknown,,,,
Lesbian Chat & Dating - SPICY,SOCIAL,4.5,63765,11.0,1000000,Free,0.0,Mature 17+,Social,"July 31, 2018",4.17.2,4.1 and up,,,,,Unknown,,,,
Bi-Tank,GAME,4.6,12,18.0,50,Free,0.0,Everyone,Arcade,"July 31, 2017",Varies with device,4.1 and up,,,,,Unknown,,,,
"Learn English Vocabulary - 6,000 Words",FAMILY,4.5,205914,54.0,10000000,Free,0.0,Everyone,Education,"August 3, 2018",5.54,4.1 and up,,,,,Unknown,,,,
All Language Translator,TOOLS,4.0,29944,2.1,5000000,Free,0.0,Everyone,Tools,"October 3, 2015",1.6,2.3 and up,,,,,Unknown,,,,
Bike Rivals,GAME,4.2,212067,48.0,10000000,Free,0.0,Everyone,Racing,"July 15, 2015",1.5.2,2.3.3 and up,,,,,Unknown,,,,
Bingo Party - Free Bingo Games,GAME,4.7,155694,92.0,1000000,Free,0.0,Teen,Board,"July 13, 2018",2.1.1,4.0.3 and up,,,,,Unknown,,,,
Little Big City 2,FAMILY,4.4,344383,30.0,10000000,Free,0.0,Everyone,Casual,"March 20, 2018",9.2.4,4.0.3 and up,,,,,Unknown,,,,
BJ's Wholesale Club,SHOPPING,4.2,4099,17.0,100000,Free,0.0,Everyone,Shopping,"July 27, 2018",2.0.10,4.1 and up,,,,,Unknown,,,,
BJ’s Mobile App,SHOPPING,4.0,4722,35.0,500000,Free,0.0,Everyone,Shopping,"July 9, 2018",3.6.5,4.1 and up,,,,,Unknown,,,,
BJ's Express Scan,SHOPPING,2.3,69,11.0,10000,Free,0.0,Everyone,Shopping,"March 19, 2018",1.0.16,4.4 and up,,,,,Unknown,,,,
BJ's Bingo & Gaming Casino,GAME,4.5,501,65.0,10000,Free,0.0,Teen,Casino,"July 26, 2018",5.0.1.3,4.3 and up,,,,,Unknown,,,,
BJ-UFO,FAMILY,3.6,226,25.0,50000,Free,0.0,Everyone,Casual,"May 10, 2018",2.5_20,4.0 and up,,,,,Unknown,,,,
BJ Bridge Pro 2018,GAME,4.4,17,4.8,500,Paid,4.49,Everyone,Card,"May 21, 2018",6.2-pro,4.0 and up,,,,,Unknown,,,,
BJ Bridge Free (2018),GAME,3.9,20,4.8,10000,Free,0.0,Everyone,Card,"May 21, 2018",6.2-lite,4.0 and up,,,,,Unknown,,,,
BJ & Jamie,FAMILY,3.9,13,17.0,100,Free,0.0,Everyone,Entertainment,"July 6, 2015",1.1,2.3.3 and up,,,,,Unknown,,,,
The Daily BJ,HEALTH_AND_FITNESS,4.8,38,24.0,500,Free,0.0,Everyone,Health & Fitness,"July 10, 2018",1.1,5.0 and up,,,,,Unknown,,,,
BJ-FPV,FAMILY,4.2,16,26.0,1000,Free,0.0,Everyone,Casual,"July 31, 2018",2.0.2,4.4 and up,,,,,Unknown,,,,
BJ Bridge Acol Beginner 2018,GAME,3.7,11,4.8,5000,Free,0.0,Everyone,Card,"May 21, 2018",6.2-begina,4.0 and up,,,,,Unknown,,,,
BJ Memo Widget,PRODUCTIVITY,4.0,616,0.175,50000,Free,0.0,Everyone,Productivity,"September 22, 2014",1.3,3.0 and up,,,,,Unknown,,,,
BJ Bridge Standard American 2018,GAME,1.0,1,4.9,1000,Free,0.0,Everyone,Card,"May 21, 2018",6.2-sayc,4.0 and up,,,,,Unknown,,,,
Eating Show - Food BJ,FAMILY,4.4,103,36.0,10000,Free,0.0,Everyone,Simulation,"October 30, 2017",1.29,4.1 and up,,,,,Unknown,,,,
Cards Casino:Video Poker & BJ,GAME,4.7,325,23.0,10000,Free,0.0,Teen,Casino,"May 8, 2015",7.0,2.3.3 and up,,,,,Unknown,,,,
DJ Music Pad,FAMILY,3.6,35121,5.1,5000000,Free,0.0,Everyone,Entertainment,"May 22, 2018",1.0.6,4.0 and up,,,,,Unknown,,,,
"Real Casino:Slot,Keno,BJ,Poker",GAME,4.1,341,26.0,50000,Free,0.0,Teen,Casino,"August 12, 2016",1.18,4.0 and up,,,,,Unknown,,,,
AfreecaTV,VIDEO_PLAYERS,3.3,381023,53.0,10000000,Free,0.0,Everyone,Video Players & Editors,"July 26, 2018",2.7.8,4.0 and up,,,,,Unknown,,,,
HON. B.J. ACS COLLEGE ALE,FAMILY,5.0,3,1.8,100,Free,0.0,Mature 17+,Education,"December 26, 2016",3.1,4.3 and up,,,,,Unknown,,,,
One Launcher,PERSONALIZATION,4.3,26601,5.4,1000000,Free,0.0,Everyone,Personalization,"July 16, 2018",26.1.0.20180713,2.3.3 and up,,,,,Unknown,,,,
BJ Toys,SHOPPING,4.7,55,8.0,500,Free,0.0,Everyone,Shopping,"April 11, 2018",1.0.3,4.0.3 and up,,,,,Unknown,,,,
Real DJ Simulator,FAMILY,4.0,68664,55.0,10000000,Free,0.0,Everyone,Simulation,"April 20, 2018",1.7,4.1 and up,,,,,Unknown,,,,
BLACKJACK!,GAME,4.4,524467,33.0,10000000,Free,0.0,Teen,Casino,"July 7, 2016",1.126,2.3.3 and up,,,,,Unknown,,,,
Blackjack Verite Drills,GAME,4.6,17,4.7,100,Paid,14.0,Teen,Casino,"July 9, 2017",1.1.10,3.0 and up,,,,,Unknown,,,,
BJ Foods,BUSINESS,5.0,3,1.5,10,Free,0.0,Everyone,Business,"February 7, 2018",2.7,4.1 and up,,,,,Unknown,,,,
3D DJ – DJ Mixer 2018,FAMILY,4.3,6333,30.0,1000000,Free,0.0,Everyone,Entertainment,"May 25, 2018",1.1.12,5.0 and up,,,,,Unknown,,,,
Phonics Puzzles,FAMILY,3.8,4,54.0,100,Paid,2.99,Everyone,Educational,"August 27, 2016",1.8.2,2.3 and up,,,,,Unknown,,,,
Spider grinder in screen funny,FAMILY,4.1,956,10.0,100000,Free,0.0,Teen,Entertainment,"May 17, 2016",1.1,2.2 and up,,,,,Unknown,,,,
BJJ Roadmap by Stephan Kesting,SPORTS,4.6,969,3.6,10000,Free,0.0,Everyone,Sports,"August 21, 2014",1.0,4.0 and up,,,,,Unknown,,,,
KISW 99.9 FM SEATTLE,FAMILY,4.0,1469,5.2,100000,Free,0.0,Everyone,Entertainment,"January 29, 2018",2.1.10,2.3.3 and up,,,,,Unknown,,,,
BlackJack -21 Casino Card Game,GAME,4.7,2066,25.0,100000,Free,0.0,Teen,Casino,"March 14, 2018",1.3,4.0.3 and up,,,,,Unknown,,,,
Metal Detector Pro 2015,TOOLS,3.6,1166,0.35,100000,Free,0.0,Everyone,Tools,"March 30, 2015",1.1,4.0 and up,,,,,Unknown,,,,
BlackJack 21 Pro,GAME,4.5,26744,51.0,500000,Free,0.0,Teen,Casino,"July 27, 2018",7.4.0,4.0.3 and up,,,,,Unknown,,,,
24 megapixel hd camera,PHOTOGRAPHY,4.0,802,5.1,100000,Free,0.0,Everyone,Photography,"May 3, 2017",1.1,2.3 and up,,,,,Unknown,,,,
Ultimate BlackJack 3D FREE,GAME,4.1,1686,4.6,100000,Free,0.0,Teen,Casino,"April 20, 2015",3.1.0,2.3 and up,,,,,Unknown,,,,
BURGER KING® App,LIFESTYLE,4.0,41747,39.0,5000000,Free,0.0,Everyone,Lifestyle,"January 12, 2017",3.7.1,4.1 and up,,,,,Unknown,,,,
BURGER KING® MOBILE APP,LIFESTYLE,3.8,19221,13.0,5000000,Free,0.0,Everyone,Lifestyle,"May 24, 2018",Varies with device,Varies with device,,,,,Unknown,,,,
BURGER KING® Puerto Rico,FOOD_AND_DRINK,4.5,2448,19.0,100000,Free,0.0,Everyone,Food & Drink,"September 1, 2017",5.4,4.0.3 and up,,,,,Unknown,,,,
Free Coupons for Burger King,LIFESTYLE,2.8,17,3.1,5000,Free,0.0,Everyone,Lifestyle,"July 29, 2018",1.1,4.4 and up,,,,,Unknown,,,,
Power Widget,TOOLS,4.2,928,0.383,10000,Paid,1.99,Everyone,Tools,"March 20, 2014",3.4,2.2 and up,,,,,Unknown,,,,
BK Murli Offline April 2017,LIFESTYLE,4.8,33,2.4,5000,Free,0.0,Everyone,Lifestyle,"May 3, 2017",1.0,4.0.3 and up,,,,,Unknown,,,,
Read it easy for BK,LIFESTYLE,5.0,1,3.2,50,Free,0.0,Everyone,Lifestyle,"July 15, 2018",1.2,4.1 and up,,,,,Unknown,,,,
BK Video Status,FAMILY,5.0,13,2.1,100,Free,0.0,Everyone,Entertainment,"July 7, 2018",2.3,4.4 and up,,,,,Unknown,,,,
Service Disabler,TOOLS,4.3,534,3.0,100000,Free,0.0,Everyone,Tools,"June 23, 2018",1.0.6,4.0 and up,,,,,Unknown,,,,
BK Photography,PHOTOGRAPHY,4.3,20,4.8,1000,Free,0.0,Everyone,Photography,"January 6, 2017",0.1,2.3 and up,,,,,Unknown,,,,
Keyboard Theme Dusk BK Purple,PERSONALIZATION,4.5,248,2.8,10000,Free,0.0,Mature 17+,Personalization,"May 23, 2016",9.0,4.0.3 and up,,,,,Unknown,,,,
Coupons for Burger King,FOOD_AND_DRINK,4.5,41,4.0,500,Free,0.0,Teen,Food & Drink,"July 17, 2018",1.0,5.0 and up,,,,,Unknown,,,,
BK Formula Calculator,TOOLS,5.0,6,11.0,100,Free,0.0,Everyone,Tools,"August 8, 2015",0.1.1,4.2 and up,,,,,Unknown,,,,
Korean English Translator,FAMILY,4.4,634,1.8,100000,Free,0.0,Everyone,Education,"September 5, 2017",1.6,2.3 and up,,,,,Unknown,,,,
Dr Bk Sachin bhai,LIFESTYLE,5.0,19,3.1,1000,Free,0.0,Everyone,Lifestyle,"December 7, 2017",2.2,4.1 and up,,,,,Unknown,,,,
Audio Murli Glossary For BK,FAMILY,4.7,39,20.0,1000,Free,0.0,Everyone,Education,"January 25, 2016",1.1,4.0.3 and up,,,,,Unknown,,,,
BK Traffic Control cum Chart,SOCIAL,4.7,549,17.0,10000,Free,0.0,Teen,Social,"June 29, 2016",3.0.1,3.0 and up,,,,,Unknown,,,,
Hungry Girl Diet Bk. Companion,HEALTH_AND_FITNESS,2.2,4,28.0,1000,Free,0.0,Everyone,Health & Fitness,"February 1, 2018",1.1.3,4.0 and up,,,,,Unknown,,,,
Daily Murli Saar Widget,SOCIAL,4.6,308,0.454,10000,Free,0.0,Everyone,Social,"June 10, 2015",1.0,3.0 and up,,,,,Unknown,,,,
BK Suraj bhai,LIFESTYLE,4.6,9,3.1,1000,Free,0.0,Everyone,Lifestyle,"December 8, 2017",2.2,4.1 and up,,,,,Unknown,,,,
BK Shivani Videos,LIFESTYLE,4.7,29,3.2,1000,Free,0.0,Everyone,Lifestyle,"July 25, 2018",1.3,4.0.3 and up,,,,,Unknown,,,,
BK News Channel,VIDEO_PLAYERS,4.6,277,6.8,10000,Free,0.0,Everyone,Video Players & Editors,"July 16, 2016",1.01,2.3 and up,,,,,Unknown,,,,
BK Dinos,FAMILY,4.4,30,99.0,5000,Free,0.0,Everyone,Entertainment,"March 31, 2018",0.1,4.0 and up,,,,,Unknown,,,,
Make a burger king,FAMILY,3.8,125,17.0,10000,Free,0.0,Everyone,Casual,"February 21, 2017",v1.3,4.0 and up,,,,,Unknown,,,,
King Burger Dash,FAMILY,3.6,445,12.0,50000,Free,0.0,Everyone,Casual,"March 22, 2015",1.3,2.2 and up,,,,,Unknown,,,,
Official Madhuban Murli,LIFESTYLE,4.9,301,25.0,10000,Free,0.0,Everyone,Lifestyle,"July 21, 2018",1.1.2,4.4 and up,,,,,Unknown,,,,
Baba Yaad Hai?(BK's),FAMILY,4.8,160,13.0,10000,Free,0.0,Everyone,Entertainment,"March 5, 2017",1.3,2.3 and up,,,,,Unknown,,,,
Burger King Foot Lettuce,FAMILY,4.4,150,5.9,10000,Free,0.0,Everyone,Entertainment,"June 11, 2018",1.07,4.0 and up,,,,,Unknown,,,,
BK Arogyam Task Track,BUSINESS,5.0,8,3.7,100,Free,0.0,Everyone,Business,"June 5, 2018",1.1.1,4.1 and up,,,,,Unknown,,,,
BK murli today (Mobile Murli) - Gyan,FAMILY,4.8,100,4.5,5000,Free,0.0,Everyone,Education,"August 5, 2018",2.0,4.4 and up,,,,,Unknown,,,,
BK Murli Dictionary (H to E),FAMILY,4.6,106,3.9,10000,Free,0.0,Everyone,Education,"November 19, 2016",1.1,2.2 and up,,,,,Unknown,,,,
Bk Usha behn,LIFESTYLE,5.0,10,3.0,1000,Free,0.0,Everyone,Lifestyle,"January 14, 2018",1.0,4.1 and up,,,,,Unknown,,,,
BkEmu - BK-0010/11M emulator,FAMILY,4.6,222,1.4,10000,Free,0.0,Everyone,Entertainment,"February 7, 2016",0.4.0,2.1 and up,,,,,Unknown,,,,
BK Gold App,FINANCE,5.0,4,11.0,50,Free,0.0,Everyone,Finance,"May 25, 2018",1.0.0,4.4 and up,,,,,Unknown,,,,
Burger King Italia,LIFESTYLE,4.0,4160,30.0,500000,Free,0.0,Everyone,Lifestyle,"July 6, 2018",2.3.6,4.0.3 and up,,,,,Unknown,,,,
Red Embrace (BL/Yaoi Game),FAMILY,4.3,616,25.0,10000,Free,0.0,Teen,Casual,"June 12, 2018",4.5.5,2.3.3 and up,,,,,Unknown,,,,
Blood Domination - BL Game,GAME,4.5,415,52.0,10000,Free,0.0,Mature 17+,Adventure,"July 6, 2018",1.0.1,4.1 and up,,,,,Unknown,,,,
Yaoi Ooku: Distorted Love,FAMILY,4.0,2614,6.3,100000,Free,0.0,Mature 17+,Simulation,"April 14, 2015",1.0.8,2.2 and up,,,,,Unknown,,,,
Yaoi Novels - Shounen ai Book&fiction,FAMILY,3.2,304,4.7,10000,Free,0.0,Teen,Entertainment,"February 14, 2018",1.0.2,4.0.3 and up,,,,,Unknown,,,,
Cerulean Heart,FAMILY,4.6,2683,25.0,10000,Free,0.0,Mature 17+,Simulation,"June 15, 2018",1.3.1,4.0 and up,,,,,Unknown,,,,
BL 女性向け恋愛ゲーム◆俺プリクロス,FAMILY,4.2,3379,62.0,100000,Free,0.0,Mature 17+,Simulation,"March 23, 2017",1.6.3,2.3.3 and up,,,,,Unknown,,,,
WebComics,COMICS,4.8,33783,6.4,1000000,Free,0.0,Teen,Comics,"July 28, 2018",1.3.34,4.1 and up,,,,,Unknown,,,,
Lezhin Comics - Daily Releases,COMICS,3.0,28447,15.0,1000000,Free,0.0,Teen,Comics,"July 31, 2018",Varies with device,Varies with device,,,,,Unknown,,,,
Heirs & Graces,GAME,4.3,125,70.0,5000,Free,0.0,Teen,Adventure,"July 1, 2016",1.0.1,2.3.3 and up,,,,,Unknown,,,,
BL Driver,MAPS_AND_NAVIGATION,3.9,230,12.0,10000,Free,0.0,Everyone,Maps & Navigation,"July 13, 2018",2.12.1,4.1 and up,,,,,Unknown,,,,
Gaydorado,FAMILY,3.9,8419,47.0,100000,Free,0.0,Teen,Role Playing,"August 1, 2018",0.0.42,4.0.3 and up,,,,,Unknown,,,,
Chess of Blades (BL/Yaoi Game) (No VA),FAMILY,4.8,4,23.0,10,Paid,14.99,Teen,Casual,"January 24, 2018",1.03,2.3.3 and up,,,,,Unknown,,,,
TappyToon Comics & Webtoons,COMICS,3.5,4205,10.0,100000,Free,0.0,Teen,Comics,"July 13, 2018",1.77,4.0.3 and up,,,,,Unknown,,,,
SecondSecret ‐「恋を読む」BLノベルゲーム‐,GAME,4.4,1563,40.0,50000,Free,0.0,Teen,Adventure,"June 29, 2017",1.3.6,4.0 and up,,,,,Unknown,,,,
Lust in Terror Manor - The Truth Unveiled | Otome,GAME,4.1,355,53.0,10000,Free,0.0,Teen,Adventure,"July 10, 2018",1.0.6,4.1 and up,,,,,Unknown,,,,
BL 女性向け恋愛ゲーム◆ごくメン,FAMILY,4.2,1901,8.2,100000,Free,0.0,Mature 17+,Simulation,"July 7, 2016",1.3.0,2.3.3 and up,,,,,Unknown,,,,
あなカレ【BL】無料ゲーム,FAMILY,4.7,6073,8.5,100000,Free,0.0,Mature 17+,Simulation,"February 25, 2018",4.2.2,2.3 and up,,,,,Unknown,,,,
K-Rain BL,TOOLS,4.0,9,33.0,1000,Free,0.0,Everyone,Tools,"May 28, 2018",3.0.1,4.0 and up,,,,,Unknown,,,,
감성학원 BL 첫사랑,COMICS,4.4,190,34.0,10000,Free,0.0,Everyone,Comics,"November 17, 2017",3.2.1,3.0 and up,,,,,Unknown,,,,
Chess of Blades (Demo),FAMILY,4.2,45,23.0,1000,Free,0.0,Teen,Casual,"January 25, 2018",1.5,2.3.3 and up,,,,,Unknown,,,,
BL Flowers Digital,SHOPPING,5.0,21,2.5,100,Free,0.0,Everyone,Shopping,"October 31, 2017",1.6,4.2 and up,,,,,Unknown,,,,
BL 1-Click Camera - Free,PHOTOGRAPHY,3.5,52,1.8,10000,Free,0.0,Everyone,Photography,"August 18, 2016",2.0.160818,2.3 and up,,,,,Unknown,,,,
OTOME of Ikemen cafe,FAMILY,4.5,1318,24.0,50000,Free,0.0,Teen,Simulation,"March 5, 2018",1.0.21,4.1 and up,,,,,Unknown,,,,
BL info,TRAVEL_AND_LOCAL,4.1,98,2.0,5000,Free,0.0,Everyone,Travel & Local,"July 17, 2018",2.0,4.3 and up,,,,,Unknown,,,,
BL IP-Camera,TOOLS,4.3,15,1.2,100,Paid,3.99,Everyone,Tools,"June 5, 2014",1.3.140606,2.3 and up,,,,,Unknown,,,,
Skill Tree - BL Pre Sequel,FAMILY,4.3,855,7.0,10000,Free,0.0,Teen,Entertainment,"February 22, 2016",5.0,2.3.3 and up,,,,,Unknown,,,,
BL Holo Theme,PERSONALIZATION,4.4,18,2.1,500,Paid,2.0,Everyone,Personalization,"July 1, 2013",1.0.3,2.1 and up,,,,,Unknown,,,,
BL Community Icon Pack,PERSONALIZATION,4.0,289,2.7,10000,Free,0.0,Everyone,Personalization,"May 6, 2013",1.01,2.1 and up,,,,,Unknown,,,,
BL Mobile Banking,FINANCE,4.3,23,93.0,1000,Free,0.0,Everyone,Finance,"August 1, 2018",2.6.0,5.0 and up,,,,,Unknown,,,,
MEGA MAN MOBILE,GAME,4.0,267,40.0,10000,Paid,1.99,Everyone,Action,"February 17, 2017",1.02.01,4.0 and up,,,,,Unknown,,,,
BL Taxi,MAPS_AND_NAVIGATION,4.9,124,3.4,1000,Free,0.0,Everyone,Maps & Navigation,"March 26, 2018",Varies with device,Varies with device,,,,,Unknown,,,,
BL!TZ - Endless,GAME,4.7,21,9.0,100,Free,0.0,Everyone,Arcade,"June 30, 2017",10.05,4.0.3 and up,,,,,Unknown,,,,
BL PowerPoint Remote,TOOLS,4.3,33,1.0,500,Paid,3.99,Everyone,Tools,"February 25, 2015",2.6.150226,2.3 and up,,,,,Unknown,,,,
BL Kennedy Theme,PERSONALIZATION,4.2,279,1.1,10000,Free,0.0,Everyone,Personalization,"May 6, 2013",1.0.2,2.1 and up,,,,,Unknown,,,,
Teen Patti by BL Games,GAME,4.1,496,39.0,100000,Free,0.0,Teen,Card,"January 31, 2017",1.3.0,2.3.3 and up,,,,,Unknown,,,,
bm offers,LIFESTYLE,3.2,320,31.0,50000,Free,0.0,Everyone,Lifestyle,"December 13, 2017",1.4,4.2 and up,,,,,Unknown,,,,
B.M.Snowboard Free,SPORTS,3.9,9765,14.0,1000000,Free,0.0,Everyone,Sports,"May 1, 2017",1.38.1,2.3 and up,,,,,Unknown,,,,
BM Wallet,FINANCE,4.2,798,29.0,50000,Free,0.0,Everyone,Finance,"January 3, 2018",1.0.46,4.0 and up,,,,,Unknown,,,,
BM Online OEC Verification,TOOLS,4.1,783,4.2,100000,Free,0.0,Everyone,Tools,"August 5, 2016",1.0.1,4.0.3 and up,,,,,Unknown,,,,
Business Mitra (BM),BUSINESS,4.9,13,5.3,100,Free,0.0,Everyone,Business,"July 12, 2018",1.11.1prod,4.0.3 and up,,,,,Unknown,,,,
Basket Manager 2018 Pro,SPORTS,3.7,84,6.3,1000,Paid,2.99,Everyone,Sports,"April 17, 2018",3.7,4.4 and up,,,,,Unknown,,,,
bm Wallet,FINANCE,3.5,196,27.0,10000,Free,0.0,Everyone,Finance,"August 20, 2017",1.8,4.1 and up,,,,,Unknown,,,,
BatControl Pro,TOOLS,4.9,83,3.1,500,Paid,3.99,Everyone,Tools,"June 1, 2018",2.0.0,5.0 and up,,,,,Unknown,,,,
DMR BrandMeister Tool,COMMUNICATION,3.3,78,2.5,10000,Free,0.0,Everyone,Communication,"March 31, 2018",4.5,6.0 and up,,,,,Unknown,,,,
"Borneo Bible, BM Bible",BOOKS_AND_REFERENCE,4.9,659,5.0,10000,Free,0.0,Everyone,Books & Reference,"August 28, 2017",4.4.5,4.0 and up,,,,,Unknown,,,,
Basket Manager 2018 Free,SPORTS,3.4,1520,6.3,50000,Free,0.0,Everyone,Sports,"April 17, 2018",3.7,4.4 and up,,,,,Unknown,,,,
Basket Manager 2017 Free,SPORTS,4.5,2710,4.8,100000,Free,0.0,Everyone,Sports,"November 27, 2017",4.0,4.1 and up,,,,,Unknown,,,,
BM SPM Practice,FAMILY,5.0,6,9.2,1000,Free,0.0,Everyone,Education,"January 24, 2018",1.0,4.1 and up,,,,,Unknown,,,,
BM FlexCheck,AUTO_AND_VEHICLES,3.5,2,34.0,100,Free,0.0,Everyone,Auto & Vehicles,"June 8, 2018",1.10.1,5.0 and up,,,,,Unknown,,,,
Poop Tracker - Toilet Log,HEALTH_AND_FITNESS,4.4,622,2.5,10000,Free,0.0,Everyone,Health & Fitness,"May 9, 2018",1.3.3,4.4 and up,,,,,Unknown,,,,
B&M Stores,SHOPPING,3.7,192,36.0,100000,Free,0.0,Everyone,Shopping,"August 3, 2018",0.8.129,4.1 and up,,,,,Unknown,,,,
Mobilight-BM,FINANCE,4.8,6,6.2,500,Free,0.0,Everyone,Finance,"August 3, 2018",2.0.10,4.0.3 and up,,,,,Unknown,,,,
Basket Manager 2016 Free,SPORTS,4.3,1879,4.4,100000,Free,0.0,Everyone,Sports,"February 9, 2017",2.9,4.1 and up,,,,,Unknown,,,,
BM Pharmacy,HEALTH_AND_FITNESS,4.9,42,18.0,1000,Free,0.0,Everyone,Health & Fitness,"June 11, 2018",1.5.12,4.1 and up,,,,,Unknown,,,,
BM Physiotherapy Clinic,HEALTH_AND_FITNESS,5.0,3,9.3,100,Free,0.0,Everyone,Health & Fitness,"October 9, 2017",0.0.1,4.1 and up,,,,,Unknown,,,,
Bet Master Pro Soccer Predictions,SPORTS,4.4,328,11.0,10000,Free,0.0,Everyone,Sports,"July 31, 2018",2.0.5,4.4 and up,,,,,Unknown,,,,
MbH BM,MEDICAL,1.0,1,2.3,100,Free,0.0,Everyone,Medical,"December 14, 2016",1.1.3,4.3 and up,,,,,Unknown,,,,
Basket Manager 2016 Pro,SPORTS,4.5,117,4.4,1000,Paid,0.99,Everyone,Sports,"February 9, 2017",2.9,4.1 and up,,,,,Unknown,,,,
BAMMS for BM SQ,PRODUCTIVITY,4.0,2,10.0,10,Free,0.0,Everyone,Productivity,"July 24, 2018",1.3.3,4.1 and up,,,,,Unknown,,,,
BM speed test,TOOLS,5.0,1,3.7,10,Free,0.0,Everyone,Tools,"July 13, 2018",2.0,4.4 and up,,,,,Unknown,,,,
Word Hunt,GAME,4.9,59,21.0,500,Free,0.0,Everyone,Word,"June 22, 2018",1.0,4.4 and up,,,,,Unknown,,,,
Basket Manager 2017 Pro,SPORTS,4.7,163,4.6,1000,Paid,0.99,Everyone,Sports,"October 6, 2017",3.9,4.1 and up,,,,,Unknown,,,,
BN Más Cerca de Usted,FINANCE,3.9,8185,45.0,500000,Free,0.0,Everyone,Finance,"July 6, 2018",5.1,4.4 and up,,,,,Unknown,,,,
My College Bookstore,SHOPPING,3.2,661,7.6,100000,Free,0.0,Everyone,Shopping,"March 19, 2018",3.0.2,4.1 and up,,,,,Unknown,,,,
NOOK Audiobooks,BOOKS_AND_REFERENCE,3.5,2539,8.6,500000,Free,0.0,Everyone,Books & Reference,"July 26, 2018",v1.1.6,4.1 and up,,,,,Unknown,,,,
BNCR Token Celular,FINANCE,3.7,913,0.07,100000,Free,0.0,Everyone,Finance,"July 20, 2012",1.0,1.5 and up,,,,,Unknown,,,,
BN Mi Banco,BUSINESS,3.0,597,17.0,100000,Free,0.0,Everyone,Business,"July 12, 2018",9.0,5.0 and up,,,,,Unknown,,,,
BN Pro BlueICS-b HD Text,LIBRARIES_AND_DEMO,4.2,78,0.812,10000,Free,0.0,Everyone,Libraries & Demo,"February 5, 2017",2.3.2,1.6 and up,,,,,Unknown,,,,
BN Whitening Shoppe Ph,BEAUTY,4.0,2,13.0,100,Free,0.0,Everyone,Beauty,"March 6, 2018",1.0.8,4.0.3 and up,,,,,Unknown,,,,
BN Pro ArialXL Legacy Text,LIBRARIES_AND_DEMO,4.1,142,0.442,10000,Free,0.0,Everyone,Libraries & Demo,"February 5, 2017",2.3.2,1.6 and up,,,,,Unknown,,,,
BN Pro PercentXL-b Neon HD Txt,LIBRARIES_AND_DEMO,4.0,45,0.842,5000,Free,0.0,Everyone,Libraries & Demo,"February 5, 2017",2.3.2,1.6 and up,,,,,Unknown,,,,
BN Bank Mobilbank,FINANCE,3.1,72,2.4,10000,Free,0.0,Everyone,Finance,"February 13, 2018",2.0.9,4.0 and up,,,,,Unknown,,,,
BN Pro Play-b HD Text,LIBRARIES_AND_DEMO,4.4,34,0.417,1000,Free,0.0,Everyone,Libraries & Demo,"February 5, 2017",2.3.2,1.6 and up,,,,,Unknown,,,,
[BN] Blitz,SPORTS,3.2,4,5.6,100,Free,0.0,Everyone,Sports,"May 17, 2018",4.6,4.3 and up,,,,,Unknown,,,,
BN Pro LcdD Legacy Text,LIBRARIES_AND_DEMO,3.9,71,0.412,10000,Free,0.0,Everyone,Libraries & Demo,"February 5, 2017",2.3.2,1.6 and up,,,,,Unknown,,,,
BN Pro RobotoXL-b HD Text,LIBRARIES_AND_DEMO,4.2,86,0.459,10000,Free,0.0,Everyone,Libraries & Demo,"February 5, 2017",2.3.2,1.6 and up,,,,,Unknown,,,,
Browsery by Barnes & Noble,BOOKS_AND_REFERENCE,4.7,146,34.0,5000,Free,0.0,Everyone,Books & Reference,"April 30, 2018",1.1.3,4.4 and up,,,,,Unknown,,,,
BN Pro ArialXL-b HD Text,LIBRARIES_AND_DEMO,4.0,24,0.478,1000,Free,0.0,Everyone,Libraries & Demo,"February 5, 2017",2.3.2,1.6 and up,,,,,Unknown,,,,
BN Pro Percent White HD Text,LIBRARIES_AND_DEMO,4.0,45,0.335,5000,Free,0.0,Everyone,Libraries & Demo,"February 5, 2017",2.3.2,1.6 and up,,,,,Unknown,,,,
RTVBN,NEWS_AND_MAGAZINES,3.7,533,3.8,50000,Free,0.0,Everyone,News & Magazines,"August 5, 2018",4.4,4.0.3 and up,,,,,Unknown,,,,
BN Pro White HD Text,LIBRARIES_AND_DEMO,4.1,120,0.782,10000,Free,0.0,Everyone,Libraries & Demo,"February 5, 2017",2.3.2,1.6 and up,,,,,Unknown,,,,
BN Pro Roboto-b Neon HD Text,LIBRARIES_AND_DEMO,4.4,30,0.721,5000,Free,0.0,Everyone,Libraries & Demo,"February 5, 2017",2.3.2,1.6 and up,,,,,Unknown,,,,
BN Pro LcdD HD Text,LIBRARIES_AND_DEMO,4.0,50,0.43,5000,Free,0.0,Everyone,Libraries & Demo,"February 5, 2017",2.3.2,1.6 and up,,,,,Unknown,,,,
BN Pro LcdD-b HD Text,LIBRARIES_AND_DEMO,3.9,131,0.429,10000,Free,0.0,Everyone,Libraries & Demo,"February 5, 2017",2.3.2,1.6 and up,,,,,Unknown,,,,
BN Pro Solid Battery-White,LIBRARIES_AND_DEMO,3.6,7,0.192,1000,Free,0.0,Everyone,Libraries & Demo,"February 5, 2017",2.3.2,1.6 and up,,,,,Unknown,,,,
"Calendars (En, Bn, Ar)",PRODUCTIVITY,4.6,27,2.5,1000,Free,0.0,Everyone,Productivity,"June 5, 2017",1.2.3,4.0 and up,,,,,Unknown,,,,
BN Pro Play HD Text,LIBRARIES_AND_DEMO,4.4,63,0.417,5000,Free,0.0,Everyone,Libraries & Demo,"February 5, 2017",2.3.2,1.6 and up,,,,,Unknown,,,,
BN Pro RobotoXL HD Text,LIBRARIES_AND_DEMO,4.3,15,0.46,1000,Free,0.0,Everyone,Libraries & Demo,"February 5, 2017",2.3.2,1.6 and up,,,,,Unknown,,,,
New York Mysteries (Full),GAME,4.5,514,5.9,5000,Paid,6.99,Teen,Adventure,"June 4, 2018",1.0.36,4.0 and up,,,,,Unknown,,,,
BN Pro ArialXL-b Neon HD Text,LIBRARIES_AND_DEMO,4.1,66,0.728,10000,Free,0.0,Everyone,Libraries & Demo,"February 5, 2017",2.3.2,1.6 and up,,,,,Unknown,,,,
BN Pro Black Text,LIBRARIES_AND_DEMO,3.8,18,0.496,1000,Free,0.0,Everyone,Libraries & Demo,"February 5, 2017",2.3.2,1.6 and up,,,,,Unknown,,,,
BN Pro BlueICS HD Text,LIBRARIES_AND_DEMO,4.1,174,0.816,10000,Free,0.0,Everyone,Libraries & Demo,"February 5, 2017",2.3.2,1.6 and up,,,,,Unknown,,,,
The Legacy (Full),GAME,4.6,144,6.3,1000,Paid,6.99,Everyone,Adventure,"May 15, 2018",1.0.9,4.0 and up,,,,,Unknown,,,,
BN Pro Arial Legacy Text,LIBRARIES_AND_DEMO,3.7,83,0.414,10000,Free,0.0,Everyone,Libraries & Demo,"February 5, 2017",2.3.2,1.6 and up,,,,,Unknown,,,,
BN Pro Black Text on White,LIBRARIES_AND_DEMO,3.9,53,0.334,10000,Free,0.0,Everyone,Libraries & Demo,"February 5, 2017",2.3.2,1.6 and up,,,,,Unknown,,,,
BN Pro White Text,LIBRARIES_AND_DEMO,4.4,50,0.506,5000,Free,0.0,Everyone,Libraries & Demo,"February 5, 2017",2.3.2,1.6 and up,,,,,Unknown,,,,
Bangla Calendar 1425: (EN-BN-AR) Holiday,LIFESTYLE,4.5,31,2.3,1000,Free,0.0,Everyone,Lifestyle,"April 21, 2018",2.1.0,4.1 and up,,,,,Unknown,,,,
Skip-Bo™,GAME,4.4,33661,60.0,100000,Paid,2.99,Everyone,Card,"August 3, 2018",3.4.6,4.1 and up,,,,,Unknown,,,,
Skip-Bo™ Free,GAME,3.5,46801,60.0,1000000,Free,0.0,Everyone,Card,"August 3, 2018",3.4.6,4.1 and up,,,,,Unknown,,,,
Beck & Bo: Toddler First Words,FAMILY,4.3,41,7.9,1000,Paid,2.99,Everyone,Education;Pretend Play,"May 31, 2018",2.4.2,4.0.3 and up,,,,,Unknown,,,,
Bubble Bo-Bo,FAMILY,4.5,65,24.0,10000,Free,0.0,Everyone,Casual,"July 5, 2018",6.0,4.0 and up,,,,,Unknown,,,,
Boom Beach,FAMILY,4.5,5591653,95.0,50000000,Free,0.0,Everyone 10+,Strategy,"July 18, 2018",35.119,4.0.3 and up,,,,,Unknown,,,,
Red Ball 4,GAME,4.4,1432447,59.0,50000000,Free,0.0,Everyone,Arcade,"November 9, 2017",1.3.21,4.0.3 and up,,,,,Unknown,,,,
Bo's Bedtime Story,FAMILY,4.2,13,23.0,1000,Paid,2.49,Everyone,Education;Pretend Play,"December 25, 2017",2.6,4.0.3 and up,,,,,Unknown,,,,
Skater Boy,GAME,4.3,1167143,12.0,100000000,Free,0.0,Everyone,Arcade,"September 20, 2017",1.18.35,4.1 and up,,,,,Unknown,,,,
FX LITE BO,FINANCE,3.6,73,14.0,10000,Free,0.0,Everyone,Finance,"October 18, 2016",1.5.0,4.1 and up,,,,,Unknown,,,,
Casual Sic Bo (骰寶),FAMILY,4.0,3,2.2,500,Free,0.0,Teen,Casual,"July 22, 2018",1.1.1,5.0 and up,,,,,Unknown,,,,
Sic Bo Online! Free Casino,GAME,3.8,488,30.0,100000,Free,0.0,Teen,Casino,"June 10, 2016",1.3,2.3 and up,,,,,Unknown,,,,
Hambo,GAME,4.4,125578,17.0,5000000,Free,0.0,Everyone,Action,"July 6, 2015",1.1.8,2.1 and up,,,,,Unknown,,,,
Sic Bo Rave,GAME,3.9,164,33.0,10000,Free,0.0,Teen,Card,"September 23, 2013",1.0.1,2.3.3 and up,,,,,Unknown,,,,
Thai Sic Bo,GAME,4.1,14283,4.2,1000000,Free,0.0,Teen,Casino,"October 1, 2017",1.1.2,4.0 and up,,,,,Unknown,,,,
Bo's Dinnertime Story,FAMILY,4.3,6,33.0,1000,Paid,2.49,Everyone,Education;Pretend Play,"December 25, 2017",1.5,4.0.3 and up,,,,,Unknown,,,,
BOO! - Next Generation Messenger,SOCIAL,3.5,20675,96.0,1000000,Free,0.0,Teen,Social,"August 2, 2018",4.4.0,5.0 and up,,,,,Unknown,,,,
Wishbone - Compare Anything,SOCIAL,4.3,51569,26.0,1000000,Free,0.0,Teen,Social,"July 30, 2018",5.4.7,4.1 and up,,,,,Unknown,,,,
Bo's School Day,FAMILY,4.7,10,30.0,1000,Paid,2.99,Everyone,Education;Pretend Play,"December 18, 2017",1.3,4.0.3 and up,,,,,Unknown,,,,
Bounce Classic,GAME,4.5,38297,6.4,10000000,Free,0.0,Everyone,Arcade,"July 5, 2018",1.0.8,4.0.3 and up,,,,,Unknown,,,,
Habbo - Virtual World,FAMILY,3.8,159398,28.0,5000000,Free,0.0,Teen,Role Playing,"May 30, 2018",2.22.0,4.2 and up,,,,,Unknown,,,,
Bomber Friends,GAME,4.5,776730,49.0,10000000,Free,0.0,Everyone 10+,Action,"July 26, 2018",2.23,4.0.3 and up,,,,,Unknown,,,,
Sic Bo (Tai Xiu) - Multiplayer Casino,GAME,4.2,152,16.0,10000,Free,0.0,Teen,Casino,"July 8, 2018",2.1.2,4.1 and up,,,,,Unknown,,,,
Power Spheres by BoBoiBoy,FAMILY,4.3,70903,51.0,5000000,Free,0.0,Everyone,Puzzle;Brain Games,"May 3, 2018",1.3.20,4.0.3 and up,,,,,Unknown,,,,
Bo Aung Din,EVENTS,4.1,110,2.6,5000,Free,0.0,Teen,Events,"June 5, 2018",Version 1.3.1,4.0.3 and up,,,,,Unknown,,,,
Go-Go-Goat! Free Game,FAMILY,4.5,66740,23.0,1000000,Free,0.0,Everyone,Arcade;Action & Adventure,"July 8, 2016",2.4.4,2.3 and up,,,,,Unknown,,,,
BPme - Mobile Fuel Payment & BP Driver Rewards app,TRAVEL_AND_LOCAL,3.0,69,31.0,10000,Free,0.0,Everyone,Travel & Local,"June 11, 2018",3.4.1,5.0 and up,,,,,Unknown,,,,
My BP Lab,HEALTH_AND_FITNESS,2.6,186,25.0,10000,Free,0.0,Everyone,Health & Fitness,"May 19, 2018",1.1.0,8.0 and up,,,,,Unknown,,,,
BP World Energy,BUSINESS,3.4,25,16.0,10000,Free,0.0,Everyone,Business,"July 27, 2018",1.1.2,4.1 and up,,,,,Unknown,,,,
BP and Sugar Test Prank,LIFESTYLE,4.0,7808,5.0,1000000,Free,0.0,Everyone,Lifestyle,"November 5, 2015",1.2.1,2.2 and up,,,,,Unknown,,,,
iFORA BP,MEDICAL,3.4,18,45.0,1000,Free,0.0,Everyone,Medical,"June 5, 2018",1.2.4,2.3.3 and up,,,,,Unknown,,,,
MbH BP,MEDICAL,3.7,9,23.0,1000,Free,0.0,Everyone,Medical,"October 3, 2017",1.1.3,2.3.3 and up,,,,,Unknown,,,,
Cardio Journal — Blood Pressure Log,MEDICAL,4.5,3320,8.3,100000,Free,0.0,Everyone,Medical,"February 12, 2018",3.1.1,4.1 and up,,,,,Unknown,,,,
Blood Pressure Info,FAMILY,3.9,174423,7.9,10000000,Free,0.0,Everyone,Entertainment,"August 2, 2018",2.28,4.0 and up,,,,,Unknown,,,,
MedM Blood Pressure,MEDICAL,4.0,255,16.0,10000,Free,0.0,Everyone,Medical,"May 25, 2018",2.5.80,4.2 and up,,,,,Unknown,,,,
"Diabetes, Blood Pressure, Health Tracker App",MEDICAL,4.5,309,5.9,10000,Free,0.0,Everyone,Medical,"March 15, 2017",2.21,4.4 and up,,,,,Unknown,,,,
Blood Pressure(BP) Report Lite,MEDICAL,4.0,91,0.335,10000,Free,0.0,Everyone,Medical,"February 8, 2012",1.6,2.1 and up,,,,,Unknown,,,,
bp e-store,BOOKS_AND_REFERENCE,4.4,52,2.2,1000,Free,0.0,Everyone,Books & Reference,"January 15, 2016",2.0.7,4.0 and up,,,,,Unknown,,,,
Wireless BP,MEDICAL,1.8,30,0.887,500,Free,0.0,Everyone,Medical,"May 27, 2016",1.1,4.3 and up,,,,,Unknown,,,,
BP Tracker,HEALTH_AND_FITNESS,4.3,12,0.613,1000,Free,0.0,Everyone,Health & Fitness,"February 20, 2016",1.0.0,5.0 and up,,,,,Unknown,,,,
BP Log lite,LIFESTYLE,5.0,3,1.5,100,Free,0.0,Everyone,Lifestyle,"November 15, 2014",1.1,2.2 and up,,,,,Unknown,,,,
MI-BP,HEALTH_AND_FITNESS,5.0,1,12.0,50,Free,0.0,Everyone,Health & Fitness,"April 9, 2018",1.0.8.506,5.0 and up,,,,,Unknown,,,,
BP-Tech,FAMILY,3.2,12,13.0,1000,Free,0.0,Everyone,Casual,"February 3, 2018",1.3_4,4.0 and up,,,,,Unknown,,,,
Blood Pressure Diary,FAMILY,4.6,47,3.3,5000,Free,0.0,Everyone,Simulation,"August 1, 2018",1.1,4.0.3 and up,,,,,Unknown,,,,
High Blood Pressure,MEDICAL,3.8,4,2.9,1000,Free,0.0,Everyone,Medical,"June 1, 2016",1.0,3.0 and up,,,,,Unknown,,,,
Simple Blood Pressure log,MEDICAL,3.9,31,10.0,1000,Free,0.0,Everyone,Medical,"January 15, 2016",1.0.1,4.4 and up,,,,,Unknown,,,,
BP Tracker-Symptoms & Solution,MEDICAL,4.2,34,3.2,1000,Free,0.0,Everyone,Medical,"October 12, 2016",1.2016,3.0 and up,,,,,Unknown,,,,
Blood Pressure Tracker,MEDICAL,4.0,11,1.8,1000,Free,0.0,Everyone,Medical,"November 8, 2017",1.1.1,4.0 and up,,,,,Unknown,,,,
Hypertension Hi blood pressure,MEDICAL,3.8,292,2.7,100000,Free,0.0,Everyone,Medical,"April 16, 2018",43.0,4.0.3 and up,,,,,Unknown,,,,
BP Scanner Prank,FAMILY,4.1,157,7.0,50000,Free,0.0,Everyone,Entertainment,"September 20, 2016",1.2,4.0.3 and up,,,,,Unknown,,,,
Deep Breathe BP,HEALTH_AND_FITNESS,3.9,26,12.0,1000,Free,0.0,Everyone,Health & Fitness,"June 9, 2018",1.0,4.1 and up,,,,,Unknown,,,,
BP Toolbox,HEALTH_AND_FITNESS,2.1,32,9.6,1000,Free,0.0,Everyone,Health & Fitness,"May 22, 2018",5.9,4.3 and up,,,,,Unknown,,,,
bp Magazine for Bipolar,LIFESTYLE,1.8,5,18.0,1000,Free,0.0,Everyone 10+,Lifestyle,"February 12, 2018",26.0,4.1 and up,,,,,Unknown,,,,
Blood Pressure - Heartcare,MEDICAL,4.2,70,1.9,10000,Free,0.0,Everyone,Medical,"May 27, 2016",2.46 Saber,4.4 and up,,,,,Unknown,,,,
UM BP Track,MEDICAL,2.0,1,29.0,50,Free,0.0,Everyone,Medical,"June 27, 2017",7.9.0 (5192),5.0 and up,,,,,Unknown,,,,
Blood pressure,HEALTH_AND_FITNESS,3.4,2256,1.6,500000,Free,0.0,Everyone,Health & Fitness,"July 31, 2014",1.1.0,4.0 and up,,,,,Unknown,,,,
BQ Services,TOOLS,3.7,5004,2.5,1000000,Free,0.0,Everyone,Tools,"July 9, 2018",8.3.6-e04ac87,Varies with device,,,,,Unknown,,,,
BQ-መጽሐፍ ቅዱሳዊ ጥያቄዎች,GAME,4.7,191,7.2,5000,Free,0.0,Everyone,Trivia,"July 31, 2018",4.1.2,4.1 and up,,,,,Unknown,,,,
"Brilliant Quotes: Life, Love, Family & Motivation",BOOKS_AND_REFERENCE,4.5,67186,6.3,1000000,Free,0.0,Everyone 10+,Books & Reference,"May 18, 2018",4.4.10,2.3.3 and up,,,,,Unknown,,,,
BQ Scan,TOOLS,4.6,18,4.0,100,Free,0.0,Everyone,Tools,"April 1, 2018",3.4.5,4.0 and up,,,,,Unknown,,,,
Add-On: bq (a),PRODUCTIVITY,3.6,26,1.2,5000,Free,0.0,Everyone,Productivity,"May 19, 2015",10.0.3086,4.0 and up,,,,,Unknown,,,,
Software Update,TOOLS,4.4,8259,3.5,1000000,Free,0.0,Everyone,Tools,"July 18, 2018",13.3,4.0 and up,,,,,Unknown,,,,
RoboPad,FAMILY,4.6,41,9.2,1000,Free,0.0,Everyone,Education,"July 7, 2017",5.1,2.3 and up,,,,,Unknown,,,,
Bono’s Pit Bar-B-Q,FAMILY,2.3,3,36.0,1000,Free,0.0,Everyone 10+,Entertainment,"January 23, 2018",2.4,2.3.3 and up,,,,,Unknown,,,,
BQ Scanner,TOOLS,3.0,2,2.7,100,Free,0.0,Everyone,Tools,"October 10, 2017",1.0.1,4.4 and up,,,,,Unknown,,,,
Bar-B-Q Rib House,FOOD_AND_DRINK,5.0,2,33.0,50,Free,0.0,Everyone,Food & Drink,"March 8, 2018",0.8,2.3.3 and up,,,,,Unknown,,,,
Gold Wallpapers,PERSONALIZATION,4.5,43,28.0,10000,Free,0.0,Everyone,Personalization,"March 26, 2018",1.1,4.0 and up,,,,,Unknown,,,,
[Substratum] M5 Theme,PERSONALIZATION,4.4,16,6.7,5000,Free,0.0,Everyone,Personalization,"March 10, 2018",1.3.4,7.0 and up,,,,,Unknown,,,,
Zowi App,FAMILY,4.5,516,21.0,50000,Free,0.0,Everyone,Education;Education,"December 21, 2016",1.4.1,4.0.3 and up,,,,,Unknown,,,,
Bar-B-Q Recipes,FOOD_AND_DRINK,4.8,18,3.5,5000,Free,0.0,Everyone,Food & Drink,"August 15, 2016",1.0,4.0 and up,,,,,Unknown,,,,
System Update Free,TOOLS,4.3,3068,6.0,100000,Free,0.0,Everyone,Tools,"July 20, 2018",11.1,4.0 and up,,,,,Unknown,,,,
Woody's Bar-B-Q,FOOD_AND_DRINK,3.7,3,27.0,1000,Free,0.0,Everyone,Food & Drink,"March 5, 2018",1.01.03,4.1 and up,,,,,Unknown,,,,
Launcher Oreo 8.1,PERSONALIZATION,4.5,13466,3.4,500000,Free,0.0,Everyone,Personalization,"June 19, 2018",1.9,5.0 and up,,,,,Unknown,,,,
Free antivirus and VPN,TOOLS,4.3,27749,16.0,1000000,Free,0.0,Everyone,Tools,"July 19, 2018",3.3.6,4.0.3 and up,,,,,Unknown,,,,
RoboPad++,FAMILY,4.4,77,10.0,10000,Free,0.0,Everyone,Education,"July 7, 2017",1.6,2.3 and up,,,,,Unknown,,,,
Simple Gallery,TOOLS,4.5,28030,9.0,1000000,Free,0.0,Everyone,Tools,"August 2, 2018",4.4.4,4.1 and up,,,,,Unknown,,,,
Pick-a-Paint,LIFESTYLE,1.6,242,36.0,50000,Free,0.0,Everyone,Lifestyle,"May 14, 2018",1.2.1,3.0 and up,,,,,Unknown,,,,
Left vs Right: Brain Training,FAMILY,4.5,75719,30.0,5000000,Free,0.0,Everyone,Educational,"November 24, 2017",3.3.0,4.0.3 and up,,,,,Unknown,,,,
Baskin-Robbins,FOOD_AND_DRINK,3.8,1103,6.6,100000,Free,0.0,Everyone,Food & Drink,"June 8, 2018",1.4.0-2,4.1 and up,,,,,Unknown,,,,
Infinity Dungeon VIP,FAMILY,4.3,21804,44.0,1000000,Paid,0.99,Everyone 10+,Role Playing,"July 3, 2018",2.6.6,2.3 and up,,,,,Unknown,,,,
Carros Rebaixados BR,GAME,4.3,20691,89.0,1000000,Free,0.0,Everyone,Racing,"July 31, 2018",5.7.1,4.4 and up,,,,,Unknown,,,,
BR,LIFESTYLE,3.0,859,3.5,100000,Free,0.0,Everyone,Lifestyle,"July 19, 2018",1.7.7,2.2 and up,,,,,Unknown,,,,
Bleacher Report Live,SPORTS,4.0,232,32.0,50000,Free,0.0,Everyone,Sports,"August 1, 2018",2.1.2,5.0 and up,,,,,Unknown,,,,
QR Code Pro,PRODUCTIVITY,4.8,5865,15.0,100000,Paid,4.49,Everyone,Productivity,"July 18, 2018",1.0,4.1 and up,,,,,Unknown,,,,
BR Video Player,VIDEO_PLAYERS,4.0,46,3.1,5000,Free,0.0,Everyone,Video Players & Editors,"April 20, 2015",1.0.6,3.0 and up,,,,,Unknown,,,,
Br. Parking - Busy road Parking 3D 2018,FAMILY,4.5,41,30.0,5000,Free,0.0,Everyone,Simulation,"January 13, 2018",1.01,4.1 and up,,,,,Unknown,,,,
B R Telco FCU Mobile Banking,FINANCE,4.7,413,13.0,10000,Free,0.0,Everyone,Finance,"May 30, 2018",5.9.1.0,5.0 and up,,,,,Unknown,,,,
BR Chat Bot,SOCIAL,1.9,16,2.6,1000,Free,0.0,Everyone,Social,"June 30, 2016",1.0,4.0 and up,,,,,Unknown,,,,
Br Browser,SOCIAL,4.9,29,2.5,500,Free,0.0,Everyone,Social,"March 20, 2018",5.0,5.0 and up,,,,,Unknown,,,,
Dr B R Ambedkar (Jai Bhim),SOCIAL,4.7,2068,7.5,100000,Free,0.0,Everyone,Social,"April 13, 2014",1.0,2.2 and up,,,,,Unknown,,,,
Br Shafi,FAMILY,4.9,1288,26.0,10000,Free,0.0,Everyone,Education,"July 11, 2018",1.0,4.1 and up,,,,,Unknown,,,,
Dr. B.R.Ambedkar,SOCIAL,4.8,1902,5.2,100000,Free,0.0,Everyone,Social,"June 5, 2014",1.3,2.1 and up,,,,,Unknown,,,,
Texas HoldEm Poker Deluxe (BR),GAME,4.5,1418,26.0,10000,Free,0.0,Teen,Casino,"May 30, 2018",1.2.1,4.0.3 and up,,,,,Unknown,,,,
Mu Mobile BR,BUSINESS,4.5,43,92.0,100,Free,0.0,Everyone,Business,"July 20, 2018",3.0.0 By Luccas,2.3 and up,,,,,Unknown,,,,
Brick Breaker BR,GAME,5.0,7,19.0,5,Free,0.0,Everyone,Arcade,"July 23, 2018",1.0,4.1 and up,,,,,Unknown,,,,
BR Series,VIDEO_PLAYERS,3.9,1016,13.0,50000,Free,0.0,Teen,Video Players & Editors,"May 28, 2018",6.0,4.1 and up,,,,,Unknown,,,,
CJ - BR MEMES,COMICS,4.3,109,3.5,10000,Free,0.0,Everyone,Comics,"January 18, 2018",1.0,4.0.3 and up,,,,,Unknown,,,,
Vlogger Go Viral - Tuber Game,FAMILY,4.8,1304467,68.0,10000000,Free,0.0,Everyone,Strategy,"July 27, 2018",2.9,4.1 and up,,,,,Unknown,,,,
Next Portuguese(BR) Langpack,TOOLS,4.3,1320,0.778,100000,Free,0.0,Everyone,Tools,"September 13, 2013",1.0,2.0 and up,,,,,Unknown,,,,
BR Ambedkar Biography & Quotes,BOOKS_AND_REFERENCE,4.6,156,2.1,10000,Free,0.0,Everyone,Books & Reference,"June 11, 2018",2.0,2.3 and up,,,,,Unknown,,,,
Black Commando | Special Ops | FPS Shooting,GAME,4.1,1167,72.0,100000,Free,0.0,Teen,Action,"May 3, 2018",1.4,4.1 and up,,,,,Unknown,,,,
GearBest Online Shopping,SHOPPING,4.5,245104,35.0,5000000,Free,0.0,Everyone,Shopping,"August 1, 2018",3.6.0,4.0.3 and up,,,,,Unknown,,,,
True Skateboarding Ride Skateboard Game Freestyle,GAME,3.8,8175,31.0,1000000,Free,0.0,Everyone 10+,Arcade,"January 3, 2018",2.11.7,4.1 and up,,,,,Unknown,,,,
Bullshit! (Free),GAME,2.4,45,4.1,10000,Free,0.0,Teen,Card,"August 26, 2016",1.1,4.1 and up,,,,,Unknown,,,,
Bullshite!,GAME,2.8,48,13.0,10000,Free,0.0,Teen,Card,"April 10, 2016",1.0.1,4.1 and up,,,,,Unknown,,,,
Block Strike,GAME,4.5,947515,60.0,10000000,Free,0.0,Teen,Action,"July 25, 2018",5.3.1,4.1 and up,,,,,Unknown,,,,
Loved by King Bs,FAMILY,4.6,5546,85.0,100000,Free,0.0,Everyone,Simulation,"June 15, 2018",1.21,4.0.3 and up,,,,,Unknown,,,,
BombSquad Remote,GAME,4.1,13304,1.3,1000000,Free,0.0,Everyone,Arcade,"November 30, 2016",1.2.21,4.0 and up,,,,,Unknown,,,,
BS CS IT & SE,FAMILY,4.6,9,6.9,1000,Free,0.0,Everyone,Education,"May 16, 2018",1.2,4.1 and up,,,,,Unknown,,,,
BSPlayer ARMv7 VFP CPU support,VIDEO_PLAYERS,4.3,9966,5.5,1000000,Free,0.0,Everyone,Video Players & Editors,"March 31, 2017",1.23,2.1 and up,,,,,Unknown,,,,
Marked by King Bs,FAMILY,4.6,70335,58.0,500000,Free,0.0,Teen,Simulation,"October 17, 2017",1.0.7,4.3 and up,,,,,Unknown,,,,
COMSATS BOOK STORE FOR BS(CS),FAMILY,5.0,15,94.0,50,Free,0.0,Everyone,Education,"July 11, 2018",2.0,4.0.3 and up,,,,,Unknown,,,,
BS-Mobile,COMMUNICATION,5.0,1,0.683,50,Free,0.0,Everyone,Communication,"September 3, 2015",0.1,2.3 and up,,,,,Unknown,,,,
BS Meter (Ad Supported),FAMILY,3.9,14,0.592,1000,Free,0.0,Teen,Entertainment,"August 14, 2013",2.0,2.2 and up,,,,,Unknown,,,,
Simulator Brawl Box for BS,FAMILY,3.9,168,6.4,5000,Free,0.0,Everyone,Simulation,"June 27, 2017",1.1,4.0.3 and up,,,,,Unknown,,,,
BS Generator,FAMILY,4.2,5,3.3,100,Free,0.0,Everyone,Entertainment,"July 23, 2016",1.1,4.4 and up,,,,,Unknown,,,,
BS player remote,VIDEO_PLAYERS,3.5,54,0.186,10000,Free,0.0,Everyone,Video Players & Editors,"April 22, 2013",1.0,2.2 and up,,,,,Unknown,,,,
King of B.S.,FAMILY,4.0,4,0.84,100,Free,0.0,Everyone,Education,"June 9, 2014",1.0.1,4.0.3 and up,,,,,Unknown,,,,
BS Play,FAMILY,3.7,56,1.5,5000,Free,0.0,Everyone,Education,"March 4, 2015",1.1.2,4.0 and up,,,,,Unknown,,,,
B@dL!bs Lite,GAME,3.8,10,36.0,1000,Free,0.0,Mature 17+,Word,"April 5, 2016",6,4.0.3 and up,,,,,Unknown,,,,
BS Battery+,TOOLS,4.3,269,0.647,50000,Free,0.0,Everyone,Tools,"August 18, 2012",4.0.1,2.0 and up,,,,,Unknown,,,,
BS MAPS,MAPS_AND_NAVIGATION,4.5,6,2.5,50,Free,0.0,Everyone,Maps & Navigation,"July 28, 2018",2.1,4.0 and up,,,,,Unknown,,,,
Beauty Rental Shop,FAMILY,4.6,11480,93.0,100000,Free,0.0,Everyone,Simulation,"May 25, 2018",1.0.4,4.4 and up,,,,,Unknown,,,,
Bsc Agri Notes,FAMILY,4.5,301,5.6,10000,Free,0.0,Everyone,Education,"July 1, 2018",1.0,4.1 and up,,,,,Unknown,,,,
Love Signal: D-Mate,FAMILY,4.3,1895,72.0,50000,Free,0.0,Everyone,Simulation,"February 27, 2018",1.0.1,4.4 and up,,,,,Unknown,,,,
BSC IT,FAMILY,4.4,847,21.0,10000,Free,0.0,Everyone,Education,"July 16, 2018",2.3,4.0.3 and up,,,,,Unknown,,,,
Sleeping Delivery,FAMILY,4.6,19640,67.0,100000,Free,0.0,Teen,Simulation,"May 18, 2018",2.0,4.4 and up,,,,,Unknown,,,,
CABLE SIZE CALCULATOR BS 7671,TOOLS,3.9,333,1.1,100000,Free,0.0,Everyone,Tools,"February 3, 2016",2.4,2.3 and up,,,,,Unknown,,,,
Strætó.is,MAPS_AND_NAVIGATION,3.1,742,15.0,100000,Free,0.0,Everyone,Maps & Navigation,"July 9, 2018",5.7,4.1 and up,,,,,Unknown,,,,
VOLT DROP CALCULATOR BS 7671,TOOLS,3.9,71,1.1,10000,Free,0.0,Everyone,Tools,"January 26, 2016",2.0,2.3 and up,,,,,Unknown,,,,
BSc Ag Entrance Preparation,FAMILY,4.4,138,6.2,10000,Free,0.0,Everyone,Education,"May 31, 2018",3.7,4.1 and up,,,,,Unknown,,,,
17th Edition Cable Sizer,BOOKS_AND_REFERENCE,4.4,47,1.4,1000,Paid,3.08,Everyone,Books & Reference,"May 27, 2016",1.22,2.2 and up,,,,,Unknown,,,,
Black Survival,FAMILY,4.4,48451,52.0,1000000,Free,0.0,Teen,Strategy,"August 1, 2018",4.6.00,4.0.3 and up,,,,,Unknown,,,,
Black Social,SOCIAL,4.6,22,8.7,1000,Free,0.0,Teen,Social,"August 5, 2018",31.1.4,4.3 and up,,,,,Unknown,,,,
BTNotification,TOOLS,3.9,15665,0.373,5000000,Free,0.0,Everyone,Tools,"July 8, 2016",1.1.43,4.0 and up,,,,,Unknown,,,,
Little Magnet BT,TOOLS,4.6,3703,3.8,100000,Free,0.0,Everyone,Tools,"August 5, 2018",4.1.4,4.2 and up,,,,,Unknown,,,,
BT Notifier,TOOLS,2.5,2794,3.8,1000000,Free,0.0,Everyone,Tools,"May 28, 2018",2.9,4.3 and up,,,,,Unknown,,,,
Little Magnet BT Pro,TOOLS,4.6,251,3.8,1000,Paid,0.99,Everyone,Tools,"August 5, 2018",4.1.4,4.2 and up,,,,,Unknown,,,,
Bt Notifier -Smartwatch notice,TOOLS,2.8,632,8.2,500000,Free,0.0,Everyone,Tools,"May 23, 2017",1.0,6.0 and up,,,,,Unknown,,,,
BT One Voice mobile access,COMMUNICATION,4.0,32,0.437,5000,Free,0.0,Everyone,Communication,"July 30, 2015",Version 1.6,1.6 and up,,,,,Unknown,,,,
BT One Mobile secure access,BUSINESS,3.4,54,5.7,10000,Free,0.0,Everyone,Business,"July 28, 2016",3.61,2.3.3 and up,,,,,Unknown,,,,
BT Communicator,SOCIAL,3.8,32,1.6,10000,Free,0.0,Teen,Social,"December 16, 2016",1.0,1.6 and up,,,,,Unknown,,,,
BT One Voice anywhere,BUSINESS,4.5,80,16.0,10000,Free,0.0,Everyone,Business,"December 23, 2016",2.54.3,2.2 and up,,,,,Unknown,,,,
BT Find Address for Bluetooth,BUSINESS,4.8,8,2.6,5000,Free,0.0,Everyone,Business,"October 31, 2017",2.0,3.0 and up,,,,,Unknown,,,,
BT Camera,PHOTOGRAPHY,3.3,1307,6.6,500000,Free,0.0,Everyone,Photography,"February 24, 2017",1.8,2.3 and up,,,,,Unknown,,,,
BT Messenger,COMMUNICATION,3.9,97,0.598,50000,Free,0.0,Everyone,Communication,"May 15, 2015",1.0,2.2 and up,,,,,Unknown,,,,
BT One Phone Mobile App,COMMUNICATION,3.5,33,2.7,10000,Free,0.0,Everyone,Communication,"September 18, 2017",2.2.6,4.1 and up,,,,,Unknown,,,,
SW-100.tch by Callstel,COMMUNICATION,4.0,1926,0.716,1000000,Free,0.0,Everyone,Communication,"December 16, 2015",1.3.20,2.2 and up,,,,,Unknown,,,,
BT MeetMe with Dolby Voice,COMMUNICATION,3.6,437,12.0,100000,Free,0.0,Everyone,Communication,"July 13, 2018",2.66.5,5.0 and up,,,,,Unknown,,,,
BT Share It,BUSINESS,4.7,12,13.0,500,Free,0.0,Everyone,Business,"May 16, 2018",3.4.2,4.4 and up,,,,,Unknown,,,,
Bluetooth Auto Connect,COMMUNICATION,3.9,20829,1.9,5000000,Free,0.0,Everyone,Communication,"November 17, 2017",4.5.4,3.0 and up,,,,,Unknown,,,,
Wifi BT Scanner,FAMILY,5.0,2,1.2,500,Free,0.0,Everyone,Education,"November 3, 2016",1.0,4.0.3 and up,,,,,Unknown,,,,
Ultimate Control BT,BUSINESS,4.6,14,4.3,500,Free,0.0,Everyone,Business,"June 6, 2018",3.3.2,4.4 and up,,,,,Unknown,,,,
BT Controller,TOOLS,3.9,4374,13.0,1000000,Free,0.0,Everyone,Tools,"June 25, 2018",3.1.3,4.2 and up,,,,,Unknown,,,,
BT Church,LIFESTYLE,4.9,26,8.4,1000,Free,0.0,Teen,Lifestyle,"June 25, 2018",3.8.0,4.1 and up,,,,,Unknown,,,,
Mediatek SmartDevice,TOOLS,3.6,11187,7.3,1000000,Free,0.0,Everyone,Tools,"March 17, 2017",V1.7.6,4.0 and up,,,,,Unknown,,,,
LG BT Reader Plus,TOOLS,3.7,2992,0.585,500000,Free,0.0,Everyone,Tools,"February 25, 2016",2.1.11,4.1 and up,,,,,Unknown,,,,
BT Mobile,MAPS_AND_NAVIGATION,3.9,22,3.2,1000,Free,0.0,Everyone,Maps & Navigation,"July 4, 2018",2.2,4.1 and up,,,,,Unknown,,,,
MagicLight BT,LIFESTYLE,2.7,135,6.5,10000,Free,0.0,Everyone,Lifestyle,"July 11, 2018",1.2.1,4.3 and up,,,,,Unknown,,,,
Bluetooth Control BT->uC FREE,TOOLS,3.8,67,2.7,10000,Free,0.0,Everyone,Tools,"June 6, 2016",1.9.0,3.0 and up,,,,,Unknown,,,,
B.T.,NEWS_AND_MAGAZINES,2.8,636,1.4,100000,Free,0.0,Everyone,News & Magazines,"June 8, 2018",1.12.2,4.1 and up,,,,,Unknown,,,,
Autool BT-BOX,TOOLS,3.5,4,17.0,500,Free,0.0,Everyone,Tools,"May 12, 2018",1.0.1,4.3 and up,,,,,Unknown,,,,
BT Remote (SPP) for Bluetooth,TOOLS,4.1,36,3.1,10000,Free,0.0,Everyone,Tools,"October 24, 2016",1.16,2.3.3 and up,,,,,Unknown,,,,
Battery Notifier Pro BT,TOOLS,4.7,1363,1.6,10000,Paid,2.59,Everyone,Tools,"June 7, 2017",2.5.18,1.6 and up,,,,,Unknown,,,,
Battery Notifier BT Free,TOOLS,4.5,21979,0.982,1000000,Free,0.0,Everyone,Tools,"June 7, 2017",2.1.15,1.6 and up,,,,,Unknown,,,,
"BT Dating -Find your match, help cupid, be social",SOCIAL,4.1,158,26.0,50000,Free,0.0,Mature 17+,Social,"July 19, 2018",2.3,4.1 and up,,,,,Unknown,,,,
Aegis BT,BUSINESS,4.8,16,4.5,500,Free,0.0,Everyone,Business,"September 6, 2017",1.0.10,4.1 and up,,,,,Unknown,,,,
AudioBT: BT audio GPS/SMS/Text,COMMUNICATION,3.4,198,0.219,50000,Free,0.0,Everyone,Communication,"February 21, 2017",3.2.1,4.0 and up,,,,,Unknown,,,,
Jabbla BT,TOOLS,5.0,3,0.055,100,Free,0.0,Everyone,Tools,"October 6, 2014",1.0,4.2 and up,,,,,Unknown,,,,
SenseView BT Zephyr Sensor,TOOLS,4.3,37,0.323,5000,Free,0.0,Everyone,Tools,"May 15, 2015",1.1.15205,2.2 and up,,,,,Unknown,,,,
Bu the Baby Bunny - Cute pet care game,FAMILY,4.4,37122,89.0,1000000,Free,0.0,Everyone,Educational,"June 14, 2018",1.03,4.1 and up,,,,,Unknown,,,,
Boston University Alumni,FAMILY,1.8,5,5.2,1000,Free,0.0,Everyone,Education,"December 2, 2017",4.0,4.4 and up,,,,,Unknown,,,,
BU Bus Tracker,MAPS_AND_NAVIGATION,4.2,57,15.0,10000,Free,0.0,Everyone,Maps & Navigation,"September 5, 2017",2.02,4.1 and up,,,,,Unknown,,,,
kick the buddy,GAME,3.3,294,19.0,10000,Free,0.0,Everyone,Arcade,"July 19, 2018",1.0,3.0 and up,,,,,Unknown,,,,
BU Study,FAMILY,5.0,7,5.6,10,Free,0.0,Everyone,Education,"December 7, 2017",1.0,4.0.3 and up,,,,,Unknown,,,,
sustainability@BU,LIFESTYLE,4.8,10,11.0,1000,Free,0.0,Everyone,Lifestyle,"January 18, 2018",4.2.7,4.1 and up,,,,,Unknown,,,,
BU Mobile,FAMILY,4.5,472,4.3,10000,Free,0.0,Everyone,Education,"July 6, 2018",2.4.1,2.3.3 and up,,,,,Unknown,,,,
Barisal University App-BU Face,FAMILY,5.0,100,10.0,1000,Free,0.0,Everyone,Education,"May 6, 2018",3.1.1,4.0.3 and up,,,,,Unknown,,,,
"Pu - Cute giant panda bear, baby pet care game",FAMILY,4.5,22167,88.0,1000000,Free,0.0,Everyone,Educational,"June 12, 2018",1.18,4.1 and up,,,,,Unknown,,,,
BU Students' Rep. Council,FAMILY,4.7,38,5.3,500,Free,0.0,Everyone,Education,"July 5, 2018",5.45.0_713,4.0 and up,,,,,Unknown,,,,
BU Calculator,FAMILY,4.6,69,3.1,1000,Free,0.0,Everyone,Education,"July 24, 2017",2.4,4.0.3 and up,,,,,Unknown,,,,
BU Syllabus,FAMILY,4.5,38,6.5,1000,Free,0.0,Everyone,Education,"September 21, 2017",1.0.3,4.0.3 and up,,,,,Unknown,,,,
BU Bison Nation,SPORTS,3.5,4,40.0,100,Free,0.0,Everyone,Sports,"September 21, 2017",6.0.2,4.4 and up,,,,,Unknown,,,,
BU Library,FAMILY,3.5,4,21.0,1000,Free,0.0,Everyone,Education,"September 22, 2017",1.1,4.3 and up,,,,,Unknown,,,,
SkyTest BU/GU Lite,BUSINESS,2.9,28,20.0,500,Paid,17.99,Everyone,Business,"October 24, 2017",2.0.5,3.0 and up,,,,,Unknown,,,,
Kristian Hla Bu,BOOKS_AND_REFERENCE,4.8,238,27.0,10000,Free,0.0,Everyone,Books & Reference,"May 25, 2018",1.0,4.0 and up,,,,,Unknown,,,,
SA HLA BU,BOOKS_AND_REFERENCE,4.7,119,1.5,1000,Free,0.0,Everyone,Books & Reference,"September 21, 2017",1.0,4.1 and up,,,,,Unknown,,,,
Büfe BU,LIFESTYLE,4.1,14,13.0,100,Free,0.0,Everyone,Lifestyle,"October 17, 2015",2.0,4.0.3 and up,,,,,Unknown,,,,
BV Mobile Apps,PRODUCTIVITY,5.0,3,4.8,100,Free,0.0,Everyone,Productivity,"June 5, 2018",2.0,4.2 and up,,,,,Unknown,,,,
BV,COMMUNICATION,5.0,3,1.6,100,Free,0.0,Everyone,Communication,"August 4, 2016","1,01",3.0 and up,,,,,Unknown,,,,
Bacteria Vaginosis,HEALTH_AND_FITNESS,4.0,4015,7.7,1000000,Free,0.0,Mature 17+,Health & Fitness,"April 27, 2017",6.0,3.0 and up,,,,,Unknown,,,,
BV Smart,BUSINESS,4.3,28,3.4,1000,Free,0.0,Everyone,Business,"May 1, 2015",1.1,4.0 and up,,,,,Unknown,,,,
Bacterial Vaginosis Symptoms,MEDICAL,4.1,698,2.4,100000,Free,0.0,Everyone 10+,Medical,"February 3, 2015",1.1,3.0 and up,,,,,Unknown,,,,
BV Sridhara Maharaj,FAMILY,5.0,8,2.7,100,Free,0.0,Everyone,Entertainment,"December 3, 2017",1.1,4.1 and up,,,,,Unknown,,,,
Bacterial vaginosis Treatment - Sexual disease,HEALTH_AND_FITNESS,5.0,2,5.9,500,Free,0.0,Everyone,Health & Fitness,"June 25, 2018",2.0,4.0.3 and up,,,,,Unknown,,,,
Schulman B.V.,SHOPPING,4.0,6,20.0,100,Free,0.0,Everyone,Shopping,"September 14, 2016",1.0,4.1 and up,,,,,Unknown,,,,
BV Taxi Sudan,MAPS_AND_NAVIGATION,3.5,8,26.0,10,Free,0.0,Everyone,Maps & Navigation,"January 17, 2018",1.2.20180117,4.1 and up,,,,,Unknown,,,,
Meu Cartão BV,FINANCE,4.1,15057,5.7,500000,Free,0.0,Everyone,Finance,"August 3, 2018",2.4.0,5.0 and up,,,,,Unknown,,,,
StartPage Private Search,LIFESTYLE,4.6,10198,2.2,100000,Free,0.0,Everyone,Lifestyle,"August 21, 2017",1.10,2.1 and up,,,,,Unknown,,,,
TomTom GPS Navigation Traffic,MAPS_AND_NAVIGATION,4.1,132792,62.0,10000000,Free,0.0,Everyone,Maps & Navigation,"October 25, 2017",1.17.1,4.0.3 and up,,,,,Unknown,,,,
OLX Uganda Sell Buy Cellphones,SHOPPING,4.2,4977,9.8,100000,Free,0.0,Everyone,Shopping,"July 25, 2018",11.15.03,4.1 and up,,,,,Unknown,,,,
Feel Performer,COMMUNICATION,2.2,62,34.0,10000,Free,0.0,Everyone,Communication,"April 9, 2018",2.0.3,4.1 and up,,,,,Unknown,,,,
Smashy Road: Arena,GAME,4.3,45558,53.0,5000000,Free,0.0,Everyone 10+,Action,"May 24, 2018",1.1.9,4.1 and up,,,,,Unknown,,,,
My Budget Book,FINANCE,4.7,19784,7.3,100000,Paid,2.99,Everyone,Finance,"June 13, 2018",7.6,4.0 and up,,,,,Unknown,,,,
Allsetra B.V.,BUSINESS,4.1,15,24.0,1000,Free,0.0,Everyone,Business,"April 5, 2018",3.1.2,4.3 and up,,,,,Unknown,,,,
Philips Hue,LIFESTYLE,3.1,10006,53.0,1000000,Free,0.0,Everyone,Lifestyle,"July 26, 2018",3.2.0,5.0 and up,,,,,Unknown,,,,
Evolution: Battle for Utopia,FAMILY,4.2,246705,27.0,1000000,Free,0.0,Teen,Strategy,"May 4, 2018",3.5.2,4.0.3 and up,,,,,Unknown,,,,
Best Western To Go,TRAVEL_AND_LOCAL,3.0,2719,17.0,100000,Free,0.0,Teen,Travel & Local,"August 2, 2018",5.14.1,4.2 and up,,,,,Unknown,,,,
BW-Go,GAME,4.8,265,1.3,1000,Paid,3.49,Everyone,Board,"June 18, 2015",4.8.1,2.3 and up,,,,,Unknown,,,,
BW Smart,TOOLS,3.7,50,19.0,5000,Free,0.0,Everyone,Tools,"June 6, 2017",v1.2.2,4.0 and up,,,,,Unknown,,,,
Watch Face BW Inter,PERSONALIZATION,3.1,112,8.8,1000,Paid,0.99,Everyone,Personalization,"April 26, 2017",2.1.7,4.3 and up,,,,,Unknown,,,,
BW-Go Free,GAME,4.6,547,1.3,10000,Free,0.0,Everyone,Board,"June 18, 2015",4.8.1,2.3 and up,,,,,Unknown,,,,
BlitzWolf Shutter - BW Shutter,PHOTOGRAPHY,2.9,333,1.8,50000,Free,0.0,Everyone,Photography,"November 22, 2017",1.8.0,4.0 and up,,,,,Unknown,,,,
Black & White Camera - Lovely BW,PHOTOGRAPHY,4.2,329,4.8,100000,Free,0.0,Everyone,Photography,"November 13, 2017",1.1.0,4.4 and up,,,,,Unknown,,,,
BW-Joseki,GAME,4.7,705,1.8,10000,Free,0.0,Everyone,Board,"July 28, 2015",1.2.1,4.0.3 and up,,,,,Unknown,,,,
BW-DGS plugin,GAME,4.5,70,0.691,1000,Free,0.0,Everyone,Board,"May 13, 2018",1.6.0,4.0 and up,,,,,Unknown,,,,
BW App,LIFESTYLE,2.8,48,12.0,5000,Free,0.0,Everyone,Lifestyle,"September 27, 2017",2.8.216.6-ba,4.0 and up,,,,,Unknown,,,,
Next Launcher 3D Theme Stun-BW,PERSONALIZATION,4.4,2839,5.1,100000,Free,0.0,Everyone,Personalization,"January 11, 2014",1.00,2.2 and up,,,,,Unknown,,,,
Standard Chartered Mobile (BW),FINANCE,4.4,96,7.2,10000,Free,0.0,Everyone,Finance,"August 5, 2018",2.9,4.0 and up,,,,,Unknown,,,,
BW Mobilbanking für Smartphone und Tablet,FINANCE,4.1,2048,24.0,100000,Free,0.0,Everyone,Finance,"July 10, 2018",4.2.0,4.4 and up,,,,,Unknown,,,,
BW COMPANY FINDER,BUSINESS,4.6,48,7.4,1000,Free,0.0,Everyone,Business,"August 21, 2017",1.5,4.0 and up,,,,,Unknown,,,,
BW Taxi,MAPS_AND_NAVIGATION,3.0,67,53.0,5000,Free,0.0,Everyone,Maps & Navigation,"May 1, 2018",3.19.34,5.0 and up,,,,,Unknown,,,,
BW-GnuGo,GAME,4.1,64,1.3,5000,Free,0.0,Everyone,Board,"June 2, 2013",2.0.0,2.2 and up,,,,,Unknown,,,,
Bw Events,EVENTS,4.4,16,1.7,100,Free,0.0,Everyone,Events,"August 9, 2016",1.0,4.0 and up,,,,,Unknown,,,,
BW Wallpaper,PERSONALIZATION,4.5,4,0.511,50,Free,0.0,Everyone,Personalization,"December 31, 2016",1.4,4.0 and up,,,,,Unknown,,,,
Skull Widget BW,PERSONALIZATION,4.5,4,1.7,10,Free,0.0,Everyone,Personalization,"February 28, 2018",1.1,4.4 and up,,,,,Unknown,,,,
BW Map mobile,TRAVEL_AND_LOCAL,3.6,57,32.0,10000,Free,0.0,Everyone,Travel & Local,"May 31, 2018",3.2,4.0 and up,,,,,Unknown,,,,
Bell and Wyson Camera BW Pix +,LIFESTYLE,2.0,8,12.0,1000,Free,0.0,Everyone,Lifestyle,"November 14, 2016",2.0.18.23,2.3 and up,,,,,Unknown,,,,
Best Western e-Concierge Hotel,TRAVEL_AND_LOCAL,4.0,41,23.0,10000,Free,0.0,Everyone,Travel & Local,"June 4, 2018",2.8.1,5.0 and up,,,,,Unknown,,,,
BlackCam Pro - B&W Camera,PHOTOGRAPHY,4.5,1376,5.5,100000,Paid,1.49,Everyone,Photography,"March 26, 2018",1.51,4.0 and up,,,,,Unknown,,,,
SAP BW Tutorial,FAMILY,4.0,11,9.4,1000,Free,0.0,Everyone,Education,"January 10, 2016",0.0.1,4.1 and up,,,,,Unknown,,,,
Kromium BW Theme for NEXT,PERSONALIZATION,4.3,1098,18.0,50000,Free,0.0,Everyone,Personalization,"October 11, 2014",1.0.1,3.0 and up,,,,,Unknown,,,,
Color Changer Pro [root],PERSONALIZATION,4.5,69,0.951,1000,Paid,0.99,Everyone,Personalization,"January 12, 2017",1.11,4.4 and up,,,,,Unknown,,,,
Fantasy theme dark bw black building,ART_AND_DESIGN,4.8,41,1.9,5000,Free,0.0,Everyone,Art & Design,"March 20, 2018",1.0.2,4.0 and up,,,,,Unknown,,,,
Keyboard Theme Gate Flat BW,PERSONALIZATION,4.5,75,2.6,10000,Free,0.0,Mature 17+,Personalization,"May 26, 2016",2.0,4.0.3 and up,,,,,Unknown,,,,
BL Essentials BW Icon Pack,PERSONALIZATION,4.2,17,0.963,1000,Free,0.0,Everyone,Personalization,"May 6, 2013",1.0.1,2.1 and up,,,,,Unknown,,,,
Hypocam,PHOTOGRAPHY,4.5,12572,8.5,1000000,Free,0.0,Everyone,Photography,"March 14, 2018",1.31,4.0 and up,,,,,Unknown,,,,
Hitman GO,FAMILY,4.6,84114,23.0,500000,Paid,0.99,Everyone 10+,Puzzle,"July 5, 2018",1.13.108869,2.3.3 and up,,,,,Unknown,,,,
B&W Photo Filter Editor,PHOTOGRAPHY,3.9,205,2.4,50000,Free,0.0,Everyone,Photography,"July 29, 2017",1.0.5,4.0 and up,,,,,Unknown,,,,
BX Memo,FAMILY,4.3,131,2.0,5000,Free,0.0,Everyone,Education,"November 17, 2016",3.3.1,2.2 and up,,,,,Unknown,,,,
Bixby Button Remapper - bxActions Pro / Coffee,TOOLS,3.9,319,0.025,10000,Paid,2.99,Everyone,Tools,"April 28, 2017",1.00,7.0 and up,,,,,Unknown,,,,
Bixby Button Remapper - bxActions,TOOLS,4.3,13064,4.6,1000000,Free,0.0,Everyone,Tools,"May 23, 2018",4.72,7.0 and up,,,,,Unknown,,,,
Bitcoin BX Thailand,FINANCE,3.7,120,31.0,10000,Free,0.0,Everyone,Finance,"October 23, 2017",4.1,4.0.3 and up,,,,,Unknown,,,,
Bx Thailand Alert (Bitcoin),FINANCE,4.7,3,8.2,100,Free,0.0,Everyone,Finance,"February 5, 2018",1.0.2,4.2 and up,,,,,Unknown,,,,
bX Hot Articles by Ex Libris,FAMILY,4.3,42,0.554,5000,Free,0.0,Everyone,Education,"May 9, 2017",2,2.2 and up,,,,,Unknown,,,,
Bitcoin BX Thailand PRO,FINANCE,1.7,21,21.0,100,Paid,4.99,Everyone,Finance,"October 22, 2017",5.0,4.0.3 and up,,,,,Unknown,,,,
Bitcoin Bx (Thailand),FINANCE,4.5,101,6.9,10000,Free,0.0,Everyone,Finance,"August 4, 2018",1.8.4,5.0 and up,,,,,Unknown,,,,
BX Mobile TMC for SAP B1,BUSINESS,4.7,3,11.0,100,Free,0.0,Everyone,Business,"January 20, 2015",1.0.16,4.0.3 and up,,,,,Unknown,,,,
BxPort - Bitcoin Bx (Thailand),FINANCE,5.0,4,4.1,50,Free,0.0,Everyone,Finance,"July 14, 2018",1.0.4,4.2 and up,,,,,Unknown,,,,
BX Diff - Crypto Coins Checker,FINANCE,4.6,83,4.0,5000,Free,0.0,Everyone,Finance,"July 16, 2018",1.0.21,4.4 and up,,,,,Unknown,,,,
bitcoin exchange bx thailand,FINANCE,2.9,19,2.2,5000,Free,0.0,Everyone,Finance,"June 26, 2017",1.6,4.4 and up,,,,,Unknown,,,,
Bitcoin & Cryptocurrency - Bx,FINANCE,4.8,11,3.7,1000,Free,0.0,Everyone,Finance,"November 28, 2017",0.1.6,4.1 and up,,,,,Unknown,,,,
Benefit Extras Mobile App,HEALTH_AND_FITNESS,2.3,3,2.4,1000,Free,0.0,Everyone,Health & Fitness,"July 18, 2018",6.0,5.0 and up,,,,,Unknown,,,,
Car Driving Simulator Citroen,FAMILY,3.8,174,44.0,10000,Free,0.0,Everyone,Simulation,"July 18, 2017",1.0,2.3 and up,,,,,Unknown,,,,
LEDSHOWTW,TOOLS,4.2,5,31.0,500,Free,0.0,Everyone,Tools,"April 23, 2018",1.3.3,4.0.3 and up,,,,,Unknown,,,,
Water Surfer Floating BMX Bicycle Rider Racing,FAMILY,4.4,551,38.0,100000,Free,0.0,Everyone,Simulation,"July 3, 2017",1.0,2.3 and up,,,,,Unknown,,,,
RC Monster Truck - Offroad Driving Simulator,GAME,4.0,38448,27.0,5000000,Free,0.0,Everyone,Racing,"June 16, 2018",1.4.3,4.1 and up,,,,,Unknown,,,,
Tiny Call Confirm,COMMUNICATION,4.1,22782,0.351,1000000,Free,0.0,Everyone,Communication,"March 25, 2015",4.2.0,2.2 and up,,,,,Unknown,,,,
Casa de Bolsa Bx+ Móvil,FINANCE,3.4,5,8.8,500,Free,0.0,Everyone,Finance,"July 18, 2017",1.0.7,4.0 and up,,,,,Unknown,,,,
Super Jabber Jump,GAME,4.3,85882,23.0,10000000,Free,0.0,Everyone,Arcade,"November 7, 2017",6.6.3106,2.3 and up,,,,,Unknown,,,,
Commando Adventure Assassin,GAME,4.0,51067,48.0,5000000,Free,0.0,Teen,Action,"May 29, 2018",1.18,4.1 and up,,,,,Unknown,,,,
Limbo PC Emulator QEMU ARM x86,TOOLS,4.2,13005,9.7,1000000,Free,0.0,Everyone,Tools,"January 21, 2018",no_update_signal.2_9_1_arm-x86_64-alpha,4.2 and up,,,,,Unknown,,,,
Lollipop Launcher Plus,PERSONALIZATION,4.1,131,0.027,1000,Paid,4.99,Everyone,Personalization,"March 8, 2015",1.0,4.0.3 and up,,,,,Unknown,,,,
Crypto Tracker by BitScreener,FINANCE,4.7,396,12.0,10000,Free,0.0,Everyone,Finance,"August 5, 2018",3.1.5,5.0 and up,,,,,Unknown,,,,
City Builder 2016: County Mall,FAMILY,4.2,41693,74.0,1000000,Free,0.0,Everyone,Simulation,"June 4, 2018",1.0.23,4.0 and up,,,,,Unknown,,,,
Fists For Fighting (Fx3),SPORTS,3.9,138739,44.0,10000000,Free,0.0,Teen,Sports,"July 7, 2018",1.998,4.1 and up,,,,,Unknown,,,,
Train driving simulator,FAMILY,3.8,91645,36.0,10000000,Free,0.0,Teen,Simulation,"May 8, 2018",1.94,4.1 and up,,,,,Unknown,,,,
Roulette Advisor LITE,GAME,4.1,41,1.4,5000,Free,0.0,Everyone,Casino,"August 21, 2014",2.2,3.0 and up,,,,,Unknown,,,,
BMX Boy Bike Stunt Rider Game,GAME,3.8,299,25.0,10000,Free,0.0,Everyone,Racing,"November 10, 2017",1.1,4.1 and up,,,,,Unknown,,,,
Best Friends Dress Up & Makeup,FAMILY,3.7,7664,44.0,500000,Free,0.0,Everyone,Casual;Pretend Play,"September 9, 2015",1.0.3,4.0.3 and up,,,,,Unknown,,,,
World of Warriors: Duel,GAME,4.3,25952,36.0,500000,Free,0.0,Everyone 10+,Action,"September 7, 2015",1.1.2,2.3 and up,,,,,Unknown,,,,
Trinomial Factoring Wizard,TOOLS,4.0,22,0.082,1000,Paid,0.99,Everyone,Tools,"October 10, 2014",2.4,2.3 and up,,,,,Unknown,,,,
Driving Zone,GAME,4.2,51791,57.0,1000000,Free,0.0,Everyone,Racing,"June 6, 2018",1.53,4.1 and up,,,,,Unknown,,,,
Quadratic Equation Solver with Steps and Graphs,FAMILY,4.7,513,9.8,50000,Free,0.0,Everyone,Education,"December 14, 2017",1.4.1,4.0 and up,,,,,Unknown,,,,
Car Race by Fun Games For Free,GAME,4.3,54221,47.0,1000000,Free,0.0,Everyone,Racing,"June 15, 2013",1.2,2.3 and up,,,,,Unknown,,,,
Adult Color By Number Book: Number Coloring Pages,FAMILY,4.2,2231,37.0,500000,Free,0.0,Everyone,Entertainment,"July 23, 2018",2.9,4.4 and up,,,,,Unknown,,,,
Glitter Color By Number - Glitter Number Coloring,FAMILY,3.5,1380,6.9,500000,Free,0.0,Everyone,Entertainment,"July 18, 2018",1.6,4.0 and up,,,,,Unknown,,,,
Sandbox - Color by Number Coloring Pages,FAMILY,4.7,412744,10.0,10000000,Free,0.0,Everyone,Entertainment;Creativity,"July 19, 2018",0.2.7,4.4 and up,,,,,Unknown,,,,
Sandbox Art-Sandbox Color by Number Coloring Pages,FAMILY,4.7,12784,15.0,1000000,Free,0.0,Everyone,Entertainment,"August 4, 2018",1.3.3,4.1 and up,,,,,Unknown,,,,
One Today by Google,LIFESTYLE,4.5,2586,9.4,100000,Free,0.0,Everyone,Lifestyle,"December 17, 2015",1.9.0.110162364,4.0.3 and up,,,,,Unknown,,,,
Art Pixel Coloring. Color by Number.,FAMILY,4.5,992,49.0,100000,Free,0.0,Teen,Entertainment,"August 2, 2018",1.2.0.200,4.2 and up,,,,,Unknown,,,,
Color By Number - Sandbox Pixel Coloring Book,FAMILY,4.7,24557,24.0,1000000,Free,0.0,Everyone,Casual;Creativity,"August 3, 2018",1.3.6,4.4 and up,,,,,Unknown,,,,
PixelDot - Color by Number Sandbox Pixel Art,FAMILY,4.6,16041,7.3,1000000,Free,0.0,Everyone,Entertainment,"July 5, 2018",1.3.3.1,4.3 and up,,,,,Unknown,,,,
Slot Machines by IGG,GAME,4.6,267229,24.0,10000000,Free,0.0,Teen,Casino,"May 28, 2018",1.7.4,2.3 and up,,,,,Unknown,,,,
PixPanda - Color by Number Pixel Art Coloring Book,FAMILY,4.9,55723,14.0,1000000,Free,0.0,Everyone,Entertainment,"June 4, 2018",3.3,4.0.3 and up,,,,,Unknown,,,,
No.Color – Color by Number,FAMILY,4.4,23474,8.8,5000000,Free,0.0,Everyone,Casual;Creativity,"July 26, 2018",1.0.7,4.1 and up,,,,,Unknown,,,,
PixBox Coloring - Color by number Sandbox,FAMILY,4.5,12293,4.0,1000000,Free,0.0,Everyone,Entertainment,"May 6, 2018",1.2.6,4.0.3 and up,,,,,Unknown,,,,
Pixelmania - Color by number & create pixel art,FAMILY,4.4,3588,18.0,500000,Free,0.0,Everyone,Entertainment,"February 25, 2018",1.18,4.3 and up,,,,,Unknown,,,,
Valentines love color by number-Pixel art coloring,FAMILY,4.4,767,18.0,100000,Free,0.0,Everyone,Entertainment,"February 23, 2018",1.1,4.1 and up,,,,,Unknown,,,,
Rized ‼️ Color By Number & Pixel Coloring Book,FAMILY,3.0,1279,13.0,100000,Free,0.0,Everyone,Casual,"June 13, 2018",1.1.7,4.3 and up,,,,,Unknown,,,,
Pixyfy: coloring by number coloring book,FAMILY,4.8,22290,13.0,500000,Free,0.0,Everyone,Puzzle,"August 5, 2018",18.08.05,4.0 and up,,,,,Unknown,,,,
Draw Color by Number - Sandbox Pixel Art,FAMILY,4.7,34279,24.0,1000000,Free,0.0,Everyone,Casual;Creativity,"August 2, 2018",1.2.3,4.4 and up,,,,,Unknown,,,,
Tattoo Color By Number Draw Book Page Pixel Art,FAMILY,4.0,309,25.0,100000,Free,0.0,Everyone,Entertainment,"May 2, 2018",1.4,4.1 and up,,,,,Unknown,,,,
SegPlay Mobile Paint by Number,FAMILY,3.7,1478,43.0,100000,Free,0.0,Everyone,Casual,"April 22, 2017",4.0.15,2.3 and up,,,,,Unknown,,,,
Paint By Number,FAMILY,3.5,807,4.6,500000,Free,0.0,Everyone,Casual,"May 1, 2018",1.4.0,3.0 and up,,,,,Unknown,,,,
Color by Disney,FAMILY,2.7,5706,47.0,500000,Free,0.0,Everyone,Entertainment,"July 13, 2017",1.7,4.4 and up,,,,,Unknown,,,,
Bingo by IGG: Top Bingo+Slots!,GAME,4.7,183343,20.0,5000000,Free,0.0,Teen,Casino,"May 28, 2018",1.5.1,2.3 and up,,,,,Unknown,,,,
Painting By Numbers,FAMILY,4.1,213,26.0,50000,Free,0.0,Everyone,Puzzle;Brain Games,"June 8, 2018",1.2.100,4.1 and up,,,,,Unknown,,,,
3D Color by Number with Voxels,FAMILY,4.5,5481,69.0,500000,Free,0.0,Everyone,Entertainment,"July 7, 2018",1.3,4.4 and up,,,,,Unknown,,,,
Butterfly Pixel Art - coloring by number,FAMILY,4.6,769,13.0,100000,Free,0.0,Everyone,Entertainment,"April 4, 2018",1.06,4.1 and up,,,,,Unknown,,,,
Best Hairstyles step by step,BEAUTY,4.5,45452,9.2,5000000,Free,0.0,Everyone,Beauty,"July 19, 2018",1.25,4.0 and up,,,,,Unknown,,,,
Halloween Sandbox Number Coloring- Color By Number,FAMILY,4.4,289,19.0,100000,Free,0.0,Everyone,Entertainment,"February 17, 2018",1.2,4.1 and up,,,,,Unknown,,,,
"Fiesta by Tango - Find, Meet and Make New Friends",SOCIAL,4.3,112223,34.0,1000000,Free,0.0,Mature 17+,Social,"July 5, 2018",5.68.1,5.0 and up,,,,,Unknown,,,,
"Pixel art pro-Sand box,paint by number,number draw",FAMILY,4.5,2442,13.0,100000,Free,0.0,Everyone,Casual;Brain Games,"July 6, 2018",2.5.111,4.0.3 and up,,,,,Unknown,,,,
Color by Number: Pixel Art,FAMILY,4.6,12034,34.0,1000000,Free,0.0,Everyone,Entertainment,"May 26, 2018",4.8,4.1 and up,,,,,Unknown,,,,
FunnyPixels - Color by number Sandbox,FAMILY,4.6,1977,3.8,100000,Free,0.0,Everyone,Entertainment,"February 21, 2018",1.0.4,4.0.3 and up,,,,,Unknown,,,,
Color By Numbers - Art Game for Kids and Adults,FAMILY,3.1,305,8.3,100000,Free,0.0,Everyone,Educational;Brain Games,"July 7, 2016",3,2.3.3 and up,,,,,Unknown,,,,
Voxel - 3D Color by Number & Pixel Coloring Book,GAME,4.7,62561,53.0,1000000,Free,0.0,Everyone,Board,"July 31, 2018",2.4.11,4.1 and up,,,,,Unknown,,,,
No.Diamond – Colors by Number,FAMILY,4.6,9016,24.0,1000000,Free,0.0,Everyone,Entertainment;Creativity,"August 6, 2018",0.9.34,4.1 and up,,,,,Unknown,,,,
BZ Reminder,BUSINESS,4.7,41625,5.4,1000000,Free,0.0,Everyone,Business,"December 21, 2017",2.3.4,4.1 and up,,,,,Unknown,,,,
Weather BZ,WEATHER,4.4,8433,5.6,100000,Free,0.0,Everyone,Weather,"June 6, 2018",5.0.1 build 1,4.0 and up,,,,,Unknown,,,,
BZ Reminder PRO,BUSINESS,4.8,726,5.4,1000,Paid,3.99,Everyone,Business,"December 20, 2017",2.3.3,4.1 and up,,,,,Unknown,,,,
Evasion.bz,SOCIAL,4.1,8,4.4,100,Free,0.0,Teen,Social,"July 14, 2017",0.0.9,4.1 and up,,,,,Unknown,,,,
BZ-Smart,NEWS_AND_MAGAZINES,4.3,828,8.2,10000,Free,0.0,Everyone,News & Magazines,"October 10, 2017",1.98,2.3.3 and up,,,,,Unknown,,,,
BZ Zombie VR,GAME,4.4,12,98.0,1000,Free,0.0,Mature 17+,Action,"February 7, 2018",1.4,4.4 and up,,,,,Unknown,,,,
BZ Conferencing,TOOLS,4.7,7,29.0,1000,Free,0.0,Everyone,Tools,"June 27, 2018",3.8.3,4.1 and up,,,,,Unknown,,,,
GITZ.bz,SHOPPING,4.0,4,2.4,10,Free,0.0,Everyone,Shopping,"August 4, 2017",1.0,4.1 and up,,,,,Unknown,,,,
Berner Zeitung,NEWS_AND_MAGAZINES,3.4,736,8.5,50000,Free,0.0,Teen,News & Magazines,"August 3, 2018",7.5.9.1,4.1 and up,,,,,Unknown,,,,
BZ Fingers,GAME,4.6,15,3.2,50,Free,0.0,Everyone,Arcade,"July 5, 2017",1.3,4.0.3 and up,,,,,Unknown,,,,
bz Basellandschaftliche News,NEWS_AND_MAGAZINES,2.8,33,33.0,1000,Free,0.0,Everyone,News & Magazines,"June 6, 2018",1.4.0,5.0 and up,,,,,Unknown,,,,
24/7 BZ Reis,TRAVEL_AND_LOCAL,3.1,421,53.0,100000,Free,0.0,Everyone,Travel & Local,"March 9, 2018",4.4.15,4.1 and up,,,,,Unknown,,,,
Badische Zeitung,NEWS_AND_MAGAZINES,3.9,262,22.0,10000,Free,0.0,Everyone,News & Magazines,"June 26, 2018",5.3,4.1 and up,,,,,Unknown,,,,
bz Baselland E-Paper,NEWS_AND_MAGAZINES,4.2,69,25.0,5000,Free,0.0,Everyone,News & Magazines,"August 24, 2017",5.1.4,4.4 and up,,,,,Unknown,,,,
BZ Vesper-App,TRAVEL_AND_LOCAL,4.1,60,13.0,1000,Free,0.0,Everyone,Travel & Local,"August 6, 2015",1.0.2,2.3.3 and up,,,,,Unknown,,,,
Dragon BZ Super Wallpapers,FAMILY,4.2,12,13.0,1000,Free,0.0,Everyone,Entertainment,"January 16, 2018",1.0,4.0.3 and up,,,,,Unknown,,,,
Südtirol2Go,MAPS_AND_NAVIGATION,3.3,555,31.0,50000,Free,0.0,Everyone,Maps & Navigation,"December 20, 2017",2.1.2,4.0 and up,,,,,Unknown,,,,
TFO BZ Lessons,FAMILY,4.4,75,3.7,500,Free,0.0,Everyone,Education,"April 28, 2017",2.1.1,4.1 and up,,,,,Unknown,,,,
City Driving Jeep Mania: Parking Passion 2018,FAMILY,4.4,36,24.0,10000,Free,0.0,Everyone,Simulation,"June 14, 2018",1.0,4.0 and up,,,,,Unknown,,,,
Sniper Gun Shot 3D: Impossible Missions,GAME,4.6,20,34.0,100,Free,0.0,Mature 17+,Action,"May 4, 2018",1.0,4.0 and up,,,,,Unknown,,,,
ePN Cashback AliExpress,SHOPPING,4.4,19212,6.9,500000,Free,0.0,Everyone,Shopping,"August 3, 2018",0.2.9.17,4.1 and up,,,,,Unknown,,,,
Elite Commando Shooting War,GAME,4.5,14,45.0,100,Free,0.0,Teen,Action,"June 29, 2018",1.0,4.0 and up,,,,,Unknown,,,,
Restaurantführer Südbaden,TRAVEL_AND_LOCAL,4.1,46,12.0,1000,Free,0.0,Everyone,Travel & Local,"January 11, 2017",2.0.0,4.0 and up,,,,,Unknown,,,,
bz Basel News,NEWS_AND_MAGAZINES,2.2,23,33.0,1000,Free,0.0,Everyone,News & Magazines,"June 6, 2018",1.4.0,5.0 and up,,,,,Unknown,,,,
Contractor City Construction - Heavy Logistics,FAMILY,4.2,31,35.0,5000,Free,0.0,Everyone,Simulation,"June 12, 2018",1.01,4.0 and up,,,,,Unknown,,,,
Park Limousine: Realistic Limo Parking Simulator,FAMILY,4.8,4,25.0,1000,Free,0.0,Everyone,Simulation,"July 20, 2018",1.0,4.0 and up,,,,,Unknown,,,,
Inwestor mobile,FINANCE,3.2,124,7.2,10000,Free,0.0,Everyone,Finance,"January 3, 2018",1.2.3,4.1 and up,,,,,Unknown,,,,
BZ Straußenführer,TRAVEL_AND_LOCAL,4.3,291,14.0,10000,Free,0.0,Everyone,Travel & Local,"March 17, 2016",1.2.3,4.0 and up,,,,,Unknown,,,,
Putzmeister Experts,TOOLS,4.6,21,8.9,1000,Free,0.0,Everyone,Tools,"May 8, 2018",1.3,4.1 and up,,,,,Unknown,,,,
Bubble,TOOLS,4.5,31621,0.208,5000000,Free,0.0,Everyone,Tools,"July 10, 2011",2.0.1,1.6 and up,,,,,Unknown,,,,
CA Service Management,BUSINESS,3.4,91,8.3,10000,Free,0.0,Everyone,Business,"March 20, 2018",3.1.13,5.0 and up,,,,,Unknown,,,,
CA Mobile OTP,TOOLS,3.3,688,5.5,100000,Free,0.0,Everyone,Tools,"September 5, 2017",2.3.5,2.3.3 and up,,,,,Unknown,,,,
CA Lottery Official App,FAMILY,4.2,7000,26.0,1000000,Free,0.0,Teen,Entertainment,"August 2, 2018",3.0.2,4.4 and up,,,,,Unknown,,,,
CA Case Management,BUSINESS,2.4,16,5.2,500,Free,0.0,Everyone,Business,"May 4, 2016",1.0.1,4.0 and up,,,,,Unknown,,,,
CA UIM Mobile,BUSINESS,3.2,54,7.7,1000,Free,0.0,Everyone,Business,"February 29, 2016",8.4.1,4.0 and up,,,,,Unknown,,,,
CA Clarity Mobile Time Manager,BUSINESS,3.1,104,5.3,10000,Free,0.0,Everyone,Business,"May 14, 2015",2.0,2.2 and up,,,,,Unknown,,,,
CA Auth ID,TOOLS,3.8,39,0.375,10000,Free,0.0,Teen,Tools,"October 17, 2014",2.2.1,1.6 and up,,,,,Unknown,,,,
CA Speakers Free,LIFESTYLE,4.8,74,2.9,5000,Free,0.0,Teen,Lifestyle,"September 30, 2015",1.6,2.3.3 and up,,,,,Unknown,,,,
CA World '17,PRODUCTIVITY,3.7,7,18.0,1000,Free,0.0,Teen,Productivity,"June 10, 2018",7.17.2.0,5.0 and up,,,,,Unknown,,,,
CA DMV,TOOLS,4.2,5463,6.0,1000000,Free,0.0,Everyone,Tools,"August 25, 2017",4.0,4.1 and up,,,,,Unknown,,,,
Save.ca,SHOPPING,3.7,2094,34.0,100000,Free,0.0,Everyone,Shopping,"July 2, 2018",4.8.18.12,4.1 and up,,,,,Unknown,,,,
California Cop Assist CA Cop,PRODUCTIVITY,3.0,5,7.0,100,Paid,4.99,Everyone,Productivity,"February 11, 2014",1.3,2.2 and up,,,,,Unknown,,,,
CA Laws 2018 (California Laws and Codes),BOOKS_AND_REFERENCE,3.9,56,38.0,5000,Free,0.0,Everyone,Books & Reference,"March 24, 2018",1.17,4.4 and up,,,,,Unknown,,,,
California Cameras - Traffic,TRAVEL_AND_LOCAL,4.0,305,5.4,10000,Free,0.0,Everyone,Travel & Local,"June 20, 2018",6.3.4,4.0.3 and up,,,,,Unknown,,,,
CA Speakers,LIFESTYLE,5.0,12,1.2,100,Paid,0.99,Teen,Lifestyle,"March 25, 2014",1.0,3.0 and up,,,,,Unknown,,,,
CB Radio Chat - for friends!,COMMUNICATION,4.0,17998,7.9,1000000,Free,0.0,Teen,Communication,"March 27, 2018",2.6.3,4.0 and up,,,,,Unknown,,,,
Truck Chat & CB for Truckers,MAPS_AND_NAVIGATION,2.7,89,2.3,10000,Free,0.0,Mature 17+,Maps & Navigation,"July 31, 2018",1.0.10.5,4.0.3 and up,,,,,Unknown,,,,
CB Frequencies FREE!,TOOLS,3.1,364,2.3,100000,Free,0.0,Everyone,Tools,"March 2, 2018",2,4.0.3 and up,,,,,Unknown,,,,
CB On Mobile,COMMUNICATION,4.1,901,0.323,100000,Free,0.0,Teen,Communication,"April 26, 2017",1.0.5,4.0 and up,,,,,Unknown,,,,
CB Frequencies,TOOLS,4.0,5,1.4,100,Paid,0.99,Everyone,Tools,"December 24, 2015",1.0,4.0.3 and up,,,,,Unknown,,,,
Virtual Walkie Talkie,COMMUNICATION,3.8,21785,2.5,1000000,Free,0.0,Everyone,Communication,"August 13, 2015",1.41,2.3 and up,,,,,Unknown,,,,
CB Outdoors,FAMILY,3.8,5,12.0,1000,Free,0.0,Everyone,Education,"May 30, 2017",1.200,4.0.3 and up,,,,,Unknown,,,,
Viking CB Radios,BUSINESS,4.3,6,15.0,1000,Free,0.0,Everyone,Business,"May 24, 2017",1.0.1,4.1 and up,,,,,Unknown,,,,
Frequencies Free,TOOLS,3.5,382,3.1,100000,Free,0.0,Everyone,Tools,"February 4, 2018",1.9,4.0.3 and up,,,,,Unknown,,,,
CB-Mobile Banking,FINANCE,4.5,96,12.0,10000,Free,0.0,Everyone,Finance,"June 22, 2018",4.17.38,4.4 and up,,,,,Unknown,,,,
CBRadioTab,TOOLS,3.9,127,1.5,50000,Free,0.0,Everyone,Tools,"April 1, 2017",1.0,3.0 and up,,,,,Unknown,,,,
CB Bank Mobile Banking,FINANCE,4.5,1308,3.7,100000,Free,0.0,Everyone,Finance,"June 8, 2015",13.0,2.2 and up,,,,,Unknown,,,,
CB Underground,LIFESTYLE,3.3,3,7.4,500,Free,0.0,Everyone,Lifestyle,"September 15, 2015",1.2,3.2 and up,,,,,Unknown,,,,
CB Background - Free HD Wallpaper Images,PERSONALIZATION,4.1,4538,3.3,1000000,Free,0.0,Everyone,Personalization,"March 24, 2018",3.1.0,4.0 and up,,,,,Unknown,,,,
CB Fit,HEALTH_AND_FITNESS,5.0,1,7.8,10,Free,0.0,Everyone,Health & Fitness,"July 9, 2018",4.2.2,4.1 and up,,,,,Unknown,,,,
Channel 19,COMMUNICATION,3.7,916,12.0,100000,Free,0.0,Mature 17+,Communication,"July 13, 2018",2.2.6,4.1 and up,,,,,Unknown,,,,
Citizens Bank - CB Mobile,FINANCE,4.8,6,11.0,1000,Free,0.0,Everyone,Finance,"August 2, 2018",4.19.62,4.4 and up,,,,,Unknown,,,,
CB Mobile Access,FINANCE,1.5,57,25.0,1000,Free,0.0,Everyone,Finance,"February 26, 2018",4.3.6,4.2 and up,,,,,Unknown,,,,
CB VIDEO VISION,PHOTOGRAPHY,5.0,13,2.6,100,Free,0.0,Everyone,Photography,"September 12, 2017",0.0.2,4.1 and up,,,,,Unknown,,,,
CB Hair Png - New Hair Png For CB Editing,PHOTOGRAPHY,4.6,26,7.2,500,Free,0.0,Everyone,Photography,"July 29, 2018",2,4.0 and up,,,,,Unknown,,,,
C B Patel Health Club,HEALTH_AND_FITNESS,5.0,5,14.0,100,Free,0.0,Everyone,Health & Fitness,"July 2, 2018",1.0.1,4.4 and up,,,,,Unknown,,,,
CB Trader,FINANCE,4.7,11,2.2,1000,Free,0.0,Everyone,Finance,"April 11, 2018",1.6.1,4.0 and up,,,,,Unknown,,,,
Football-CB GO Clock Theme,PERSONALIZATION,4.7,26,5.6,1000,Free,0.0,Everyone,Personalization,"March 3, 2017",1.0.3,4.0.3 and up,,,,,Unknown,,,,
CB News,FAMILY,5.0,7,20.0,50,Free,0.0,Everyone,Education,"September 10, 2016",1.2.0,4.1 and up,,,,,Unknown,,,,
CB Pay,FINANCE,4.5,198,11.0,10000,Free,0.0,Everyone,Finance,"July 9, 2018",1.8.0,4.4 and up,,,,,Unknown,,,,
CB Register,FAMILY,5.0,1,5.6,10,Free,0.0,Everyone,Entertainment,"June 27, 2018",1.0,4.1 and up,,,,,Unknown,,,,
Cb browser,COMMUNICATION,5.0,5,3.7,50,Free,0.0,Everyone,Communication,"April 2, 2018",1.0,4.0 and up,,,,,Unknown,,,,
CB Edits PNG & CB Backgrounds,PHOTOGRAPHY,4.2,17,3.4,5000,Free,0.0,Everyone,Photography,"July 20, 2018",1.0.0,4.1 and up,,,,,Unknown,,,,
CB Mobile Biz,FINANCE,1.0,3,8.4,500,Free,0.0,Everyone,Finance,"February 22, 2016",4.4.1255,4.0 and up,,,,,Unknown,,,,
Antenna Tool Premium,TOOLS,4.5,14,2.9,500,Paid,0.99,Everyone,Tools,"October 26, 2017",2.2,4.0.3 and up,,,,,Unknown,,,,
Antenna Tool,TOOLS,4.2,522,2.9,50000,Free,0.0,Everyone,Tools,"October 26, 2017",2.2 Free,4.0.3 and up,,,,,Unknown,,,,
CB Heroes,SOCIAL,5.0,5,1.8,5,Free,0.0,Everyone,Social,"August 4, 2018",1.2.4,5.0 and up,,,,,Unknown,,,,
Frequencies,TOOLS,4.2,11,3.1,500,Paid,0.99,Everyone,Tools,"February 4, 2018",1.9,4.0.3 and up,,,,,Unknown,,,,
Creative Destruction,GAME,4.4,201426,80.0,5000000,Free,0.0,Teen,Action,"August 2, 2018",1.0.6,4.0 and up,,,,,Unknown,,,,
CD Library,PRODUCTIVITY,3.9,44,3.3,10000,Free,0.0,Everyone,Productivity,"February 18, 2017",5.7.2,2.1 and up,,,,,Unknown,,,,
Sonic CD Classic,GAME,4.6,26138,15.0,1000000,Free,0.0,Everyone,Action,"February 14, 2018",1.0.2,4.2 and up,,,,,Unknown,,,,
ARK: Survival Evolved,GAME,3.8,51523,36.0,500000,Free,0.0,Teen,Adventure,"August 2, 2018",1.0.90,7.0 and up,,,,,Unknown,,,,
DIY Crafts Cds,LIFESTYLE,4.0,209,3.1,50000,Free,0.0,Everyone,Lifestyle,"January 24, 2017",3.0,3.0 and up,,,,,Unknown,,,,
Bootable Methods(USB-CD-DVD),BOOKS_AND_REFERENCE,3.4,37,3.4,10000,Free,0.0,Everyone,Books & Reference,"May 31, 2018",1.5,4.0 and up,,,,,Unknown,,,,
CD CHOICE TUBE,FAMILY,5.0,10,5.8,500,Free,0.0,Everyone,Entertainment,"July 23, 2017",0.0.4,4.1 and up,,,,,Unknown,,,,
My Movies Pro - Movie & TV Collection Library,LIFESTYLE,4.6,6477,20.0,10000,Paid,7.99,Everyone,Lifestyle,"July 16, 2018",2.26 Build 17,4.1 and up,,,,,Unknown,,,,
Yazdani Cd Center EllahAbad Official App,FAMILY,5.0,8,3.8,500,Free,0.0,Everyone,Entertainment,"January 12, 2018",2.0,4.0 and up,,,,,Unknown,,,,
Disc Label Print,TOOLS,3.0,262,37.0,10000,Free,0.0,Everyone,Tools,"September 20, 2016",1.0.0,4.0 and up,,,,,Unknown,,,,
Nero AirBurn,VIDEO_PLAYERS,4.2,1008,1.7,100000,Free,0.0,Everyone,Video Players & Editors,"June 26, 2015",1.0.9,4.0 and up,,,,,Unknown,,,,
CD COMET,MAPS_AND_NAVIGATION,4.3,12,2.6,100,Free,0.0,Everyone,Maps & Navigation,"August 4, 2018",4.0,4.1 and up,,,,,Unknown,,,,
DIY CD Craft Ideas,LIFESTYLE,4.4,5,4.6,1000,Free,0.0,Everyone,Lifestyle,"January 14, 2017",1.0,2.3 and up,,,,,Unknown,,,,
РееI Smart Remote MP3 CD Player,TOOLS,3.2,27,2.7,5000,Free,0.0,Everyone,Tools,"January 22, 2018",1.2,4.0 and up,,,,,Unknown,,,,
Music Collector Inventory Organizer UPC Discogs,LIFESTYLE,3.5,155,12.0,10000,Free,0.0,Everyone,Lifestyle,"October 13, 2017",3.1,4.1 and up,,,,,Unknown,,,,
CE on the go,TOOLS,4.4,79,3.7,10000,Free,0.0,Everyone,Tools,"February 15, 2018",1.283.0037,2.3.3 and up,,,,,Unknown,,,,
CE Map - Interactive Conan Exiles Map,MAPS_AND_NAVIGATION,4.5,62,1.6,1000,Paid,0.99,Everyone,Maps & Navigation,"June 30, 2018",1.3,4.0 and up,,,,,Unknown,,,,
CE Broker,FAMILY,3.7,190,12.0,10000,Free,0.0,Everyone,Education,"March 22, 2017",2.2.0,4.4 and up,,,,,Unknown,,,,
CE Smart,TOOLS,5.0,3,29.0,100,Free,0.0,Everyone,Tools,"May 28, 2018",2.2.0,4.1 and up,,,,,Unknown,,,,
PAC-MAN CE DX,GAME,4.5,1692,36.0,10000,Paid,4.99,Everyone,Arcade,"April 23, 2018",1.1.0,4.0.3 and up,,,,,Unknown,,,,
CEHQ - CE Credits for Nurses,FAMILY,4.5,12,4.0,1000,Free,0.0,Everyone,Education,"May 25, 2018",3.0.18,5.0 and up,,,,,Unknown,,,,
Theatre of the Absurd CE(Full),FAMILY,4.1,1143,15.0,10000,Paid,2.99,Everyone 10+,Casual,"May 21, 2013",1.0,2.0.1 and up,,,,,Unknown,,,,
OE TRACKER CE Attendance App,MEDICAL,3.4,16,7.8,5000,Free,0.0,Everyone,Medical,"March 20, 2018",1.3.0,4.4 and up,,,,,Unknown,,,,
Professor Online SEDUC-CE,FAMILY,4.1,188,4.6,10000,Free,0.0,Everyone,Education,"July 6, 2018",1.3,4.1 and up,,,,,Unknown,,,,
TI-84 CE Graphing Calculator Manual TI 84,FAMILY,5.0,1,27.0,100,Paid,4.99,Everyone,Education,"March 28, 2018",1.5.2,4.1 and up,,,,,Unknown,,,,
Ultra CE calculator,SPORTS,4.2,28,7.3,1000,Free,0.0,Everyone,Sports,"June 17, 2018",1.52,4.0.3 and up,,,,,Unknown,,,,
Shiver: Moonlit Grove CE,FAMILY,4.1,3433,23.0,50000,Free,0.0,Everyone 10+,Casual,"March 14, 2016",1.1.0,2.3.3 and up,,,,,Unknown,,,,
Beast of Lycan Isle CE,FAMILY,4.1,2683,20.0,50000,Free,0.0,Everyone 10+,Casual,"January 23, 2014",1.0,2.3 and up,,,,,Unknown,,,,
Volvo CE Insider,BUSINESS,4.2,45,24.0,1000,Free,0.0,Everyone,Business,"March 16, 2018",1.15.5,4.0.3 and up,,,,,Unknown,,,,
Grim Tales: The Wishes CE,GAME,4.3,4923,20.0,100000,Free,0.0,Everyone 10+,Adventure,"August 26, 2015",1.0.0,2.3.3 and up,,,,,Unknown,,,,
MCQ CE IT,FAMILY,5.0,22,3.6,1000,Free,0.0,Everyone,Education,"November 7, 2017",2.0,4.4 and up,,,,,Unknown,,,,
Placement Tips for BE (CE/IT),FAMILY,4.4,7,6.3,500,Free,0.0,Everyone,Education,"June 24, 2016",1.4,4.0 and up,,,,,Unknown,,,,
Depths of Betrayal CE (Full),FAMILY,4.3,363,14.0,1000,Paid,2.99,Everyone 10+,Casual,"August 19, 2013",1.0.0,2.3 and up,,,,,Unknown,,,,
Merck CE,BUSINESS,4.5,2,25.0,100,Free,0.0,Everyone,Business,"February 13, 2017",1.0,4.1 and up,,,,,Unknown,,,,
Magana Jari ce Littafi Na Uku : Part 3 of 3,FAMILY,4.8,65,55.0,5000,Free,0.0,Everyone,Education,"November 19, 2017",1.0,4.0 and up,,,,,Unknown,,,,
CCleaner,TOOLS,4.4,885187,22.0,50000000,Free,0.0,Everyone,Tools,"July 19, 2018",4.7.0,4.1 and up,,,,,Unknown,,,,
Terminal Emulator for Android,TOOLS,4.4,113951,0.551,10000000,Free,0.0,Everyone,Tools,"April 15, 2015",1.0.70,1.6 and up,,,,,Unknown,,,,
Pregnancy Tracker & Countdown to Baby Due Date,PARENTING,4.7,658087,62.0,10000000,Free,0.0,Everyone,Parenting,"May 24, 2018",3.15.1,5.0 and up,,,,,Unknown,,,,
CrossFire: Legends,GAME,4.3,144040,29.0,5000000,Free,0.0,Teen,Action,"July 25, 2018",1.0.9.10,4.0 and up,,,,,Unknown,,,,
CF.lumen,TOOLS,4.4,4901,1.9,100000,Free,0.0,Everyone,Tools,"February 9, 2017",3.70,5.0 and up,,,,,Unknown,,,,
CF-Bench Pro,TOOLS,4.6,159,0.029,1000,Paid,1.49,Everyone,Tools,"June 23, 2011",1.1,1.6 and up,,,,,Unknown,,,,
CF SHOP!,LIFESTYLE,2.8,88,43.0,10000,Free,0.0,Everyone,Lifestyle,"June 30, 2018",1.8.1,4.4 and up,,,,,Unknown,,,,
CF Life,FAMILY,5.0,4,8.3,100,Free,0.0,Everyone,Education,"June 27, 2018",3.8.0,4.1 and up,,,,,Unknown,,,,
CF-Bench,TOOLS,4.4,2132,0.103,100000,Free,0.0,Everyone,Tools,"July 3, 2013",1.3,2.1 and up,,,,,Unknown,,,,
CF Appreciation,LIFESTYLE,2.0,11,6.2,1000,Free,0.0,Everyone,Lifestyle,"June 12, 2018",2.4.78-s,4.1 and up,,,,,Unknown,,,,
Unity CF,LIFESTYLE,5.0,5,8.3,100,Free,0.0,Everyone,Lifestyle,"April 12, 2016",1.0,4.0.3 and up,,,,,Unknown,,,,
Next Launcher 3D Bold-CF Theme,PERSONALIZATION,4.4,175,5.5,1000,Paid,0.99,Everyone,Personalization,"January 11, 2014",1.042,2.2 and up,,,,,Unknown,,,,
Overcomers CF - GA,LIFESTYLE,5.0,7,11.0,100,Free,0.0,Everyone,Lifestyle,"March 20, 2017",1.1,4.1 and up,,,,,Unknown,,,,
CF Chat: Connecting Friends,COMMUNICATION,3.4,5,2.4,100,Free,0.0,Teen,Communication,"April 27, 2016",1.4,2.3 and up,,,,,Unknown,,,,
CF Invest,FINANCE,4.4,11,4.6,500,Free,0.0,Everyone,Finance,"February 2, 2018",1.20,4.1 and up,,,,,Unknown,,,,
iOBD2-CF,TOOLS,3.4,5,21.0,500,Free,0.0,Everyone,Tools,"December 26, 2016",1.0,2.3.3 and up,,,,,Unknown,,,,
CF Calculator,LIFESTYLE,3.3,25,4.7,1000,Free,0.0,Everyone,Lifestyle,"March 10, 2015",1.0.2,4.0 and up,,,,,Unknown,,,,
CF Climb,LIFESTYLE,1.5,2,3.0,100,Free,0.0,Everyone,Lifestyle,"June 7, 2018",3.9.9.2,2.3 and up,,,,,Unknown,,,,
CF,FINANCE,5.0,2,2.0,100,Free,0.0,Everyone,Finance,"March 30, 2016",1.1,4.0 and up,,,,,Unknown,,,,
CF cal,TOOLS,4.3,123,2.9,10000,Free,0.0,Everyone,Tools,"February 9, 2016",1.0.6,4.0 and up,,,,,Unknown,,,,
CF GeneE,MEDICAL,4.3,16,40.0,1000,Free,0.0,Everyone,Medical,"May 31, 2018",5.0.0,4.0 and up,,,,,Unknown,,,,
Thrive CF,HEALTH_AND_FITNESS,2.2,6,8.0,100,Free,0.0,Everyone,Health & Fitness,"January 5, 2018",1.0.1,4.3 and up,,,,,Unknown,,,,
Special Forces Group 2,GAME,4.6,1432809,29.0,10000000,Free,0.0,Mature 17+,Action,"July 29, 2018",3.3,4.0 and up,,,,,Unknown,,,,
CF Townsville,HEALTH_AND_FITNESS,5.0,4,14.0,100,Free,0.0,Everyone,Health & Fitness,"July 9, 2018",4.2.2,4.1 and up,,,,,Unknown,,,,
"Cystic Fibrosis Symptoms, Doctors & Treatments",HEALTH_AND_FITNESS,4.7,6,9.7,100,Free,0.0,Teen,Health & Fitness,"April 24, 2018",1.0.7,5.0 and up,,,,,Unknown,,,,
Casa CF,HEALTH_AND_FITNESS,4.7,12,6.3,500,Free,0.0,Everyone,Health & Fitness,"July 12, 2018",3.1.2,4.1 and up,,,,,Unknown,,,,
CampGladiator,HEALTH_AND_FITNESS,3.5,293,19.0,50000,Free,0.0,Everyone,Health & Fitness,"July 20, 2018",2.4.43,4.1 and up,,,,,Unknown,,,,
CG Creative Sets: 2D/3D Artist,NEWS_AND_MAGAZINES,4.3,117,5.0,10000,Free,0.0,Everyone,News & Magazines,"June 22, 2016",3.1,4.0.3 and up,,,,,Unknown,,,,
Motocross Motorbike Simulator Offroad,GAME,3.6,51366,16.0,5000000,Free,0.0,Everyone,Racing,"June 14, 2017",Varies with device,2.3 and up,,,,,Unknown,,,,
CG Daily News,NEWS_AND_MAGAZINES,4.3,65,3.5,10000,Free,0.0,Everyone,News & Magazines,"April 29, 2018",8.2,4.0.3 and up,,,,,Unknown,,,,
CG - Calendars Add-On,PRODUCTIVITY,3.6,49,2.3,5000,Free,0.0,Everyone 10+,Productivity,"July 29, 2015",1.0.1,4.0 and up,,,,,Unknown,,,,
CG Fit Scale,HEALTH_AND_FITNESS,2.6,13,3.3,1000,Free,0.0,Everyone,Health & Fitness,"October 13, 2015",1.1.4,4.0 and up,,,,,Unknown,,,,
All Info about Cg,FAMILY,4.7,15,4.1,1000,Free,0.0,Teen,Education,"November 10, 2017",7.4,2.3 and up,,,,,Unknown,,,,
cg guruji,FAMILY,4.5,170,4.1,10000,Free,0.0,Everyone,Education,"November 14, 2017",7.2,2.3 and up,,,,,Unknown,,,,
CG Yojna & Jansampark,FAMILY,4.0,54,4.1,5000,Free,0.0,Teen,Education,"September 12, 2017",7.2,2.3 and up,,,,,Unknown,,,,
Offline Jízdní řády CG Transit,MAPS_AND_NAVIGATION,4.6,7314,7.0,100000,Free,0.0,Everyone,Maps & Navigation,"September 7, 2017",3.1.4,4.0 and up,,,,,Unknown,,,,
CG Prints,PHOTOGRAPHY,5.0,1,2.3,100,Free,0.0,Everyone,Photography,"January 24, 2017",1.0.5,4.3 and up,,,,,Unknown,,,,
CG Job Alerts,FAMILY,4.2,116,4.1,10000,Free,0.0,Everyone,Education,"September 11, 2017",7.2,2.3 and up,,,,,Unknown,,,,
CG Samanya Gyan,FAMILY,4.2,145,4.1,10000,Free,0.0,Teen,Education,"September 12, 2017",7.2,2.3 and up,,,,,Unknown,,,,
CG Freelancer,NEWS_AND_MAGAZINES,4.7,10,2.3,1000,Free,0.0,Everyone,News & Magazines,"July 30, 2014",2.0.1,4.1 and up,,,,,Unknown,,,,
CG Wallpapers,FAMILY,4.5,11,3.5,500,Free,0.0,Mature 17+,Entertainment,"June 19, 2018",12.1,4.0.3 and up,,,,,Unknown,,,,
Best CG Backgrounds,FAMILY,3.6,8,3.7,500,Free,0.0,Everyone,Entertainment,"May 20, 2018",8.0,4.0.3 and up,,,,,Unknown,,,,
Amazing CG Backgrounds,FAMILY,4.2,34,4.0,1000,Free,0.0,Everyone,Entertainment,"May 17, 2018",9.0,4.0.3 and up,,,,,Unknown,,,,
CG BILASPUR CARNIVAL,EVENTS,3.8,59,1.8,5000,Free,0.0,Everyone,Events,"April 11, 2018",1.5,4.0 and up,,,,,Unknown,,,,
Chat Anónimo Gratis Español CG,DATING,3.5,69,4.0,5000,Free,0.0,Everyone,Dating,"July 10, 2017",1.0.2,2.3 and up,,,,,Unknown,,,,
CG Shikshak Mitan,TOOLS,4.1,295,3.8,50000,Free,0.0,Everyone,Tools,"March 5, 2018",1.1,5.0 and up,,,,,Unknown,,,,
CG FM,FAMILY,5.0,2,6.6,500,Free,0.0,Everyone,Entertainment,"January 31, 2018",1.0.9,4.1 and up,,,,,Unknown,,,,
Best CG views,FAMILY,4.2,4,2.5,100,Free,0.0,Teen,Entertainment,"June 24, 2015",5.1,3.0 and up,,,,,Unknown,,,,
Bhunaksha CG,TOOLS,4.1,67,4.1,10000,Free,0.0,Everyone,Tools,"May 7, 2018",1.0.0,4.1 and up,,,,,Unknown,,,,
BF CG View Wallpapers,FAMILY,3.6,13,2.5,1000,Free,0.0,Teen,Entertainment,"June 19, 2015",3.0,3.0 and up,,,,,Unknown,,,,
CG Sanyukt Bharti Pariksha 2018,FAMILY,4.3,14,4.3,1000,Free,0.0,Teen,Education,"January 10, 2018",7.4,2.3 and up,,,,,Unknown,,,,
Betting Tips / Sports Tips by CG Tipster,SPORTS,4.1,315,7.7,10000,Free,0.0,Everyone,Sports,"July 18, 2018",6.95,4.4 and up,,,,,Unknown,,,,
CG Shikshak,FAMILY,4.4,211,6.8,10000,Free,0.0,Everyone,Education,"July 5, 2016",2.0,4.0.3 and up,,,,,Unknown,,,,
CG Backgrounds,FAMILY,4.0,8,3.6,500,Free,0.0,Everyone,Entertainment,"June 19, 2018",8.1,4.0.3 and up,,,,,Unknown,,,,
CG - Chemistry free,FAMILY,5.0,7,2.3,1000,Free,0.0,Everyone,Education,"May 25, 2018",1.0,4.0.3 and up,,,,,Unknown,,,,
CG Jobs,FAMILY,5.0,8,14.0,10,Free,0.0,Everyone,Education,"August 1, 2018",1.1,4.2 and up,,,,,Unknown,,,,
CG Patwari Exam,FAMILY,3.8,28,4.1,1000,Free,0.0,Teen,Education,"October 23, 2017",7.2,2.3 and up,,,,,Unknown,,,,
Naidunia: MP News & CG News,NEWS_AND_MAGAZINES,4.3,2746,8.7,100000,Free,0.0,Everyone,News & Magazines,"April 9, 2018",3.2,4.1 and up,,,,,Unknown,,,,
BF CG Abstract Pictures,FAMILY,4.7,6,2.5,1000,Free,0.0,Teen,Entertainment,"June 19, 2015",2.7,3.0 and up,,,,,Unknown,,,,
Bhuiyan Land Records Chhattisgarh (CG),NEWS_AND_MAGAZINES,4.5,12,2.9,5000,Free,0.0,Everyone,News & Magazines,"February 3, 2018",1.1,4.1 and up,,,,,Unknown,,,,
CG JOKES - Copy & Share,FAMILY,4.4,31,4.3,1000,Free,0.0,Everyone,Entertainment,"June 3, 2018",1.1,4.0 and up,,,,,Unknown,,,,
"Ultimate Public Campgrounds (Over 37,100 in US&CA)",TRAVEL_AND_LOCAL,4.7,213,6.1,5000,Paid,3.99,Everyone,Travel & Local,"August 5, 2018",1.8.8.0,4.4 and up,,,,,Unknown,,,,
CH info,NEWS_AND_MAGAZINES,3.9,45,15.0,5000,Free,0.0,Everyone,News & Magazines,"February 20, 2018",6.0.0.12,4.4 and up,,,,,Unknown,,,,
FAV KWGT,PERSONALIZATION,4.9,88,66.0,1000,Paid,0.99,Everyone,Personalization,"July 26, 2018",8.0,5.0 and up,,,,,Unknown,,,,
Flo's CH Boss Timer,FAMILY,3.5,163,3.4,1000,Free,0.0,Everyone,Role Playing,"March 27, 2017",1.2,4.0.3 and up,,,,,Unknown,,,,
Calvary.ch App,LIFESTYLE,4.4,10,7.7,500,Free,0.0,Teen,Lifestyle,"June 25, 2018",3.8.0,4.1 and up,,,,,Unknown,,,,
autolina.ch has over 120'000 cars on offer.,AUTO_AND_VEHICLES,4.2,25,6.5,10000,Free,0.0,Everyone,Auto & Vehicles,"August 2, 2017",1.02,4.2 and up,,,,,Unknown,,,,
boattheory.ch Full 2018,FAMILY,4.7,54,50.0,1000,Paid,19.4,Everyone,Education,"November 18, 2017",3.1.2,4.2 and up,,,,,Unknown,,,,
waut.ch!,FAMILY,4.5,10,2.5,100,Free,0.0,Everyone,Educational,"June 30, 2018",fcbd82b2-dd5b-41d2-af62-432271c42921,2.0 and up,,,,,Unknown,,,,
search.ch,TRAVEL_AND_LOCAL,4.4,11514,2.2,500000,Free,0.0,Everyone,Travel & Local,"March 29, 2018",5.5,4.0 and up,,,,,Unknown,,,,
homegate.ch,HOUSE_AND_HOME,4.2,2543,4.6,100000,Free,0.0,Everyone,House & Home,"July 27, 2018",8.4.2,5.0 and up,,,,,Unknown,,,,
tutti.ch - Free Classifieds,SHOPPING,4.4,9950,15.0,500000,Free,0.0,Everyone,Shopping,"July 18, 2018",3.7.1,4.1 and up,,,,,Unknown,,,,
autoricardo.ch – vehicles,LIFESTYLE,3.3,1045,13.0,100000,Free,0.0,Everyone,Lifestyle,"March 13, 2018",5.1,4.0 and up,,,,,Unknown,,,,
Legit Check App by Ch Daniel,LIFESTYLE,4.9,66,8.1,1000,Free,0.0,Everyone,Lifestyle,"July 18, 2018",1.0,4.1 and up,,,,,Unknown,,,,
DRAGON QUEST IV,FAMILY,4.7,1647,16.0,10000,Paid,14.99,Everyone,Role Playing,"February 28, 2017",1.0.5,2.3 and up,,,,,Unknown,,,,
swissinfo.ch,NEWS_AND_MAGAZINES,3.9,271,9.6,50000,Free,0.0,Everyone 10+,News & Magazines,"July 18, 2018",3.3.0,4.4 and up,,,,,Unknown,,,,
CH Kadels,BUSINESS,4.4,36,10.0,1000,Free,0.0,Everyone,Business,"March 26, 2018",1.0.2,4.1 and up,,,,,Unknown,,,,
Sermon on Proverbs CH Spurgeon,GAME,4.8,35,3.1,10000,Free,0.0,Everyone,Trivia,"July 29, 2016",1.0.0,4.0 and up,,,,,Unknown,,,,
Pixxy KWGT,PERSONALIZATION,4.8,60,78.0,1000,Paid,0.99,Everyone,Personalization,"July 29, 2018",4.0.1,5.0 and up,,,,,Unknown,,,,
ricardo.ch,SHOPPING,4.0,13232,27.0,500000,Free,0.0,Everyone,Shopping,"July 21, 2018",7.5.1,4.1 and up,,,,,Unknown,,,,
"Startupticker.ch News, Events",NEWS_AND_MAGAZINES,5.0,4,10.0,100,Free,0.0,Everyone,News & Magazines,"July 23, 2018",2.0.0,4.4 and up,,,,,Unknown,,,,
ci,FAMILY,3.0,1691,5.8,500000,Free,0.0,Everyone,Strategy,"June 8, 2016",1.0.3,4.0 and up,,,,,Unknown,,,,
Green Build - An unofficial Travis CI client,TOOLS,3.9,7,3.2,100,Free,0.0,Everyone,Tools,"June 6, 2018",1.2.1,5.0 and up,,,,,Unknown,,,,
myNaida CI,MEDICAL,4.6,64,57.0,5000,Free,0.0,Everyone,Medical,"July 10, 2018",3.1.4,5.0 and up,,,,,Unknown,,,,
CI MOBI,FAMILY,4.3,108,42.0,5000,Free,0.0,Everyone,Education,"October 7, 2017",1.2.1,4.0 and up,,,,,Unknown,,,,
Paris ci la Sortie du Métro,MAPS_AND_NAVIGATION,4.2,453,36.0,10000,Paid,2.99,Everyone,Maps & Navigation,"April 2, 2018",4.3,4.1 and up,,,,,Unknown,,,,
CI 174 Gray Icon Pack,PERSONALIZATION,5.0,1,46.0,10,Paid,0.99,Everyone,Personalization,"May 21, 2018",1.1,4.1 and up,,,,,Unknown,,,,
Pharmacy CI - Pharmacies de garde Côte d'Ivoire,HEALTH_AND_FITNESS,4.5,5509,3.2,100000,Free,0.0,Everyone,Health & Fitness,"July 3, 2018",4.7.0 Phoenix,4.0.3 and up,,,,,Unknown,,,,
IQ Test,PRODUCTIVITY,4.2,1623,1.8,100000,Free,0.0,Everyone,Productivity,"March 6, 2018",1.8,2.3 and up,,,,,Unknown,,,,
Thistletown CI,PRODUCTIVITY,1.0,1,6.6,100,Free,0.0,Everyone,Productivity,"March 15, 2018",41.9,4.1 and up,,,,,Unknown,,,,
CI Dictionary,FAMILY,4.6,31,3.2,1000,Free,0.0,Everyone,Education,"September 1, 2015",1.0,4.0.3 and up,,,,,Unknown,,,,
C I Patel School,FAMILY,4.1,101,5.1,1000,Free,0.0,Everyone,Education,"March 10, 2017",1.3,4.0 and up,,,,,Unknown,,,,
CI Screwed - Icon Pack,PERSONALIZATION,4.7,19,6.4,1000,Free,0.0,Everyone,Personalization,"June 30, 2016",1.5,4.0.3 and up,,,,,Unknown,,,,
Pharmacie de Garde CI et Prix,HEALTH_AND_FITNESS,4.4,2599,6.9,100000,Free,0.0,Mature 17+,Health & Fitness,"January 9, 2018",3.0.5.0,2.0 and up,,,,,Unknown,,,,
CI Capital - Dynamic,FINANCE,4.8,4,5.1,50,Free,0.0,Everyone,Finance,"May 23, 2018",1.0.17.0423,5.0 and up,,,,,Unknown,,,,
Chicken Invaders 3,GAME,4.2,52390,20.0,5000000,Free,0.0,Everyone,Arcade,"May 4, 2018",1.28ggl,2.3.3 and up,,,,,Unknown,,,,
Trovami se ci riesci,GAME,5.0,11,6.1,10,Free,0.0,Everyone,Arcade,"March 11, 2017",0.1,2.3 and up,,,,,Unknown,,,,
CircleCI Viewer,PRODUCTIVITY,4.6,16,3.2,1000,Free,0.0,Everyone,Productivity,"August 23, 2017",1.3.2,4.4 and up,,,,,Unknown,,,,
SimCity BuildIt,FAMILY,4.5,4218587,100.0,50000000,Free,0.0,Everyone 10+,Simulation,"June 19, 2018",1.23.3.75024,4.0 and up,,,,,Unknown,,,,
Nur təfsiri 1-ci cild,LIBRARIES_AND_DEMO,5.0,15,1.4,1000,Free,0.0,Everyone,Libraries & Demo,"April 27, 2017",1.0,1.6 and up,,,,,Unknown,,,,
Test de Inteligencia CI,FAMILY,2.9,21,2.1,5000,Free,0.0,Everyone,Education,"May 11, 2015",1.05,2.3 and up,,,,,Unknown,,,,
South Park: Phone Destroyer™,FAMILY,4.4,288835,91.0,5000000,Free,0.0,Mature 17+,Strategy,"July 19, 2018",2.7.6,4.4 and up,,,,,Unknown,,,,
CI On The Go,NEWS_AND_MAGAZINES,3.0,2,14.0,100,Free,0.0,Everyone,News & Magazines,"July 18, 2018",v4.30.0.8,5.0 and up,,,,,Unknown,,,,
CJ SO COOL,FAMILY,4.5,145,14.0,10000,Free,0.0,Everyone,Entertainment,"July 11, 2018",1.0,4.2 and up,,,,,Unknown,,,,
CJ Fitness,HEALTH_AND_FITNESS,2.4,221,43.0,10000,Free,0.0,Everyone,Health & Fitness,"February 14, 2018",4.3.0,4.1 and up,,,,,Unknown,,,,
CJ: Strike Back,GAME,4.3,29330,6.9,1000000,Free,0.0,Everyone,Action,"August 17, 2012",1.0.9,2.0.1 and up,,,,,Unknown,,,,
The Grand Wars: San Andreas,GAME,3.9,29990,96.0,1000000,Free,0.0,Teen,Action,"December 8, 2017",Varies with device,2.3 and up,,,,,Unknown,,,,
CJ Fallon eBook Reader,FAMILY,1.9,76,14.0,5000,Free,0.0,Everyone,Education,"February 13, 2014",2.2.1,3.0 and up,,,,,Unknown,,,,
Grand Theft Auto: San Andreas,GAME,4.4,348962,26.0,1000000,Paid,6.99,Mature 17+,Action,"March 21, 2015",1.08,3.0 and up,,,,,Unknown,,,,
CJ Gospel Hour,SOCIAL,5.0,7,18.0,100,Free,0.0,Everyone,Social,"July 25, 2018",1.0,4.4 and up,,,,,Unknown,,,,
CJ's Tire & Automotive,AUTO_AND_VEHICLES,4.0,5,34.0,1000,Free,0.0,Everyone,Auto & Vehicles,"July 30, 2018",2.8,2.3.3 and up,,,,,Unknown,,,,
CJ Camcorder,VIDEO_PLAYERS,4.7,3,2.8,500,Free,0.0,Everyone,Video Players & Editors,"November 26, 2017",1.0,4.0 and up,,,,,Unknown,,,,
The Grand Way,GAME,3.9,1995,92.0,500000,Free,0.0,Teen,Action,"July 3, 2018",1.9,4.1 and up,,,,,Unknown,,,,
CJ'S TIRE AND AUTO INC.,PRODUCTIVITY,5.0,5,11.0,100,Free,0.0,Everyone,Productivity,"May 30, 2018",1.0.1,4.1 and up,,,,,Unknown,,,,
CJ Browser - Fast & Private,COMMUNICATION,4.2,5,15.0,100,Free,0.0,Everyone,Communication,"November 7, 2017",1.0,4.0 and up,,,,,Unknown,,,,
CJ WOW SHOP,SHOPPING,4.2,2099,4.0,100000,Free,0.0,Everyone,Shopping,"December 23, 2017",1.1.1,4.0.3 and up,,,,,Unknown,,,,
Gold Teeth Photo Editor,PHOTOGRAPHY,2.8,1022,3.8,100000,Free,0.0,Everyone,Photography,"August 24, 2016",2.0,2.3 and up,,,,,Unknown,,,,
CJ VLC HD Remote (+ Stream),VIDEO_PLAYERS,4.2,4074,1.3,500000,Free,0.0,Everyone,Video Players & Editors,"November 13, 2013",1.2.4,2.1 and up,,,,,Unknown,,,,
CJ DVD Rentals,COMMUNICATION,1.0,5,13.0,100,Free,0.0,Everyone,Communication,"October 6, 2017",1.0,4.1 and up,,,,,Unknown,,,,
San Andreas City : Auto Theft Car gangster,GAME,3.9,923,67.0,100000,Free,0.0,Teen,Action,"July 17, 2018",1.4,4.1 and up,,,,,Unknown,,,,
Miami Crime Vice Town,GAME,4.1,154519,99.0,10000000,Free,0.0,Mature 17+,Action,"May 9, 2017",1.4,2.3 and up,,,,,Unknown,,,,
CJ Poker Odds Calculator,GAME,4.1,207,0.116,50000,Free,0.0,Everyone,Card,"January 30, 2011",1.2,1.6 and up,,,,,Unknown,,,,
Commission Manager,PRODUCTIVITY,3.2,12,2.2,1000,Free,0.0,Everyone,Productivity,"March 26, 2015",1.0.0.0,2.3.3 and up,,,,,Unknown,,,,
The CJ Rubric,HEALTH_AND_FITNESS,5.0,5,43.0,100,Free,0.0,Everyone,Health & Fitness,"December 5, 2017",The CJ Rubric 7.12.0,4.1 and up,,,,,Unknown,,,,
CJ's Coffee Cafe,TRAVEL_AND_LOCAL,5.0,6,2.4,500,Free,0.0,Everyone,Travel & Local,"August 21, 2017",7.5.0,4.0.3 and up,,,,,Unknown,,,,
Gangster City Auto Theft,GAME,4.3,350,67.0,50000,Free,0.0,Everyone,Action,"July 27, 2018",Varies with device,4.0.3 and up,,,,,Unknown,,,,
China Town Auto Theft 2,GAME,4.1,364,67.0,50000,Free,0.0,Everyone 10+,Action,"May 23, 2018",Varies with device,4.0.3 and up,,,,,Unknown,,,,
Codes for GTA San Andreas,FAMILY,3.8,12414,13.0,1000000,Free,0.0,Everyone,Entertainment,"August 4, 2017",1.0.0,4.1 and up,,,,,Unknown,,,,
CJ Wilson's ZoomZoomnation,PRODUCTIVITY,4.0,4,8.2,500,Free,0.0,Everyone,Productivity,"July 11, 2018",3.5.3,4.0.3 and up,,,,,Unknown,,,,
Sir C J New Primary School,FAMILY,5.0,3,9.2,100,Free,0.0,Everyone,Education,"July 25, 2018",1.0.10,4.0 and up,,,,,Unknown,,,,
Gang Wars of San Andreas,GAME,4.1,9898,63.0,1000000,Free,0.0,Mature 17+,Action,"February 15, 2018",Varies with device,4.0.3 and up,,,,,Unknown,,,,
CJ the REALTOR,BUSINESS,5.0,1,4.2,10,Free,0.0,Everyone,Business,"May 31, 2017",1.0.8,4.0.3 and up,,,,,Unknown,,,,
Sin City Hero : Crime Simulator of Vegas,GAME,4.1,3371,78.0,100000,Free,0.0,Teen,Action,"September 8, 2017",1.1,4.0.3 and up,,,,,Unknown,,,,
Courier Journal,NEWS_AND_MAGAZINES,3.5,254,38.0,10000,Free,0.0,Everyone 10+,News & Magazines,"June 20, 2018",5.9.5,5.0 and up,,,,,Unknown,,,,
FANDOM for: GTA,FAMILY,3.9,39038,9.5,5000000,Free,0.0,Mature 17+,Entertainment,"June 6, 2018",2.9.8,4.4 and up,,,,,Unknown,,,,
Zombie Death Shooter,GAME,3.8,17372,45.0,1000000,Free,0.0,Mature 17+,Arcade,"August 8, 2015",1.3,2.3 and up,,,,,Unknown,,,,
Project Grand Auto Town Sandbox Beta,GAME,3.7,7885,28.0,500000,Free,0.0,Mature 17+,Racing,"February 9, 2018",1.07,4.0 and up,,,,,Unknown,,,,
Company Kitchen,LIFESTYLE,2.8,81,7.7,10000,Free,0.0,Everyone,Lifestyle,"March 6, 2018",2.0.0 (18.03.01),2.3.3 and up,,,,,Unknown,,,,
Calvin Klein – US Store,SHOPPING,4.7,221,9.5,50000,Free,0.0,Teen,Shopping,"August 1, 2017",3.6.0,4.1 and up,,,,,Unknown,,,,
CK FFXIV Companion,FAMILY,4.3,1364,5.2,100000,Free,0.0,Everyone,Entertainment,"July 12, 2018",4.3.5,2.3 and up,,,,,Unknown,,,,
Can Knockdown,FAMILY,4.1,155649,38.0,10000000,Free,0.0,Everyone,Casual,"July 11, 2018",1.38,4.1 and up,,,,,Unknown,,,,
Louis CK,FAMILY,4.7,244,25.0,10000,Free,0.0,Mature 17+,Entertainment,"October 11, 2017",1.2.0,4.1 and up,,,,,Unknown,,,,
CK-12: Practice Math & Science,FAMILY,4.2,562,20.0,50000,Free,0.0,Everyone,Education;Education,"December 21, 2017",3.8.0.251918,4.1 and up,,,,,Unknown,,,,
CK 初一 十五,LIFESTYLE,4.0,294,0.153,10000,Free,0.0,Everyone,Lifestyle,"July 3, 2013",1.0.12,2.1 and up,,,,,Unknown,,,,
CK Eorzea Timepiece,PERSONALIZATION,3.2,8,5.3,100,Free,0.0,Everyone,Personalization,"June 5, 2015",1.1,4.3 and up,,,,,Unknown,,,,
F*ck This Game,GAME,4.6,8,6.3,100,Paid,0.99,Teen,Action,"July 18, 2015",1.0.0,2.3 and up,,,,,Unknown,,,,
211:CK,GAME,5.0,8,38.0,10,Paid,0.99,Teen,Arcade,"April 11, 2018",1.3,4.1 and up,,,,,Unknown,,,,
CONTRACT KILLER: ZOMBIES (NR),GAME,4.4,206602,13.0,5000000,Free,0.0,Mature 17+,Action,"July 1, 2013",3.1.0,2.1 and up,,,,,Unknown,,,,
ck-modelcars Shop,SHOPPING,4.5,118,6.4,5000,Free,0.0,Everyone,Shopping,"June 15, 2018",5.29.0,5.0 and up,,,,,Unknown,,,,
Brainf*ck Interpreter,FAMILY,4.0,24,1.9,1000,Free,0.0,Mature 17+,Entertainment,"September 3, 2016",1.0.6,2.3 and up,,,,,Unknown,,,,
ck-modelcars-UK Shop,SHOPPING,4.6,69,6.4,5000,Free,0.0,Everyone,Shopping,"June 15, 2018",5.29.0,5.0 and up,,,,,Unknown,,,,
CK Multimedia - Gaming Accessories,SHOPPING,4.7,10,2.0,500,Free,0.0,Everyone,Shopping,"February 3, 2017",1.5,3.0 and up,,,,,Unknown,,,,
CK-12 Physics Simulations,FAMILY,4.1,30,24.0,5000,Free,0.0,Everyone,Education;Education,"April 18, 2018",1.0.7,4.1 and up,,,,,Unknown,,,,
CKZ ORIGINS,GAME,4.5,219821,10.0,1000000,Free,0.0,Mature 17+,Action,"October 28, 2013",2.0.1,2.1 and up,,,,,Unknown,,,,
211:CK Lite,GAME,4.3,3,39.0,10,Free,0.0,Mature 17+,Action,"September 22, 2017",1.0,4.1 and up,,,,,Unknown,,,,
USMLE Step 2 CK Flashcards,FAMILY,5.0,1,40.0,10,Paid,19.99,Everyone,Education,"May 26, 2014",2.47,2.2 and up,,,,,Unknown,,,,
CK Employee Portal,BUSINESS,5.0,7,15.0,1000,Free,0.0,Everyone,Business,"January 5, 2017",1.0.1,4.1 and up,,,,,Unknown,,,,
FML F*ck my life + widget,FAMILY,4.2,1415,0.209,100000,Free,0.0,Everyone,Entertainment,"May 21, 2010",3.1,1.5 and up,,,,,Unknown,,,,
USMLE Step 2 CK Cards Lite,FAMILY,4.0,28,1.5,5000,Free,0.0,Everyone,Education,"May 20, 2014",2.46,2.2 and up,,,,,Unknown,,,,
Tic Tac CK,FAMILY,5.0,3,13.0,10,Free,0.0,Everyone,Puzzle,"July 3, 2018",1.0,4.0.3 and up,,,,,Unknown,,,,
CK Pharmacies,HEALTH_AND_FITNESS,2.7,3,9.4,100,Free,0.0,Everyone 10+,Health & Fitness,"June 28, 2018",7.4.8,4.0.3 and up,,,,,Unknown,,,,
INFAMY RO,FAMILY,4.1,2167,3.7,50000,Free,0.0,Everyone,Role Playing,"December 14, 2017",202,4.3 and up,,,,,Unknown,,,,
CONTRACT KILLER: ZOMBIES,GAME,4.4,144545,13.0,5000000,Free,0.0,Teen,Action,"December 1, 2011",1.1.0,2.1 and up,,,,,Unknown,,,,
FlexBook,FAMILY,4.3,104,12.0,10000,Free,0.0,Everyone,Education;Education,"May 21, 2018",1.0.6,4.1 and up,,,,,Unknown,,,,
Can Knockdown 3,GAME,4.1,349503,19.0,10000000,Free,0.0,Everyone,Arcade,"August 26, 2015",1.31,4.0 and up,,,,,Unknown,,,,
OB-GYN USMLE Stp2 CK 300 Q & A,MEDICAL,4.4,34,4.9,10000,Free,0.0,Everyone,Medical,"May 16, 2015",1.2,2.0 and up,,,,,Unknown,,,,
Night Camera Blur Effect,PHOTOGRAPHY,3.6,100,2.5,10000,Free,0.0,Everyone,Photography,"August 5, 2018",4.2,4.2 and up,,,,,Unknown,,,,
Camera V7 24 Megapixel,PHOTOGRAPHY,4.0,2480,2.5,100000,Free,0.0,Everyone,Photography,"August 1, 2018",4.0,4.1 and up,,,,,Unknown,,,,
CL Mobile Pro - Classifieds for Craigslist,SHOPPING,4.1,1288,18.0,100000,Free,0.0,Mature 17+,Shopping,"July 9, 2018",48,4.1 and up,,,,,Unknown,,,,
cloudLibrary,BOOKS_AND_REFERENCE,4.0,10774,35.0,100000,Free,0.0,Everyone,Books & Reference,"June 28, 2018",3.8.10,4.1 and up,,,,,Unknown,,,,
"CL Reader for Craigslist(For sale, jobs, rental..)",TOOLS,4.1,61,6.3,1000,Free,0.0,Everyone,Tools,"September 14, 2017",1.9,4.1 and up,,,,,Unknown,,,,
CL Pro App for Craigslist,SHOPPING,4.0,119,1.3,10000,Free,0.0,Everyone,Shopping,"July 1, 2017",CL Pro for Craigslist - Canada 150,4.0 and up,,,,,Unknown,,,,
CL REPL,TOOLS,5.0,47,17.0,1000,Free,0.0,Everyone,Tools,"April 10, 2018",1.0.19,4.1 and up,,,,,Unknown,,,,
CL Pro Client for Craigslist,SHOPPING,3.6,48,2.2,5000,Free,0.0,Everyone,Shopping,"September 10, 2016",Bowser4Craigslist,4.0 and up,,,,,Unknown,,,,
App for Craigslist Pro - Buy & Sell Postings,LIFESTYLE,4.3,707,5.0,100000,Free,0.0,Everyone,Lifestyle,"May 9, 2018",App copyright,4.1 and up,,,,,Unknown,,,,
Pro App for Craigslist,SHOPPING,4.1,5618,4.6,500000,Free,0.0,Teen,Shopping,"May 9, 2018",Copyright,4.1 and up,,,,,Unknown,,,,
Car Search For Craigslist CL Free,AUTO_AND_VEHICLES,2.6,5,9.0,1000,Free,0.0,Everyone,Auto & Vehicles,"May 8, 2018",1.0.0,2.3.3 and up,,,,,Unknown,,,,
CL Clock,BUSINESS,2.7,7,1.3,1000,Free,0.0,Everyone,Business,"July 22, 2016",1.0,5.0 and up,,,,,Unknown,,,,
Old: CL-150,FAMILY,3.8,120,24.0,10000,Free,0.0,Everyone,Education,"May 21, 2018",1.1.7,4.0.3 and up,,,,,Unknown,,,,
CL Keyboard - Myanmar Keyboard (No Ads),TOOLS,5.0,24,3.2,5000,Free,0.0,Everyone,Tools,"June 13, 2018",1.1.3,4.3 and up,,,,,Unknown,,,,
Clash of Kings : The King Of Fighters version,FAMILY,4.2,2233681,97.0,50000000,Free,0.0,Teen,Strategy,"August 1, 2018",3.44.0,2.3.3 and up,,,,,Unknown,,,,
CL Notifier,TOOLS,5.0,36,3.2,100,Free,0.0,Teen,Tools,"August 2, 2017",1.0,4.0 and up,,,,,Unknown,,,,
Leica CL,PHOTOGRAPHY,2.6,8,2.4,1000,Free,0.0,Everyone,Photography,"November 21, 2017",1.0,4.1 and up,,,,,Unknown,,,,
cPro Marketplace: Buy. Sell. Rent. Date. Jobs.,SHOPPING,4.4,385764,8.4,10000000,Free,0.0,Mature 17+,Shopping,"August 5, 2018",3.82,4.1 and up,,,,,Unknown,,,,
Postings (Craigslist Search App),SHOPPING,4.3,151095,12.0,5000000,Free,0.0,Mature 17+,Shopping,"July 1, 2018",4.0.13,4.1 and up,,,,,Unknown,,,,
CL-Phlebotomist,MEDICAL,4.7,19,7.3,100,Free,0.0,Everyone,Medical,"June 16, 2018",1.0.23,4.1 and up,,,,,Unknown,,,,
New: CL-150,FAMILY,2.8,4,4.2,500,Free,0.0,Everyone,Education,"July 25, 2018",1.2.0,5.0 and up,,,,,Unknown,,,,
Battle of Zombies: Clans War,FAMILY,4.1,488039,58.0,10000000,Free,0.0,Teen,Strategy,"November 15, 2017",1.0.175,2.3.3 and up,,,,,Unknown,,,,
CL Pebble Apps,LIFESTYLE,3.6,67,0.499,5000,Free,0.0,Everyone,Lifestyle,"December 23, 2015",3.5,4.0 and up,,,,,Unknown,,,,
CL e-bank,FINANCE,4.0,210,3.7,10000,Free,0.0,Everyone,Finance,"July 30, 2018",1.5.5,4.2 and up,,,,,Unknown,,,,
Color CL,LIFESTYLE,5.0,2,1.3,100,Free,0.0,Everyone,Lifestyle,"February 2, 2017",1.01,4.0.3 and up,,,,,Unknown,,,,
CL Strength,HEALTH_AND_FITNESS,5.0,3,40.0,50,Free,0.0,Everyone,Health & Fitness,"June 27, 2018",CL Strength 7.12.1,4.1 and up,,,,,Unknown,,,,
CL-App,MEDICAL,4.7,6,5.2,100,Free,0.0,Everyone,Medical,"February 17, 2017",1.1,4.0 and up,,,,,Unknown,,,,
CM Launcher 3D Pro💎,PERSONALIZATION,4.7,23802,0.173,100000,Paid,4.99,Everyone,Personalization,"November 17, 2016",1.0.9,4.0 and up,,,,,Unknown,,,,
Clean Master Lite - For Low-End Phone,TOOLS,4.6,2246379,5.1,50000000,Free,0.0,Everyone,Tools,"June 28, 2018",2.1.4,4.0 and up,,,,,Unknown,,,,
"CM Security Open VPN - Free, fast unlimited proxy",TOOLS,4.6,85496,5.8,1000000,Free,0.0,Everyone,Tools,"February 14, 2018",1.6.2,4.0.3 and up,,,,,Unknown,,,,
CM Security Lite - Antivirus,TOOLS,4.6,262076,1.2,10000000,Free,0.0,Everyone,Tools,"January 4, 2018",1.0.2,2.3 and up,,,,,Unknown,,,,
CM Transfer - Share any files with friends nearby,COMMUNICATION,4.6,71740,5.8,5000000,Free,0.0,Everyone,Communication,"June 27, 2018",2.0.7.0014,4.0 and up,,,,,Unknown,,,,
CM Apps,TOOLS,3.8,3341,1.9,100000,Free,0.0,Everyone,Tools,"April 17, 2016",4.5,4.2 and up,,,,,Unknown,,,,
CM AppLock,TOOLS,4.1,843,3.6,100000,Free,0.0,Everyone,Tools,"February 25, 2016",2.0.0,4.0 and up,,,,,Unknown,,,,
"Ruler(cm, inch)",TOOLS,3.4,2889,2.5,500000,Free,0.0,Everyone,Tools,"July 27, 2016",1.1.0,2.3 and up,,,,,Unknown,,,,
AppLock - Fingerprint Unlock,TOOLS,4.5,112482,2.1,5000000,Free,0.0,Everyone,Tools,"July 10, 2018",1.0.5,4.0 and up,,,,,Unknown,,,,
CM Launcher Default Theme,PERSONALIZATION,4.5,3989,1.1,100000,Free,0.0,Everyone,Personalization,"September 11, 2015",1.1.1,4.0 and up,,,,,Unknown,,,,
Battery Doctor-Battery Life Saver & Battery Cooler,TOOLS,4.5,8190074,17.0,100000000,Free,0.0,Everyone,Tools,"June 1, 2018",6.24,4.0 and up,,,,,Unknown,,,,
Inch/cm/Foot Conversion,PRODUCTIVITY,4.0,319,2.1,100000,Free,0.0,Everyone,Productivity,"August 20, 2017",2.0.1,2.3.3 and up,,,,,Unknown,,,,
"Speed Booster - Ram, Battery & Game Speed Booster",TOOLS,4.7,85079,2.8,1000000,Free,0.0,Everyone,Tools,"July 17, 2018",1.0.4,2.3 and up,,,,,Unknown,,,,
Technology CM Locker Theme,PERSONALIZATION,4.4,10093,5.5,1000000,Free,0.0,Everyone,Personalization,"February 26, 2016",1.0.0,4.0 and up,,,,,Unknown,,,,
Swift Dark CM / CM13 Theme,PERSONALIZATION,4.7,1500,41.0,10000,Paid,1.99,Everyone,Personalization,"January 5, 2017",3.3.3,5.0 and up,,,,,Unknown,,,,
Melior NUI - Material CM Theme,PERSONALIZATION,4.7,1873,14.0,100000,Free,0.0,Everyone,Personalization,"November 7, 2016",Varies with device,Varies with device,,,,,Unknown,,,,
Height Converter feet-inch cm,TOOLS,4.2,498,0.597,100000,Free,0.0,Everyone,Tools,"October 22, 2013",1.0,2.2 and up,,,,,Unknown,,,,
CM Secure Browser (Authorized),TOOLS,4.2,1147,2.7,100000,Free,0.0,Everyone,Tools,"October 2, 2017",1.1.6,4.0 and up,,,,,Unknown,,,,
📏 Smart Ruler ↔️ cm/inch measuring for homework!,TOOLS,4.0,19,3.2,10000,Free,0.0,Everyone,Tools,"October 21, 2017",1.0,4.2 and up,,,,,Unknown,,,,
Ruler cm,TOOLS,3.6,661,0.809,100000,Free,0.0,Everyone,Tools,"September 10, 2014",2.1,2.2 and up,,,,,Unknown,,,,
"Length Converter: convert mm,cm,m, feet,yard,mile",TOOLS,4.7,76,2.2,50000,Free,0.0,Everyone,Tools,"April 5, 2018",1.4,4.0.3 and up,,,,,Unknown,,,,
CM AppLock Fingerprint 2018,TOOLS,4.4,1264,8.2,100000,Free,0.0,Everyone,Tools,"August 6, 2018",4.0.4,4.3 and up,,,,,Unknown,,,,
"m, cm, mm to yard, feet, inch converter tool",TOOLS,4.3,246,2.8,100000,Free,0.0,Everyone,Tools,"February 6, 2018",1.1,4.0 and up,,,,,Unknown,,,,
Speed Car CM Locker Theme,PERSONALIZATION,4.4,7519,4.0,500000,Free,0.0,Everyone,Personalization,"January 26, 2016",1.0.1,4.0 and up,,,,,Unknown,,,,
Calculator CM,TOOLS,4.4,8,1.8,500,Free,0.0,Everyone,Tools,"March 9, 2015",1.0,2.3 and up,,,,,Unknown,,,,
Inches to cm conversion,TOOLS,4.4,29,0.07,10000,Free,0.0,Everyone,Tools,"January 14, 2015",1.4,4.0 and up,,,,,Unknown,,,,
Vintage Flower CM Locker Theme,PERSONALIZATION,4.3,2910,2.3,500000,Free,0.0,Everyone,Personalization,"January 24, 2016",1.0.0,4.0 and up,,,,,Unknown,,,,
Centimeter Ruler,TOOLS,3.3,16,1.3,10000,Free,0.0,Everyone,Tools,"November 5, 2016",2.0,4.0 and up,,,,,Unknown,,,,
CM S Pen Add-on(ROOT),TOOLS,3.6,373,0.122,10000,Free,0.0,Everyone,Tools,"February 24, 2017",1.0.9,4.1 and up,,,,,Unknown,,,,
My Style CM 13 Theme,PERSONALIZATION,4.5,314,11.0,10000,Free,0.0,Everyone,Personalization,"September 8, 2016",1.9,5.0 - 6.0,,,,,Unknown,,,,
"Ruler & Area Measurement (cm, inch)",TOOLS,4.3,10,8.2,10000,Free,0.0,Everyone,Tools,"July 28, 2017",1.2,4.1 and up,,,,,Unknown,,,,
Inches to Centimeters,TOOLS,3.6,949,0.411,100000,Free,0.0,Everyone,Tools,"April 13, 2018",3.0,1.6 and up,,,,,Unknown,,,,
"cm, mm to inch, feet converter tool",PRODUCTIVITY,4.3,176,2.3,100000,Free,0.0,Everyone,Productivity,"September 27, 2016",1.1,2.3.3 and up,,,,,Unknown,,,,
City light CM Locker Theme,PERSONALIZATION,4.4,6271,5.7,500000,Free,0.0,Everyone,Personalization,"February 24, 2016",1.0.0,4.0 and up,,,,,Unknown,,,,
CM FILE MANAGER Pro,BUSINESS,4.2,2359,2.7,10000,Paid,2.99,Everyone,Business,"February 16, 2016",1.16.9,1.6 and up,,,,,Unknown,,,,
cm to inches | centimeters to inches conversion,TOOLS,4.8,52,1.9,5000,Free,0.0,Everyone,Tools,"May 7, 2018",1.3.2,4.0 and up,,,,,Unknown,,,,
OMEGA Black UI Theme - CM 12+,PERSONALIZATION,4.2,12,19.0,100,Paid,0.99,Everyone,Personalization,"August 20, 2015",1.0,5.0 and up,,,,,Unknown,,,,
CN Summer Challenge,FAMILY,3.7,985,49.0,100000,Free,0.0,Everyone,Entertainment;Brain Games,"May 24, 2018",1.1,4.4 and up,,,,,Unknown,,,,
Teen Titans GO Figure!,FAMILY,4.5,1985,28.0,10000,Paid,3.99,Everyone 10+,Action;Action & Adventure,"July 18, 2018",1.0.2,5.1 and up,,,,,Unknown,,,,
CN Superstar Soccer: Goal!!!,FAMILY,4.1,3863,41.0,100000,Paid,2.99,Everyone,Sports;Action & Adventure,"May 24, 2018",1.1.1,4.1 and up,,,,,Unknown,,,,
Teeny Titans - Teen Titans Go!,FAMILY,4.6,20463,25.0,100000,Paid,3.99,Everyone 10+,Strategy;Action & Adventure,"July 18, 2018",1.2.1,4.1 and up,,,,,Unknown,,,,
CN Sayin' - Cartoon Network,FAMILY,4.5,85,25.0,10000,Free,0.0,Everyone,Entertainment,"March 27, 2018",1.22,4.4 and up,,,,,Unknown,,,,
Cartoon Network Match Land,FAMILY,4.7,21979,38.0,1000000,Free,0.0,Everyone,Puzzle,"July 9, 2018",1.1.3,5.1 and up,,,,,Unknown,,,,
Card Wars Kingdom,FAMILY,4.3,920571,28.0,10000000,Free,0.0,Everyone 10+,Card;Action & Adventure,"January 17, 2017",1.0.10,4.0.3 and up,,,,,Unknown,,,,
Wrecker's Revenge - Gumball,FAMILY,4.3,2263,55.0,100000,Free,0.0,Everyone,Puzzle;Action & Adventure,"September 21, 2017",14.15,4.3 and up,,,,,Unknown,,,,
Super Slime Blitz - Gumball,FAMILY,4.6,5395,58.0,500000,Free,0.0,Everyone,Arcade;Action & Adventure,"May 24, 2018",1.2.0,4.0.3 and up,,,,,Unknown,,,,
Blamburger - Clarence,FAMILY,4.1,30444,27.0,1000000,Free,0.0,Everyone 10+,Arcade;Action & Adventure,"October 26, 2015",1.0.5,4.3 and up,,,,,Unknown,,,,
Free Fur All – We Bare Bears,FAMILY,4.2,256916,25.0,10000000,Free,0.0,Everyone,Arcade;Action & Adventure,"October 8, 2015",1.0.4,4.0 and up,,,,,Unknown,,,,
Sky Streaker - Gumball,GAME,4.3,37513,31.0,5000000,Free,0.0,Everyone,Arcade,"December 7, 2015",4.0,2.3 and up,,,,,Unknown,,,,
Just A Regular Arcade,GAME,4.2,40847,94.0,1000000,Free,0.0,Everyone,Action,"January 8, 2016",3.1.0,2.3.3 and up,,,,,Unknown,,,,
Soundtrack Attack,FAMILY,4.3,96045,25.0,5000000,Free,0.0,Everyone,Action;Action & Adventure,"July 26, 2016",1.0.4,4.1 and up,,,,,Unknown,,,,
[adult swim],FAMILY,3.6,21433,21.0,1000000,Free,0.0,Mature 17+,Entertainment,"May 29, 2018",3.0.1805181047,5.0 and up,,,,,Unknown,,,,
Ben 10: Alien Experience,FAMILY,4.2,82005,45.0,10000000,Free,0.0,Everyone 10+,Action;Action & Adventure,"October 24, 2017",1.2.1,4.4 and up,,,,,Unknown,,,,
MagiMobile – Mighty Magiswords,FAMILY,4.2,120035,45.0,5000000,Free,0.0,Everyone,Entertainment;Action & Adventure,"January 4, 2018",1.0.11,4.1 and up,,,,,Unknown,,,,
Dreamland Arcade - Steven Universe,GAME,4.0,6386,24.0,500000,Free,0.0,Everyone,Arcade,"November 19, 2017",0.99,5.1 and up,,,,,Unknown,,,,
Surely You Quest - Magiswords,FAMILY,4.6,43314,83.0,1000000,Free,0.0,Everyone 10+,Role Playing;Action & Adventure,"June 20, 2017",1.0.2,4.1 and up,,,,,Unknown,,,,
Adventure Time Run,GAME,4.3,24628,88.0,1000000,Free,0.0,Everyone,Action,"July 26, 2018",1.25.396,4.4 and up,,,,,Unknown,,,,
Glitch Fixers: Powerpuff Girls,GAME,4.4,39698,51.0,5000000,Free,0.0,Everyone,Arcade,"December 1, 2016",1.0.0,4.1 and up,,,,,Unknown,,,,
StirFry Stunts - We Bare Bears,GAME,4.5,121533,63.0,10000000,Free,0.0,Everyone,Arcade,"March 24, 2016",1.0.0,2.3.3 and up,,,,,Unknown,,,,
Burrito Bash – We Bare Bears,FAMILY,4.3,10776,21.0,1000000,Free,0.0,Everyone,Arcade;Action & Adventure,"October 26, 2017",3.4,4.1 and up,,,,,Unknown,,,,
Boomerang,FAMILY,4.2,13519,51.0,1000000,Free,0.0,Everyone,Entertainment;Music & Video,"July 27, 2018",2.18,5.0 and up,,,,,Unknown,,,,
We Bare Bears Match3 Repairs,FAMILY,4.7,39153,98.0,1000000,Free,0.0,Everyone,Puzzle,"July 25, 2018",1.1.7,4.1 and up,,,,,Unknown,,,,
Champions and Challengers - Adventure Time,FAMILY,4.6,51973,27.0,1000000,Free,0.0,Everyone,Role Playing,"August 2, 2018",1.2.5,4.4 and up,,,,,Unknown,,,,
Ski Safari: Adventure Time,FAMILY,4.5,48754,9.3,100000,Paid,0.99,Everyone,Arcade;Action & Adventure,"October 7, 2014",1.5.2,2.3 and up,,,,,Unknown,,,,
Block Survival Craft:The Story,FAMILY,4.1,7046,87.0,500000,Free,0.0,Everyone 10+,Puzzle,"October 12, 2017",0.2.7,4.0.3 and up,,,,,Unknown,,,,
"What's Up, Snoopy? - Peanuts",FAMILY,4.5,773,55.0,100000,Free,0.0,Everyone,Arcade;Action & Adventure,"August 22, 2017",1.0.1,5.1 and up,,,,,Unknown,,,,
Rockstars of Ooo,FAMILY,3.4,642,26.0,10000,Paid,1.99,Everyone 10+,Arcade;Action & Adventure,"August 11, 2015",1.0.2,2.3.3 and up,,,,,Unknown,,,,
Angelo Rules - Crazy day,GAME,3.9,108336,62.0,1000000,Free,0.0,Everyone,Adventure,"June 27, 2016",4.0.01,4.4 and up,,,,,Unknown,,,,
Flipped Out! - Powerpuff Girls,FAMILY,4.4,412,22.0,10000,Paid,2.99,Everyone 10+,Action;Action & Adventure,"June 30, 2016",1.0.2,4.0 and up,,,,,Unknown,,,,
Adventure Time Game Wizard,GAME,4.1,4107,40.0,50000,Paid,4.99,Everyone,Adventure,"July 16, 2015",1.2.0,4.1 and up,,,,,Unknown,,,,
Best Park in the Universe,GAME,4.3,3904,5.5,10000,Paid,2.99,Everyone 10+,Action,"September 10, 2014",1.2.1,4.0 and up,,,,,Unknown,,,,
Formula Cartoon All Stars,FAMILY,3.9,1213,18.0,10000,Paid,2.99,Everyone,Racing;Action & Adventure,"June 25, 2015",4.1.2,2.3.3 and up,,,,,Unknown,,,,
Multicraft Miner Exploration,GAME,4.0,14563,74.0,1000000,Free,0.0,Everyone 10+,Adventure,"December 22, 2017",0.6.49,4.1 and up,,,,,Unknown,,,,
CN Resident,FAMILY,5.0,1,64.0,100,Free,0.0,Everyone,Entertainment,"May 22, 2017",40.10,4.1 and up,,,,,Unknown,,,,
Little Lovely Dentist,FAMILY,4.2,17786,16.0,1000000,Free,0.0,Everyone,Casual,"May 14, 2018",1.1.8,4.0 and up,,,,,Unknown,,,,
Foods Co,SHOPPING,4.3,199,25.0,10000,Free,0.0,Everyone,Shopping,"August 2, 2018",14.2.1,5.0 and up,,,,,Unknown,,,,
AND CO,FINANCE,4.5,175,12.0,10000,Free,0.0,Everyone,Finance,"August 3, 2018",2.2.0,5.0 and up,,,,,Unknown,,,,
Tetrobot and Co.,FAMILY,4.5,709,18.0,5000,Paid,2.99,Everyone,Puzzle,"April 20, 2015",1.1.2,2.3 and up,,,,,Unknown,,,,
Dots & Co: A Puzzle Adventure,FAMILY,4.5,81001,85.0,1000000,Free,0.0,Everyone,Puzzle,"April 27, 2018",2.15.2,4.1 and up,,,,,Unknown,,,,
AppClose - The #1 FREE Co-Parenting App,PARENTING,3.5,159,85.0,10000,Free,0.0,Everyone,Parenting,"July 31, 2018",2.1.23,4.4 and up,,,,,Unknown,,,,
Co-op CRS,LIFESTYLE,3.6,581,26.0,100000,Free,0.0,Everyone,Lifestyle,"March 4, 2018",2.4.3,4.4 and up,,,,,Unknown,,,,
Co Checker,TOOLS,1.9,12,2.0,1000,Free,0.0,Everyone,Tools,"October 20, 2017",1.8.6,4.3 and up,,,,,Unknown,,,,
VCalendar - VenkatRama and Co,LIFESTYLE,4.3,87,3.9,10000,Free,0.0,Everyone,Lifestyle,"March 16, 2018",1.2,4.1 and up,,,,,Unknown,,,,
Feeder.co,NEWS_AND_MAGAZINES,3.2,77,11.0,5000,Free,0.0,Everyone,News & Magazines,"March 12, 2018",2.2.7,4.2 and up,,,,,Unknown,,,,
Co-op Connections,SHOPPING,1.6,8,18.0,1000,Free,0.0,Everyone,Shopping,"May 3, 2018",1.5,4.1 and up,,,,,Unknown,,,,
mail.co.uk Mail,COMMUNICATION,4.2,21,8.7,5000,Free,0.0,Everyone,Communication,"July 24, 2018",1.1.0,4.0.3 and up,,,,,Unknown,,,,
Aquarium Co-Op Podcast,LIFESTYLE,4.9,206,3.9,1000,Free,0.0,Everyone,Lifestyle,"June 20, 2017",2.3.13,4.2 and up,,,,,Unknown,,,,
MobileBiz Co - Cloud Invoice,BUSINESS,4.4,373,4.0,10000,Free,0.0,Everyone,Business,"February 16, 2018",1.3.4,2.0 and up,,,,,Unknown,,,,
Co-op Taxi,MAPS_AND_NAVIGATION,3.4,168,53.0,10000,Free,0.0,Everyone,Maps & Navigation,"May 1, 2018",3.19.34,5.0 and up,,,,,Unknown,,,,
Them Bombs: co-op board game play with 2-4 friends,GAME,4.7,8038,52.0,100000,Free,0.0,Teen,Board,"July 12, 2018",1.4.1,4.1 and up,,,,,Unknown,,,,
REI Co-op Mastercard,FINANCE,2.9,320,23.0,10000,Free,0.0,Everyone,Finance,"June 14, 2018",2.13.11,4.4 and up,,,,,Unknown,,,,
Websites.co.in Instant Website,BUSINESS,4.3,327,13.0,10000,Free,0.0,Everyone,Business,"June 25, 2018",1.48,4.1 and up,,,,,Unknown,,,,
Co-op Credit Union on the Go,FINANCE,4.4,5,30.0,1000,Free,0.0,Everyone,Finance,"April 25, 2018",18.1.79,5.0 and up,,,,,Unknown,,,,
Hashtags For Likes.co,SOCIAL,4.3,420,18.0,50000,Free,0.0,Everyone,Social,"December 19, 2016",1.1,4.0.3 and up,,,,,Unknown,,,,
Chinese Chess ( Xiangqi Free ),GAME,4.6,963,4.1,50000,Free,0.0,Everyone,Board,"April 18, 2017",1.1.1,2.3 and up,,,,,Unknown,,,,
Krypton by krypt.co,PRODUCTIVITY,4.6,38,13.0,1000,Free,0.0,Everyone,Productivity,"July 17, 2018",2.4.0,6.0 and up,,,,,Unknown,,,,
Chinese Chess / Co Tuong,GAME,4.2,6947,20.0,500000,Free,0.0,Everyone,Board,"October 25, 2017",2.7.7,2.3 and up,,,,,Unknown,,,,
Fayr - Co-Parenting Simplified,PRODUCTIVITY,3.5,16,21.0,1000,Free,0.0,Everyone,Productivity,"July 20, 2018",1.5.1,5.0 and up,,,,,Unknown,,,,
Sprig by CO-OP,FINANCE,2.9,252,18.0,10000,Free,0.0,Everyone,Finance,"October 11, 2017",1.4.1033,4.1 and up,,,,,Unknown,,,,
Good&Co: Career match tests,BUSINESS,4.4,26572,41.0,1000000,Free,0.0,Everyone,Business,"July 24, 2018",2.9.1,4.1 and up,,,,,Unknown,,,,
Central Bank and Trust Co.,FINANCE,4.7,65,12.0,5000,Free,0.0,Everyone,Finance,"June 12, 2018",5.9.1.0,5.0 and up,,,,,Unknown,,,,
Soo Co-op Mobile Banking,FINANCE,4.5,159,14.0,1000,Free,0.0,Everyone,Finance,"September 12, 2017",4.2.87,4.0.3 and up,,,,,Unknown,,,,
Holl & Co Barbers,LIFESTYLE,4.7,12,6.0,500,Free,0.0,Everyone,Lifestyle,"February 26, 2018",4.9.940,4.0 and up,,,,,Unknown,,,,
Call of Mini™ Zombies 2,GAME,4.4,248417,17.0,5000000,Free,0.0,Teen,Arcade,"February 10, 2015",2.1.3,2.3.3 and up,,,,,Unknown,,,,
Grenada Co-operative Bank,FINANCE,4.4,137,0.4,10000,Free,0.0,Everyone,Finance,"June 26, 2013",2.4.3,1.6 and up,,,,,Unknown,,,,
Dungeon Legends - PvP Action MMO RPG Co-op Games,FAMILY,4.4,102215,42.0,1000000,Free,0.0,Teen,Role Playing,"June 25, 2018",3.10,4.0.3 and up,,,,,Unknown,,,,
Permit Test CO Colorado DMV,FAMILY,4.5,41,11.0,1000,Free,0.0,Everyone,Education,"June 15, 2017",2.6.5,4.1 and up,,,,,Unknown,,,,
"Chinese Chess 3D Online (Xiangqi, 象棋, co tuong)",GAME,3.5,23,37.0,1000,Paid,0.99,Everyone,Board,"December 27, 2017",2.2.1,4.1 and up,,,,,Unknown,,,,
2-Player Co-op Zombie Shoot,GAME,4.2,33,13.0,1000,Free,0.0,Teen,Action,"July 1, 2018",1.0.13,2.3 and up,,,,,Unknown,,,,
Camping and Co - Camping in Europe,TRAVEL_AND_LOCAL,3.7,19,6.5,1000,Free,0.0,Everyone,Travel & Local,"April 17, 2018",1.2.3,4.1 and up,,,,,Unknown,,,,
Remote | Fire TV | Android TV | KODI | CetusPlay,TOOLS,4.4,15911,16.0,1000000,Free,0.0,Everyone,Tools,"June 30, 2018",4.1.8.1,4.1 and up,,,,,Unknown,,,,
Comboios de Portugal,MAPS_AND_NAVIGATION,3.4,1147,19.0,100000,Free,0.0,Everyone,Maps & Navigation,"May 28, 2018",1.0.3.8,4.0.3 and up,,,,,Unknown,,,,
CP Dialer,SOCIAL,4.3,64,3.3,50000,Free,0.0,Teen,Social,"March 22, 2018",2.9.0,4.1 and up,,,,,Unknown,,,,
CP Federal Mobile,FINANCE,3.6,180,35.0,10000,Free,0.0,Everyone,Finance,"October 6, 2017",7.0.7-qa003-prod,4.2 and up,,,,,Unknown,,,,
Cestovné poriadky CP,MAPS_AND_NAVIGATION,4.6,2681,6.3,100000,Free,0.0,Everyone,Maps & Navigation,"September 25, 2017",1.2.0,4.0.3 and up,,,,,Unknown,,,,
CP Channel,FAMILY,4.6,7,12.0,500,Free,0.0,Everyone 10+,Education,"March 21, 2018",1.1.0,4.1 and up,,,,,Unknown,,,,
CP Clicker,LIFESTYLE,4.2,251,5.0,10000,Free,0.0,Everyone,Lifestyle,"March 22, 2018",3.3.003,4.1 and up,,,,,Unknown,,,,
Evolution CP & IV Calculator for pokemon,FAMILY,4.3,9465,43.0,500000,Free,0.0,Everyone,Entertainment,"July 8, 2018",0.4.6,4.4 and up,,,,,Unknown,,,,
CP Creepypasta,FAMILY,3.8,128,2.9,10000,Free,0.0,Teen,Entertainment,"July 11, 2016",1.0.2,4.0.3 and up,,,,,Unknown,,,,
Hercules CP Mobile,TOOLS,1.4,20,4.1,1000,Free,0.0,Everyone,Tools,"July 6, 2018",2.1.5,4.3 and up,,,,,Unknown,,,,
Cerebral Palsy,MEDICAL,4.4,38,8.5,1000,Free,0.0,Everyone,Medical,"July 30, 2014",2,3.0 and up,,,,,Unknown,,,,
CP RACING 2 FREE,FAMILY,4.0,4607,19.0,100000,Free,0.0,Everyone,Simulation,"March 12, 2018",3,4.0 and up,,,,,Unknown,,,,
CP ToolBox,BUSINESS,4.6,70,14.0,1000,Free,0.0,Everyone,Business,"February 11, 2015",1.9.3,2.3.3 and up,,,,,Unknown,,,,
"Talking Pictures: Autism, CP",MEDICAL,3.9,22,0.801,5000,Free,0.0,Everyone,Medical,"March 6, 2017",1.14,3.0 and up,,,,,Unknown,,,,
CP HAPPS - Pittsburgh Events,LIFESTYLE,3.8,85,5.6,5000,Free,0.0,Teen,Lifestyle,"March 6, 2015",1.18.10,4.0.3 and up,,,,,Unknown,,,,
Poke Genie - Safe IV Calculator,TOOLS,4.7,92958,36.0,1000000,Free,0.0,Everyone,Tools,"July 27, 2018",1.13.0,5.0 and up,,,,,Unknown,,,,
IV Calc CP Calculator Toolkit,TOOLS,4.2,242,3.2,10000,Free,0.0,Everyone,Tools,"October 6, 2016",1.3,4.2 and up,,,,,Unknown,,,,
CP Plus Showcase,BUSINESS,4.3,236,7.0,50000,Free,0.0,Everyone,Business,"March 9, 2018",1.0.4,4.0 and up,,,,,Unknown,,,,
CP Calculator,FAMILY,4.1,187,2.9,10000,Free,0.0,Everyone,Entertainment,"September 13, 2016",3.21,4.1 and up,,,,,Unknown,,,,
iTooch Mathématiques CP,FAMILY,4.3,1018,35.0,100000,Free,0.0,Everyone,Education;Education,"June 28, 2017",4.6.2,4.0.3 and up,,,,,Unknown,,,,
gCMOB,TOOLS,4.2,7935,21.0,1000000,Free,0.0,Everyone,Tools,"January 8, 2018",2.4.7,3.0 and up,,,,,Unknown,,,,
Evolution CP,FAMILY,3.6,13,4.7,500,Free,0.0,Everyone,Entertainment,"September 4, 2016",1.0.2,4.0.3 and up,,,,,Unknown,,,,
IV Go（get IV for Pokemon）,GAME,4.6,132282,20.0,1000000,Free,0.0,Everyone,Adventure,"July 31, 2018",15.0,4.1 and up,,,,,Unknown,,,,
Ditto CP Calculator GO,TOOLS,4.3,34,12.0,1000,Free,0.0,Everyone,Tools,"February 25, 2018",1.9,4.0.3 and up,,,,,Unknown,,,,
Foothills CP,FAMILY,5.0,4,7.8,100,Free,0.0,Teen,Education,"June 25, 2018",3.8.0,4.1 and up,,,,,Unknown,,,,
CP Installer App,BUSINESS,5.0,4,24.0,100,Free,0.0,Everyone,Business,"July 24, 2018",5.1.1,4.1 and up,,,,,Unknown,,,,
CP Trivia,GAME,5.0,5,12.0,100,Free,0.0,Everyone,Trivia,"August 6, 2018",0.99,5.0 and up,,,,,Unknown,,,,
CP Surprise,LIFESTYLE,3.8,2548,4.9,100000,Free,0.0,Everyone,Lifestyle,"January 30, 2018",4.4.2,4.1 and up,,,,,Unknown,,,,
Evolve CP Calc. for PokemonGo,TOOLS,3.9,116,3.3,10000,Free,0.0,Everyone,Tools,"December 18, 2016",2.6,4.4 and up,,,,,Unknown,,,,
ClanPlay: Community and Tools for Gamers,COMMUNICATION,4.8,34443,27.0,1000000,Free,0.0,Teen,Communication,"June 28, 2018",1.14.3,5.0 and up,,,,,Unknown,,,,
CP Calculator - Poke Go Calc,FAMILY,4.1,7,22.0,500,Free,0.0,Everyone,Entertainment,"September 17, 2016",1.1,4.2 and up,,,,,Unknown,,,,
Contents Provider(C.P.)Explorer,TOOLS,4.0,1,1.2,100,Free,0.0,Everyone,Tools,"June 20, 2018",5.0,3.0 and up,,,,,Unknown,,,,
Cp Calculator for Evolution:GO,FAMILY,4.8,124,2.5,500,Free,0.0,Everyone,Entertainment,"August 23, 2016",1.2,4.2 and up,,,,,Unknown,,,,
Calcy IV,TOOLS,4.8,36557,14.0,1000000,Free,0.0,Everyone,Tools,"August 3, 2018",2.51f,5.0 and up,,,,,Unknown,,,,
CP Brown English-Telugu Dictionary,FAMILY,4.4,8,6.8,500,Free,0.0,Everyone,Education,"November 10, 2017",3.0,4.0 and up,,,,,Unknown,,,,
CP evolution calculator Pokemo,FAMILY,4.1,78,0.787,10000,Free,0.0,Everyone,Educational,"February 26, 2017",1.3,4.1 and up,,,,,Unknown,,,,
Crusaders Quest,FAMILY,4.4,475020,69.0,5000000,Free,0.0,Everyone 10+,Role Playing,"July 26, 2018",4.7.0.KG,4.1 and up,,,,,Unknown,,,,
CQ Hotels,TRAVEL_AND_LOCAL,4.3,15,14.0,10000,Free,0.0,Everyone,Travel & Local,"July 6, 2018",5.4.13,4.4 and up,,,,,Unknown,,,,
CQ,NEWS_AND_MAGAZINES,3.7,7,3.4,1000,Free,0.0,Everyone 10+,News & Magazines,"May 18, 2018",1.0.11,4.0.3 and up,,,,,Unknown,,,,
Curio Quest,FAMILY,4.3,59152,50.0,1000000,Free,0.0,Everyone 10+,Role Playing,"March 29, 2018",1.14.00,4.0.3 and up,,,,,Unknown,,,,
Sabbath School 4,FAMILY,4.3,2871,18.0,100000,Free,0.0,Everyone,Education,"May 8, 2015",1.6,2.3.3 and up,,,,,Unknown,,,,
CQ Mobile,FINANCE,2.7,36,18.0,1000,Free,0.0,Everyone,Finance,"July 10, 2018",Varies with device,Varies with device,,,,,Unknown,,,,
Cardinal Quest 2,FAMILY,4.4,19207,36.0,100000,Free,0.0,Everyone,Role Playing,"September 19, 2016",1.19,2.3 and up,,,,,Unknown,,,,
SDA Collegiate Quarterly,BOOKS_AND_REFERENCE,4.5,8,5.1,500,Free,0.0,Everyone,Books & Reference,"July 13, 2018",1.2,4.4 and up,,,,,Unknown,,,,
CQ: Lost In Transmission,GAME,4.2,4,61.0,10,Free,0.0,Everyone,Action,"May 13, 2018",1.1,4.4 and up,,,,,Unknown,,,,
Roll Call News,NEWS_AND_MAGAZINES,3.7,24,10.0,5000,Free,0.0,Everyone,News & Magazines,"December 24, 2015",1.1,4.1 and up,,,,,Unknown,,,,
CQ ESPM,BUSINESS,5.0,2,3.4,5,Free,0.0,Everyone,Business,"June 3, 2017",1.0.1,4.1 and up,,,,,Unknown,,,,
QRZ Assistant,COMMUNICATION,4.2,1044,3.5,100000,Free,0.0,Everyone,Communication,"May 30, 2018",2.0,4.4 and up,,,,,Unknown,,,,
Palavras la cq,GAME,3.9,783,3.4,100000,Free,0.0,Everyone,Trivia,"October 18, 2014",1.0,2.3.3 and up,,,,,Unknown,,,,
Pocket Prefix Plus,COMMUNICATION,4.5,192,15.0,10000,Free,0.0,Everyone,Communication,"February 12, 2018",v2.6.0,3.0 and up,,,,,Unknown,,,,
10 WPM Amateur ham radio CW Morse code trainer,COMMUNICATION,3.5,10,3.8,100,Paid,1.49,Everyone,Communication,"May 12, 2018",2.1.4,2.1 and up,,,,,Unknown,,,,
Sabbath School,BOOKS_AND_REFERENCE,4.7,28237,10.0,100000,Free,0.0,Everyone,Books & Reference,"April 22, 2018",3.2.994,4.0.3 and up,,,,,Unknown,,,,
Gunship Modern Combat 3D,GAME,4.2,3247,26.0,500000,Free,0.0,Teen,Action,"July 25, 2017",1.05,2.3 and up,,,,,Unknown,,,,
ClanManagerTT2,FAMILY,4.7,55,3.3,1000,Free,0.0,Everyone,Casual,"July 24, 2018",2.2.9,4.4 and up,,,,,Unknown,,,,
Christian Questions Podcast,FAMILY,4.6,222,15.0,10000,Free,0.0,Everyone,Education,"March 28, 2018",2.8,4.0.3 and up,,,,,Unknown,,,,
Sniper Killer Shooter,GAME,4.0,119368,19.0,10000000,Free,0.0,Teen,Action,"February 21, 2017",1.1.4,2.3 and up,,,,,Unknown,,,,
Snowboard Racing Free Fun Game,GAME,3.8,4552,43.0,100000,Free,0.0,Everyone,Racing,"October 26, 2016",1.4.0,2.3.3 and up,,,,,Unknown,,,,
theCut,LIFESTYLE,4.7,499,6.9,50000,Free,0.0,Everyone,Lifestyle,"May 10, 2018",1.2.7,4.1 and up,,,,,Unknown,,,,
الفاتحون Conquerors,FAMILY,4.5,108130,40.0,5000000,Free,0.0,Teen,Strategy,"August 3, 2018",1.8.0,4.0 and up,,,,,Unknown,,,,
RIDE ZERO,GAME,4.6,8778,36.0,100000,Free,0.0,Teen,Music,"January 2, 2018",1.3.1,4.3 and up,,,,,Unknown,,,,
CricQuick,SPORTS,5.0,17,1.5,50,Free,0.0,Everyone,Sports,"December 8, 2017",1.0,4.0.3 and up,,,,,Unknown,,,,
Next Island: Dino Village,FAMILY,3.9,29,37.0,1000,Free,0.0,Everyone 10+,Casual,"May 4, 2018",1.0,5.0 and up,,,,,Unknown,,,,
iReadMe,PRODUCTIVITY,5.0,8,22.0,100,Free,0.0,Everyone,Productivity,"March 6, 2018",1.5,4.4 and up,,,,,Unknown,,,,
Webmail web mobile app,TOOLS,2.3,395,2.6,100000,Free,0.0,Everyone,Tools,"August 5, 2018",4.2,4.1 and up,,,,,Unknown,,,,
Traffic Info and Traffic Alert,MAPS_AND_NAVIGATION,3.6,695,2.9,100000,Free,0.0,Everyone,Maps & Navigation,"January 28, 2018",5.3,4.0 and up,,,,,Unknown,,,,
Color Quartets,FAMILY,4.0,42,12.0,1000,Free,0.0,Everyone,Casual,"November 15, 2016",1.46,4.0 and up,,,,,Unknown,,,,
Ham Radio Prefixes,COMMUNICATION,3.7,218,3.7,10000,Free,0.0,Everyone,Communication,"July 12, 2014",1.12,2.3 and up,,,,,Unknown,,,,
Battle Result Predictor for CR,TOOLS,4.2,7063,17.0,1000000,Free,0.0,Everyone,Tools,"February 4, 2017",1.3.0,4.1 and up,,,,,Unknown,,,,
Deck Advisor for CR,TOOLS,4.1,37975,23.0,5000000,Free,0.0,Everyone,Tools,"February 2, 2017",1.4.0,4.1 and up,,,,,Unknown,,,,
Card Creator for CR,TOOLS,4.4,117850,17.0,10000000,Free,0.0,Everyone,Tools,"May 19, 2018",1.8.0,4.1 and up,,,,,Unknown,,,,
CR & CoC Private Server - Clash Barbarians PRO,FAMILY,4.6,167974,5.0,500000,Free,0.0,Everyone,Entertainment,"July 27, 2018",Gratis,4.0.3 and up,,,,,Unknown,,,,
Deck Analyzer for CR,TOOLS,4.2,2630,18.0,100000,Free,0.0,Everyone,Tools,"February 2, 2017",1.3.0,4.1 and up,,,,,Unknown,,,,
Chest Simulator for Clash Royale,FAMILY,4.4,4756,33.0,100000,Free,0.0,Everyone,Simulation,"July 19, 2018",1.1.9,4.1 and up,,,,,Unknown,,,,
Clash Soundboard For CR & COC,FAMILY,4.3,13,26.0,500,Free,0.0,Everyone,Entertainment,"January 3, 2018",1.1,4.0.3 and up,,,,,Unknown,,,,
Quiz for Clash Royale™,FAMILY,4.0,3788,32.0,100000,Free,0.0,Everyone,Entertainment,"July 18, 2018",3.0.1,4.1 and up,,,,,Unknown,,,,
CR Blue Icon Pack,PERSONALIZATION,4.5,323,38.0,10000,Free,0.0,Everyone,Personalization,"December 4, 2014",1.03,2.3.3 and up,,,,,Unknown,,,,
Chest Calculator for CR,FAMILY,3.9,14754,21.0,1000000,Free,0.0,Everyone 10+,Entertainment,"July 22, 2018",1.8.1,4.1 and up,,,,,Unknown,,,,
Ultimate Calculator for CR,PRODUCTIVITY,3.7,7389,41.0,500000,Free,0.0,Everyone,Productivity,"March 15, 2017",1.0.4,4.0 and up,,,,,Unknown,,,,
DCUO|CR Calculator Pro,TOOLS,4.6,82,1.7,500,Paid,0.99,Everyone,Tools,"August 14, 2017",3.3,3.0 and up,,,,,Unknown,,,,
Stats CR Clan for Clash Royale,FAMILY,3.8,16,9.9,100,Free,0.0,Everyone,Entertainment,"July 25, 2018",1.2.9,4.1 and up,,,,,Unknown,,,,
Ultimate Clash Royale Tracker,FAMILY,4.7,92010,5.9,1000000,Free,0.0,Everyone,Strategy,"July 4, 2018",1.4.8,4.2 and up,,,,,Unknown,,,,
Deck Simulator for CR,TOOLS,3.4,202,12.0,10000,Free,0.0,Everyone,Tools,"June 16, 2017",1.0,4.0.3 and up,,,,,Unknown,,,,
Stats Royale for Clash Royale,BOOKS_AND_REFERENCE,4.5,68226,16.0,1000000,Free,0.0,Everyone,Books & Reference,"August 6, 2018",1.9.1,4.2 and up,,,,,Unknown,,,,
Counter Deck Calculator for CR,TOOLS,4.1,3446,19.0,500000,Free,0.0,Everyone,Tools,"February 4, 2017",1.3.0,4.1 and up,,,,,Unknown,,,,
CR Calculator,TOOLS,4.3,297,2.8,50000,Free,0.0,Everyone,Tools,"January 27, 2018",2.2,4.0 and up,,,,,Unknown,,,,
Servidor Privado de CR y CoC - Light Royale,FAMILY,4.6,3106,3.6,10000,Free,0.0,Everyone,Entertainment,"May 17, 2018",7,4.0.3 and up,,,,,Unknown,,,,
Helper for Clash Royale (All-in-1),FAMILY,4.3,6078,37.0,500000,Free,0.0,Everyone,Entertainment,"November 10, 2017",2.0.0,4.1 and up,,,,,Unknown,,,,
"CR Fans: Mazos, Clanes y Grupos",FAMILY,4.3,219,4.3,5000,Free,0.0,Everyone,Entertainment,"December 21, 2017",1.0.7,2.3 and up,,,,,Unknown,,,,
DCUO|CR Calculator Lite,TOOLS,4.0,182,1.7,10000,Free,0.0,Everyone,Tools,"August 14, 2017",3.3,3.0 and up,,,,,Unknown,,,,
CR Best Decks,FAMILY,3.5,34,30.0,1000,Free,0.0,Everyone,Strategy,"July 5, 2017",1.03,4.0.3 and up,,,,,Unknown,,,,
CR Family,FAMILY,2.3,10,5.2,1000,Free,0.0,Everyone,Education,"February 8, 2017",1.0.0,4.1 and up,,,,,Unknown,,,,
JavaScript Editor CR,TOOLS,3.9,114,18.0,5000,Free,0.0,Everyone,Tools,"March 16, 2018",1.0.209,4.0 and up,,,,,Unknown,,,,
Jetting for Honda CR dirt bike,SPORTS,4.1,7,3.4,100,Paid,3.49,Everyone,Sports,"April 13, 2016",2.2,3.0 and up,,,,,Unknown,,,,
CR-Red,PERSONALIZATION,4.5,561,41.0,10000,Free,0.0,Everyone,Personalization,"December 4, 2014",1.05,2.3.3 and up,,,,,Unknown,,,,
Deck Shop for Clash Royale,FAMILY,4.6,2167,13.0,100000,Free,0.0,Everyone,Entertainment,"August 6, 2018",1.1.5,4.4 and up,,,,,Unknown,,,,
Royale Tournaments,FAMILY,4.4,2420,6.7,50000,Free,0.0,Teen,Entertainment,"July 28, 2018",5.3.6.0,4.1 and up,,,,,Unknown,,,,
Deck Builder & Analyzer for CR,FAMILY,3.1,52,9.8,5000,Free,0.0,Everyone,Entertainment,"May 4, 2017",1.0,4.0.3 and up,,,,,Unknown,,,,
Chest Tracker for Clash Royale,TOOLS,4.3,77717,14.0,5000000,Free,0.0,Everyone,Tools,"December 29, 2016",1.2.0,4.1 and up,,,,,Unknown,,,,
Jeppesen CR Flight Computer,MAPS_AND_NAVIGATION,3.3,3,26.0,100,Paid,9.99,Everyone,Maps & Navigation,"October 5, 2016",1.0.8,4.4 and up,,,,,Unknown,,,,
Cr Aviation Academy,FAMILY,5.0,7,22.0,100,Free,0.0,Everyone,Education,"August 9, 2017",1.0,4.1 and up,,,,,Unknown,,,,
CR-V Service Manual,AUTO_AND_VEHICLES,4.2,12,88.0,500,Free,0.0,Everyone,Auto & Vehicles,"February 19, 2018",1.2,4.1 and up,,,,,Unknown,,,,
Java Editor CR,TOOLS,3.8,434,18.0,50000,Free,0.0,Everyone,Tools,"March 16, 2018",1.0.209,4.0 and up,,,,,Unknown,,,,
XML Editor CR,TOOLS,3.3,47,18.0,5000,Free,0.0,Everyone,Tools,"March 16, 2018",1.0.209,4.0 and up,,,,,Unknown,,,,
CR Tracker for Chests,TOOLS,5.0,6,4.5,50,Free,0.0,Everyone,Tools,"June 5, 2018",1.0.2,4.1 and up,,,,,Unknown,,,,
CR Magazine,BUSINESS,1.0,1,7.8,100,Free,0.0,Everyone,Business,"July 23, 2014",2.4.2,2.3.3 and up,,,,,Unknown,,,,
Ultimate Chest Tracker,PRODUCTIVITY,4.5,40328,23.0,1000000,Free,0.0,Everyone,Productivity,"October 17, 2016",1.9,2.3 and up,,,,,Unknown,,,,
CamScanner (License),PRODUCTIVITY,4.4,26358,0.05,500000,Paid,1.99,Everyone,Productivity,"January 17, 2014",1.7,2.0 and up,,,,,Unknown,,,,
Assault Line CS Online Fps Go,GAME,4.1,52163,70.0,1000000,Free,0.0,Mature 17+,Action,"July 13, 2016",1.1.2,2.3 and up,,,,,Unknown,,,,
Standoff 2,GAME,4.5,299046,47.0,10000000,Free,0.0,Mature 17+,Action,"July 12, 2018",0.9.5,4.1 and up,,,,,Unknown,,,,
Counter Online FPS Game,GAME,4.2,41089,42.0,5000000,Free,0.0,Teen,Action,"July 25, 2018",2.7,4.1 and up,,,,,Unknown,,,,
CS Customizer,COMMUNICATION,3.7,25,3.7,1000,Free,0.0,Everyone,Communication,"February 6, 2017",1.2.11,3.0 and up,,,,,Unknown,,,,
Combat Strike CS 🔫 Counter Terrorist Attack FPS💣,GAME,4.1,1019,39.0,100000,Free,0.0,Teen,Action,"July 23, 2018",1.0.7,4.1 and up,,,,,Unknown,,,,
CS-Touch,FAMILY,3.9,337,22.0,10000,Free,0.0,Everyone,Education,"May 11, 2018",3.6,5.0 and up,,,,,Unknown,,,,
Ultimate Quiz for CS:GO - Skins | Cases | Players,GAME,4.5,2526,22.0,100000,Free,0.0,Everyone,Trivia,"February 14, 2018",1.3.0,4.1 and up,,,,,Unknown,,,,
Аim Training for CS,GAME,3.6,2328,12.0,100000,Free,0.0,Everyone,Action,"October 25, 2014",1.8,2.3 and up,,,,,Unknown,,,,
Sniper Traning for CS GO,GAME,3.2,655,14.0,50000,Free,0.0,Teen,Action,"May 18, 2016",1.0.2,4.0 and up,,,,,Unknown,,,,
NetClient CS,BUSINESS,3.5,125,4.3,10000,Free,0.0,Everyone,Business,"January 5, 2018",1.2.2,3.0 and up,,,,,Unknown,,,,
Asiimov Skin - CS GO Icon Pack,PERSONALIZATION,4.6,26,8.5,100,Paid,2.49,Everyone,Personalization,"December 3, 2017",5.0.1,4.0.3 and up,,,,,Unknown,,,,
CS Interview Questions (TechQ),FAMILY,4.8,33,6.7,5000,Free,0.0,Everyone,Education,"January 27, 2017",1.5,4.1 and up,,,,,Unknown,,,,
Your rank CS:GO,GAME,4.1,4946,7.5,100000,Free,0.0,Teen,Trivia,"July 16, 2017",1.82,4.0.3 and up,,,,,Unknown,,,,
Guide for CS:GO,FAMILY,4.4,16459,88.0,500000,Free,0.0,Everyone,Entertainment,"July 15, 2017",3.2.0,2.3 and up,,,,,Unknown,,,,
CS Interview FAQs,FAMILY,4.3,99,1.1,10000,Free,0.0,Everyone,Education,"February 11, 2013",1.13,2.2 and up,,,,,Unknown,,,,
Mobile CS,BUSINESS,4.0,13,5.7,1000,Free,0.0,Everyone,Business,"October 6, 2017",1.2.0,4.4 and up,,,,,Unknown,,,,
Mobile CS:GO,GAME,3.1,1015,0.643,100000,Free,0.0,Everyone,Action,"November 11, 2015",1.3,2.3.3 and up,,,,,Unknown,,,,
Counter Terrorist Gun Strike CS: Special Forces,GAME,4.2,211,44.0,10000,Free,0.0,Teen,Action,"August 18, 2017",1.1,2.3 and up,,,,,Unknown,,,,
C.S. Lewis Daily Quotes,LIFESTYLE,4.1,75,11.0,10000,Free,0.0,Everyone,Lifestyle,"January 14, 2018",1.0.1,4.1 and up,,,,,Unknown,,,,
Shooter Sniper CS - FPS Games,GAME,3.5,14823,40.0,1000000,Free,0.0,Teen,Action,"February 15, 2017",4.0,2.3 and up,,,,,Unknown,,,,
CS16Client,GAME,4.3,8668,9.1,500000,Free,0.0,Teen,Action,"April 1, 2017",1.33,1.5 and up,,,,,Unknown,,,,
CS Browser | #1 & BEST BROWSER,COMMUNICATION,3.8,52,2.1,1000,Free,0.0,Everyone,Communication,"August 28, 2015",2.0,3.0 and up,,,,,Unknown,,,,
Counter Attack - Multiplayer FPS,GAME,4.3,112565,32.0,1000000,Free,0.0,Teen,Action,"July 21, 2018",1.1.97,4.4 and up,,,,,Unknown,,,,
DU CS Lectures - Learn to Code for Free,FAMILY,4.8,16,7.8,100,Free,0.0,Everyone,Education,"July 29, 2018",4.0,4.1 and up,,,,,Unknown,,,,
What's Your CS:GO rank?,GAME,2.3,278,2.4,10000,Free,0.0,Teen,Trivia,"February 11, 2017",1.0,2.3 and up,,,,,Unknown,,,,
CS Browser Beta,COMMUNICATION,4.3,125,53.0,5000,Free,0.0,Everyone,Communication,"October 16, 2017",60.0.3112.3046279,4.1 and up,,,,,Unknown,,,,
Helper for CS:GO,TOOLS,4.4,208,6.0,10000,Free,0.0,Everyone,Tools,"June 16, 2016",1.2.1,4.1 and up,,,,,Unknown,,,,
My Nexus for CS:S & CS:GO,FAMILY,3.6,783,25.0,50000,Free,0.0,Teen,Entertainment,"June 25, 2016",1.3.4,4.0 and up,,,,,Unknown,,,,
CS & IT Interview Questions,FAMILY,5.0,43,3.3,1000,Free,0.0,Everyone,Education,"March 27, 2018",1.1,4.2 and up,,,,,Unknown,,,,
Map Callouts for CS:GO,GAME,4.3,211,3.6,50000,Free,0.0,Everyone,Action,"January 26, 2018",2.1,4.0.3 and up,,,,,Unknown,,,,
GATE CS Engineering 2019 Exam Prep App,FAMILY,4.2,162,6.2,10000,Free,0.0,Everyone,Education,"February 15, 2018",Y4W-GATE_CS-5.0.0,4.1 and up,,,,,Unknown,,,,
Case Simulator Hero for CS:GO,FAMILY,4.3,14604,68.0,500000,Free,0.0,Teen,Simulation,"July 4, 2018",3.1.2,4.2 and up,,,,,Unknown,,,,
CA CS Network,FAMILY,4.7,160,19.0,5000,Free,0.0,Everyone,Education,"July 25, 2018",1.0,4.4 and up,,,,,Unknown,,,,
Smokes for CS:GO,FAMILY,3.9,3253,3.6,100000,Free,0.0,Everyone,Entertainment,"April 10, 2015",1.3,2.2 and up,,,,,Unknown,,,,
Grenade Practice for CS:GO,FAMILY,4.4,431,17.0,10000,Free,0.0,Everyone,Entertainment,"June 13, 2016",1.1.1,4.0 and up,,,,,Unknown,,,,
Quiz CS:GO players,GAME,4.4,460,31.0,50000,Free,0.0,Everyone,Trivia,"June 23, 2018",4.2,4.0.3 and up,,,,,Unknown,,,,
Puzzle for CS:GO,GAME,4.3,247,18.0,10000,Free,0.0,Everyone,Word,"September 16, 2016",1.53,4.0.3 and up,,,,,Unknown,,,,
Bomb and Nade Timer for CS:GO,PRODUCTIVITY,2.6,85,6.0,5000,Free,0.0,Everyone,Productivity,"April 21, 2016",1.1.2,4.0 and up,,,,,Unknown,,,,
Smokes Guide for CS:GO,FAMILY,4.3,445,29.0,50000,Free,0.0,Everyone,Entertainment,"June 1, 2017",3.0,4.0 and up,,,,,Unknown,,,,
RadRevision: Anatomy on CT,MEDICAL,3.8,568,42.0,50000,Free,0.0,Everyone,Medical,"January 22, 2014",1.2,4.0 and up,,,,,Unknown,,,,
Radiology CT Anatomy,MEDICAL,4.2,345,14.0,50000,Free,0.0,Everyone,Medical,"January 20, 2018",1.6,4.0 and up,,,,,Unknown,,,,
CT Scan Viewer 3D,MEDICAL,4.2,6,29.0,1000,Free,0.0,Everyone,Medical,"June 20, 2018",1.0,2.3 and up,,,,,Unknown,,,,
Learn CT Scan Of Head,BOOKS_AND_REFERENCE,4.1,10,5.7,5000,Free,0.0,Everyone,Books & Reference,"July 22, 2018",1.5,4.1 and up,,,,,Unknown,,,,
CT Abdomen Pelvis,MEDICAL,4.0,36,36.0,10000,Free,0.0,Everyone,Medical,"January 20, 2018",2.0,4.0 and up,,,,,Unknown,,,,
CT Neck,MEDICAL,4.4,7,8.9,1000,Free,0.0,Everyone,Medical,"January 20, 2018",2.0,4.0 and up,,,,,Unknown,,,,
CT Scan Generations,FAMILY,4.7,6,5.1,1000,Free,0.0,Everyone,Education,"April 1, 2018",1.0,4.0 and up,,,,,Unknown,,,,
CT Prepares,NEWS_AND_MAGAZINES,2.6,13,4.3,1000,Free,0.0,Everyone,News & Magazines,"November 1, 2016",1.0.3,4.4 and up,,,,,Unknown,,,,
CT Abdomen,FAMILY,4.3,7,62.0,1000,Free,0.0,Everyone,Education,"February 21, 2017",1.0,4.4 and up,,,,,Unknown,,,,
CT Brain Interpretation,FAMILY,5.0,3,29.0,500,Free,0.0,Everyone,Education,"July 4, 2018",5.0.16,4.0 and up,,,,,Unknown,,,,
CT-Guide & Positioning,FAMILY,3.7,6,7.8,1000,Free,0.0,Everyone,Education,"June 6, 2018",1.5,4.0 and up,,,,,Unknown,,,,
CT Sessions,MEDICAL,4.3,62,20.0,5000,Free,0.0,Everyone,Medical,"December 15, 2014",2.2,2.3 and up,,,,,Unknown,,,,
CT - DTC Lookup,TOOLS,4.1,41,0.986,10000,Free,0.0,Everyone,Tools,"July 26, 2013",3,3.0 and up,,,,,Unknown,,,,
POCKET ATLAS OF CT HEAD,MEDICAL,4.3,22,18.0,10000,Free,0.0,Everyone,Medical,"March 16, 2018",2.0,4.0.3 and up,,,,,Unknown,,,,
Interactive CT & MRI Anat.Lite,MEDICAL,3.8,534,14.0,100000,Free,0.0,Everyone,Medical,"July 30, 2012",1.2,2.2 and up,,,,,Unknown,,,,
CT POSITIONING,MEDICAL,4.5,18,9.3,5000,Free,0.0,Everyone,Medical,"March 10, 2018",2.0,4.0.3 and up,,,,,Unknown,,,,
CT Cervical Spine,MEDICAL,5.0,5,17.0,1000,Free,0.0,Everyone,Medical,"January 20, 2018",2.0,4.0 and up,,,,,Unknown,,,,
CT MyChiroTown Mobile,MEDICAL,3.9,40,4.0,5000,Free,0.0,Everyone,Medical,"July 7, 2015",4.1.0,2.3.3 and up,,,,,Unknown,,,,
CT Lottery,FAMILY,3.8,271,8.3,50000,Free,0.0,Teen,Entertainment,"June 12, 2017",1.2.0,4.0 and up,,,,,Unknown,,,,
Permit Test Connecticut CT DMV,FAMILY,4.6,186,9.6,10000,Free,0.0,Everyone,Education,"October 12, 2017",2.9.0,4.1 and up,,,,,Unknown,,,,
I AM C.T.,HEALTH_AND_FITNESS,4.6,28,20.0,1000,Free,0.0,Mature 17+,Health & Fitness,"April 27, 2017",1.0,4.0.3 and up,,,,,Unknown,,,,
Solar CT PV System Power,PRODUCTIVITY,4.7,315,14.0,10000,Free,0.0,Everyone,Productivity,"January 22, 2018",SolarCT 1.9 v,4.0 and up,,,,,Unknown,,,,
CARDIAC CT TECHNIQUE,MEDICAL,5.0,6,17.0,1000,Free,0.0,Everyone,Medical,"March 10, 2018",2.0,4.0.3 and up,,,,,Unknown,,,,
HEAD TRAUMA CT EVALUATION,MEDICAL,4.5,18,13.0,10000,Free,0.0,Everyone,Medical,"March 16, 2018",2.0,4.0.3 and up,,,,,Unknown,,,,
Remote CT - Smart Remote,TOOLS,3.5,3988,11.0,1000000,Free,0.0,Everyone,Tools,"December 22, 2015",1.0.5,4.4 and up,,,,,Unknown,,,,
CT-REMOTE,GAME,3.3,19,1.6,100,Paid,4.49,Everyone,Action,"February 10, 2015",1.4,2.3 and up,,,,,Unknown,,,,
CT-Stream Player,FAMILY,3.9,84,11.0,10000,Free,0.0,Everyone,Entertainment,"November 21, 2016",3.4,3.0 and up,,,,,Unknown,,,,
Results for CT Lottery,FAMILY,4.5,86,8.6,5000,Free,0.0,Teen,Entertainment,"March 11, 2017",5.1,4.1 and up,,,,,Unknown,,,,
Interactive CT and MRI Anatomy,MEDICAL,3.4,35,24.0,1000,Paid,15.46,Everyone,Medical,"May 27, 2015",2.0.3,2.2 and up,,,,,Unknown,,,,
Dine In CT - Food Delivery,SHOPPING,5.0,4,1.6,1000,Free,0.0,Everyone,Shopping,"May 16, 2016",1.3,4.0 and up,,,,,Unknown,,,,
CT Checkout,FINANCE,5.0,1,8.4,50,Free,0.0,Everyone,Finance,"April 20, 2017",1.2,4.2 and up,,,,,Unknown,,,,
Radiological Anatomy For FRCR1,MEDICAL,4.8,12,44.0,100,Paid,6.99,Everyone,Medical,"January 22, 2014",1.3,4.0 and up,,,,,Unknown,,,,
Radiology CT Viewer,MEDICAL,3.6,35,88.0,10000,Free,0.0,Everyone,Medical,"January 20, 2018",2,4.0 and up,,,,,Unknown,,,,
"CU: UPI Payments, Chat & Call",FINANCE,4.3,693,32.0,100000,Free,0.0,Teen,Finance,"May 3, 2018",1.0.95,4.2 and up,,,,,Unknown,,,,
CU of Colorado Mobile Banking,FINANCE,4.0,347,25.0,10000,Free,0.0,Everyone,Finance,"February 6, 2018",4.11.100,4.1 and up,,,,,Unknown,,,,
Tech CU Mobile Banking,FINANCE,4.5,853,27.0,10000,Free,0.0,Everyone,Finance,"July 12, 2018",4.13.72,4.1 and up,,,,,Unknown,,,,
My CU - Caucasus University,PRODUCTIVITY,4.6,48,7.3,1000,Free,0.0,Everyone,Productivity,"November 22, 2017",1.2.3,4.1 and up,,,,,Unknown,,,,
Service CU Mobile Banking,FINANCE,4.7,6208,14.0,100000,Free,0.0,Everyone,Finance,"June 12, 2018",5.9.1.0,5.0 and up,,,,,Unknown,,,,
Redwood CU v3.1.0,FINANCE,3.8,480,15.0,50000,Free,0.0,Everyone,Finance,"May 24, 2018",3.1.0,4.0 and up,,,,,Unknown,,,,
BayPort CU Mobile Banking,FINANCE,4.7,2374,16.0,10000,Free,0.0,Everyone,Finance,"July 31, 2018",5.10.1.0,5.0 and up,,,,,Unknown,,,,
CU SoCal Mobile Banking,FINANCE,4.0,253,25.0,10000,Free,0.0,Everyone,Finance,"May 2, 2018",4.6.68,4.0.3 and up,,,,,Unknown,,,,
Tropical Financial CU,FINANCE,4.6,1231,14.0,10000,Free,0.0,Everyone,Finance,"June 12, 2018",5.9.1.0,5.0 and up,,,,,Unknown,,,,
Travis CU,FINANCE,2.0,207,2.9,10000,Free,0.0,Everyone,Finance,"February 16, 2018",1.0.0.9,4.4 and up,,,,,Unknown,,,,
Commonwealth CU Go Mobile,FINANCE,4.3,231,18.0,10000,Free,0.0,Everyone,Finance,"September 15, 2017",4.4.47,4.0.3 and up,,,,,Unknown,,,,
Public Service CU Mobile,FINANCE,2.0,314,35.0,10000,Free,0.0,Everyone,Finance,"March 14, 2017",6.5.32-prod,4.2 and up,,,,,Unknown,,,,
Freedom CU,FINANCE,3.6,117,25.0,10000,Free,0.0,Everyone,Finance,"June 22, 2018",6.5.82-prod,4.2 and up,,,,,Unknown,,,,
Meritrust CU Mobile Banking,FINANCE,4.7,3661,14.0,50000,Free,0.0,Everyone,Finance,"June 12, 2018",5.9.1.0,5.0 and up,,,,,Unknown,,,,
Nusenda CU– Mobile Banking,FINANCE,3.5,805,6.5,50000,Free,0.0,Everyone,Finance,"July 17, 2018",5.4.5,5.0 and up,,,,,Unknown,,,,
Lake Michigan CU Mobile,FINANCE,4.0,732,5.5,50000,Free,0.0,Everyone,Finance,"April 2, 2018",3.0.21,4.0 and up,,,,,Unknown,,,,
Maps CU,FINANCE,3.5,256,28.0,10000,Free,0.0,Everyone,Finance,"November 2, 2017",200,4.0.3 and up,,,,,Unknown,,,,
Family Savings CU Mobile,FINANCE,4.3,323,17.0,10000,Free,0.0,Everyone,Finance,"September 8, 2017",4.4.47,4.0.3 and up,,,,,Unknown,,,,
FORUM Credit Union CU Online,FINANCE,4.1,196,7.3,10000,Free,0.0,Everyone,Finance,"June 30, 2018",5.0.0,4.4 and up,,,,,Unknown,,,,
Educators CU Mobile Banking,FINANCE,4.6,1992,24.0,50000,Free,0.0,Everyone,Finance,"June 20, 2018",3000.5.3532,5.0 and up,,,,,Unknown,,,,
Space Coast CU Mobile,FINANCE,3.8,922,2.1,100000,Free,0.0,Everyone,Finance,"July 13, 2017",2.1.0.1108,2.3 and up,,,,,Unknown,,,,
First Tech Federal CU,FINANCE,4.3,4290,24.0,50000,Free,0.0,Everyone,Finance,"July 19, 2018",3000.5.3548,5.0 and up,,,,,Unknown,,,,
Southland CU,FINANCE,3.8,109,2.8,10000,Free,0.0,Everyone,Finance,"July 20, 2017",1.1,2.3 and up,,,,,Unknown,,,,
Tech CU Card Manager,FINANCE,1.0,2,7.2,1000,Free,0.0,Everyone,Finance,"July 25, 2017",1.0.1,4.0 and up,,,,,Unknown,,,,
Numerica CU,FINANCE,3.8,472,8.6,50000,Free,0.0,Everyone,Finance,"February 21, 2018",5.0.0,4.0 and up,,,,,Unknown,,,,
Red River CU,FINANCE,3.3,343,2.3,10000,Free,0.0,Everyone,Finance,"June 21, 2017",2.79,2.2 and up,,,,,Unknown,,,,
Firefighters First CU,FINANCE,4.8,495,12.0,5000,Free,0.0,Everyone,Finance,"May 1, 2018",5.7.1.0,5.0 and up,,,,,Unknown,,,,
Navigator PRO - GPS Navigation with Offline Maps,TRAVEL_AND_LOCAL,3.6,892,70.0,50000,Paid,2.49,Everyone,Travel & Local,"August 1, 2018",1.08,4.0 and up,,,,,Unknown,,,,
My Vodafone (GR),COMMUNICATION,3.8,12667,34.0,1000000,Free,0.0,Everyone,Communication,"August 1, 2018",4.5.5.1-2090AL-REL,4.3 and up,,,,,Unknown,,,,
HTC Transfer Tool,TOOLS,4.3,40907,2.6,5000000,Free,0.0,Everyone,Tools,"July 27, 2017",6.0.932740,2.2 and up,,,,,Unknown,,,,
Planet of Cubes Survival Craft,FAMILY,3.9,475944,35.0,10000000,Free,0.0,Everyone,Simulation,"June 26, 2018",4.5.4,4.1 and up,,,,,Unknown,,,,
Moto Rider,GAME,4.2,115176,24.0,10000000,Free,0.0,Teen,Racing,"June 15, 2018",1.2.1,4.0 and up,,,,,Unknown,,,,
Crazy Wheels,GAME,4.0,121082,7.0,10000000,Free,0.0,Teen,Adventure,"January 17, 2018",1.0.7,2.1 and up,,,,,Unknown,,,,
CV Engineer - Free Resume Maker & CV Templates,BUSINESS,4.6,213,3.8,10000,Free,0.0,Everyone,Business,"April 11, 2018",3.5.3,5.0 and up,,,,,Unknown,,,,
CV Examples 2018,FAMILY,4.5,625,26.0,100000,Free,0.0,Everyone,Education,"July 30, 2018",4.0,4.0.3 and up,,,,,Unknown,,,,
Curriculum Vitae,BUSINESS,3.7,3757,5.0,1000000,Free,0.0,Everyone,Business,"March 29, 2016",2.8,2.3.3 and up,,,,,Unknown,,,,
Free resume builder CV maker templates PDF formats,BUSINESS,4.4,9555,4.7,1000000,Free,0.0,Everyone,Business,"July 19, 2018",7.7,4.1 and up,,,,,Unknown,,,,
Resume Builder - Free CV Maker & Premium Templates,BUSINESS,4.6,770,5.6,100000,Free,0.0,Everyone,Business,"August 3, 2018",1.9,4.4 and up,,,,,Unknown,,,,
Easy Cv maker 2018,BOOKS_AND_REFERENCE,3.9,88,5.3,10000,Free,0.0,Everyone,Books & Reference,"March 31, 2018",1.1,4.0 and up,,,,,Unknown,,,,
Resume PDF Maker / CV Builder,BUSINESS,4.4,2147,2.2,500000,Free,0.0,Everyone,Business,"December 14, 2017",1.8,4.4 and up,,,,,Unknown,,,,
Resume & CV Creator by Desygner,PRODUCTIVITY,4.5,48,26.0,5000,Free,0.0,Everyone,Productivity,"July 23, 2018",2.11.1,5.0 and up,,,,,Unknown,,,,
CV S ( CV Editor - Resume ),BUSINESS,4.5,3972,5.6,100000,Free,0.0,Teen,Business,"June 25, 2018",5.1.14,4.0 and up,,,,,Unknown,,,,
CV Formats 2018,FAMILY,4.3,374,26.0,100000,Free,0.0,Everyone,Education,"October 9, 2017",1.0,4.0.3 and up,,,,,Unknown,,,,
CV Maker Pro,BUSINESS,3.7,113,8.6,10000,Free,0.0,Everyone,Business,"June 9, 2018",3.4.3,4.1 and up,,,,,Unknown,,,,
Free CV Creator,TOOLS,3.9,37,21.0,10000,Free,0.0,Everyone,Tools,"July 18, 2018",1.3,4.4 and up,,,,,Unknown,,,,
"Job CV Maker-Portfolio Maker , Resume Maker",FAMILY,3.9,139,4.8,50000,Free,0.0,Everyone,Education,"July 16, 2018",2.1,4.0.3 and up,,,,,Unknown,,,,
Resume Builder and CV maker app,PRODUCTIVITY,4.3,2303,15.0,100000,Free,0.0,Everyone,Productivity,"August 2, 2018",8.9.2.pro,4.0.3 and up,,,,,Unknown,,,,
HOW TO WRITE A CV,BUSINESS,4.1,489,20.0,100000,Free,0.0,Everyone,Business,"June 27, 2018",14.0,4.0.3 and up,,,,,Unknown,,,,
CV EXAMPLES,BUSINESS,4.1,423,20.0,100000,Free,0.0,Everyone,Business,"June 7, 2018",11.0,4.0.3 and up,,,,,Unknown,,,,
Cv maker / Job cv maker,FAMILY,4.4,14,5.5,1000,Free,0.0,Everyone,Education,"March 27, 2018",1.0,4.0 and up,,,,,Unknown,,,,
"Resume Builder Free, CV Maker & Resume Templates",BUSINESS,4.4,20921,5.7,1000000,Free,0.0,Everyone,Business,"January 11, 2018",4.0.3,4.1 and up,,,,,Unknown,,,,
"Free Professional Resume Builder, CV, Cover Letter",BUSINESS,4.2,831,11.0,50000,Free,0.0,Everyone,Business,"June 13, 2018",1.3.2.9,4.0 and up,,,,,Unknown,,,,
Resume Free,PRODUCTIVITY,4.5,27820,4.7,1000000,Free,0.0,Everyone,Productivity,"July 29, 2018",2.1,2.3.3 and up,,,,,Unknown,,,,
How to Write CV,BOOKS_AND_REFERENCE,4.6,244,4.1,100000,Free,0.0,Everyone,Books & Reference,"April 22, 2016",1.0.0,4.0 and up,,,,,Unknown,,,,
"Super Resume Builder Pro, CV",BUSINESS,4.4,244,6.9,1000,Paid,4.99,Everyone,Business,"August 17, 2017",4.38,2.3 and up,,,,,Unknown,,,,
Free Resume Builder – CV Maker,BUSINESS,4.4,25,12.0,5000,Free,0.0,Everyone,Business,"June 9, 2018",1.5,4.4 and up,,,,,Unknown,,,,
CV Builder,BUSINESS,3.8,203,5.9,10000,Free,0.0,Everyone,Business,"September 30, 2016",2.2.1.0,2.3 and up,,,,,Unknown,,,,
Curriculum Vitae - Resume CV,PRODUCTIVITY,2.6,80,2.2,10000,Free,0.0,Everyone,Productivity,"May 11, 2017",2.129.12,4.1 and up,,,,,Unknown,,,,
"Resume Maker:Free CV Maker,Templates Builder",BUSINESS,4.2,715,7.1,100000,Free,0.0,Everyone,Business,"August 1, 2018",1.8,4.0.3 and up,,,,,Unknown,,,,
Resume Builder / CV Maker & Templates,BUSINESS,4.4,25,7.9,5000,Free,0.0,Everyone,Business,"January 19, 2018",1.0.3,4.0.3 and up,,,,,Unknown,,,,
CV maker for Job Applications and Resume Maker,TOOLS,4.2,75,25.0,10000,Free,0.0,Everyone,Tools,"January 31, 2018",1.1,4.0 and up,,,,,Unknown,,,,
CV Templates 2018,FAMILY,4.0,13,26.0,5000,Free,0.0,Everyone,Education,"October 9, 2017",1.1,4.0.3 and up,,,,,Unknown,,,,
Job CV Maker & Portfolio Maker,FAMILY,4.2,593,4.9,100000,Free,0.0,Everyone,Education,"January 1, 2018",1.0.2,3.0 and up,,,,,Unknown,,,,
CV Maker for Job Applications:Photo Resume Builder,TOOLS,4.0,114,25.0,10000,Free,0.0,Everyone,Tools,"June 9, 2018",1.5,4.0 and up,,,,,Unknown,,,,
CV Creator,FAMILY,4.4,31,8.3,10000,Free,0.0,Everyone,Education,"January 8, 2018",1.2.1,4.2 and up,,,,,Unknown,,,,
Resume ( CV Editor ),BUSINESS,4.5,416,6.0,10000,Free,0.0,Everyone,Business,"June 30, 2018",1.2,4.0 and up,,,,,Unknown,,,,
CV Maker,PERSONALIZATION,3.2,114,3.0,10000,Free,0.0,Everyone,Personalization,"March 18, 2016",1.02,4.0.3 and up,,,,,Unknown,,,,
Resume Maker - Creator,BUSINESS,4.3,740,19.0,50000,Free,0.0,Everyone,Business,"August 4, 2018",1.1.2,4.0.3 and up,,,,,Unknown,,,,
CV Builder for Smart Resumes,BUSINESS,3.4,22,4.1,1000,Free,0.0,Everyone,Business,"May 23, 2017",1.9,4.0.3 and up,,,,,Unknown,,,,
CV-RECORD Pro,COMMUNICATION,2.3,42,6.0,1000,Paid,0.99,Everyone,Communication,"January 12, 2017",1.0.5,4.1 and up,,,,,Unknown,,,,
CV-Library Job Search,BUSINESS,4.4,6997,4.6,100000,Free,0.0,Everyone,Business,"July 6, 2018",6.8.0,4.1 and up,,,,,Unknown,,,,
CV Samples 2018,BUSINESS,4.3,34,26.0,10000,Free,0.0,Everyone,Business,"October 10, 2017",1.0,4.0.3 and up,,,,,Unknown,,,,
"Easy Resume Builder, Resume help, Curriculum vitae",TOOLS,4.3,996,10.0,50000,Free,0.0,Everyone,Tools,"September 28, 2017",2.3,4.0.3 and up,,,,,Unknown,,,,
Resume / CV,BUSINESS,3.6,125,5.0,10000,Free,0.0,Everyone,Business,"December 28, 2015",2.0,2.3.3 and up,,,,,Unknown,,,,
VisualCV Resume Builder,BUSINESS,4.6,2555,16.0,100000,Free,0.0,Everyone,Business,"June 2, 2017",2.5.0,4.4 and up,,,,,Unknown,,,,
Resume Maker / CV creator & Templates,TOOLS,4.2,54,22.0,5000,Free,0.0,Everyone,Tools,"April 15, 2018",1.0.6,4.0.3 and up,,,,,Unknown,,,,
Resume Builder - Curriculum Vitae & Resume Maker,BUSINESS,4.0,12,8.1,5000,Free,0.0,Everyone,Business,"June 7, 2018",1.9,4.0.3 and up,,,,,Unknown,,,,
The CW TV app,FAMILY,3.2,24,4.8,5000,Free,0.0,Everyone,Entertainment,"July 28, 2018",1.1,3.2 and up,,,,,Unknown,,,,
CW TV,NEWS_AND_MAGAZINES,1.7,367,6.1,50000,Free,0.0,Everyone,News & Magazines,"March 2, 2018",1.7,4.0 and up,,,,,Unknown,,,,
The CW TN app 2018,FAMILY,2.2,54,4.3,10000,Free,0.0,Everyone,Entertainment,"April 30, 2018",1.0,3.2 and up,,,,,Unknown,,,,
Archie Comics,COMICS,3.8,5084,6.2,100000,Free,0.0,Everyone,Comics,"June 19, 2018",2.2.0,4.3 and up,,,,,Unknown,,,,
2 Amateur ham radio CW Morse code practice keys TX,COMMUNICATION,4.8,6,3.5,100,Paid,1.49,Everyone,Communication,"March 5, 2018",1.0.9,1.6 and up,,,,,Unknown,,,,
Cartoon Wars: Blade,GAME,4.4,165656,38.0,5000000,Free,0.0,Teen,Arcade,"February 7, 2018",1.1.0,2.3 and up,,,,,Unknown,,,,
FANDOM: Arrow and The Flash,FAMILY,4.5,3935,9.5,100000,Free,0.0,Mature 17+,Entertainment,"June 7, 2018",2.9.8,4.4 and up,,,,,Unknown,,,,
CW Beacon for Ham Radio,COMMUNICATION,4.8,10,0.516,100,Paid,1.49,Everyone,Communication,"January 22, 2015",KM,1.6 and up,,,,,Unknown,,,,
IZ2UUF Morse Koch CW,COMMUNICATION,4.6,649,0.837,50000,Free,0.0,Everyone,Communication,"August 8, 2013",1.0.013,2.1 and up,,,,,Unknown,,,,
Morse Decoder for Ham Radio,COMMUNICATION,3.7,166,2.0,5000,Paid,4.99,Everyone,Communication,"March 14, 2017",1.52,2.3 and up,,,,,Unknown,,,,
C W Browser,COMMUNICATION,4.4,14,17.0,100,Free,0.0,Everyone,Communication,"October 28, 2017",1.0,4.0 and up,,,,,Unknown,,,,
Canon CameraWindow,PHOTOGRAPHY,3.5,12204,6.8,1000000,Free,0.0,Everyone,Photography,"March 14, 2017",1.5.2.21,2.3.3 and up,,,,,Unknown,,,,
Saiyan Of CW,FAMILY,3.8,5,1.1,500,Free,0.0,Everyone,Role Playing,"July 31, 2018",2.0.10,4.0.3 and up,,,,,Unknown,,,,
CW Studio ®,COMMUNICATION,3.8,9,0.78,100,Paid,0.99,Everyone,Communication,"May 19, 2015",1.2,2.3.3 and up,,,,,Unknown,,,,
20WPM Amateur ham radio Koch CW Morse code trainer,COMMUNICATION,4.3,12,3.7,100,Paid,1.49,Everyone,Communication,"May 22, 2018",3.0.4,2.1 and up,,,,,Unknown,,,,
Morse Trainer for Ham Radio,COMMUNICATION,4.6,265,2.6,10000,Paid,2.99,Everyone,Communication,"January 6, 2018",2.28,2.3 and up,,,,,Unknown,,,,
The Church at CW,LIFESTYLE,4.5,2,7.8,100,Free,0.0,Teen,Lifestyle,"June 25, 2018",3.8.0,4.1 and up,,,,,Unknown,,,,
Morse Machine for Ham Radio,COMMUNICATION,4.8,341,9.6,5000,Paid,0.99,Everyone,Communication,"February 20, 2015",iu4,2.0 and up,,,,,Unknown,,,,
Morse Player,FAMILY,5.0,12,2.4,100,Paid,1.99,Everyone,Education,"January 23, 2017",2.1.1,3.0 and up,,,,,Unknown,,,,
My CW,TOOLS,3.0,1,55.0,100,Free,0.0,Everyone,Tools,"October 27, 2016",2.35.1,4.1 and up,,,,,Unknown,,,,
30WPM Amateur ham radio Koch CW Morse code trainer,FAMILY,5.0,1,3.7,10,Paid,1.49,Everyone,Education,"May 18, 2018",2.0.2,2.1 and up,,,,,Unknown,,,,
DC All Access,FAMILY,4.4,12639,96.0,500000,Free,0.0,Teen,Entertainment,"October 17, 2017",3.5,4.1 and up,,,,,Unknown,,,,
Koch Morse Trainer Pro,COMMUNICATION,4.6,94,1.1,1000,Paid,2.49,Everyone,Communication,"February 14, 2015",2.1.1,2.2 and up,,,,,Unknown,,,,
Morse Code Reader,COMMUNICATION,3.9,1436,0.02,100000,Free,0.0,Everyone,Communication,"August 26, 2013",1.0,1.6 and up,,,,,Unknown,,,,
CW Nuclear,BOOKS_AND_REFERENCE,3.3,15,12.0,1000,Free,0.0,Everyone,Books & Reference,"November 17, 2017",1.2,4.0 and up,,,,,Unknown,,,,
CW Deposit,BUSINESS,3.0,4,0.498,1000,Free,0.0,Everyone,Business,"February 6, 2014",2.1.5,2.1 and up,,,,,Unknown,,,,
Hallmark Channel Everywhere,FAMILY,4.2,6784,13.0,500000,Free,0.0,Everyone,Entertainment,"August 30, 2017",2.3.0,4.4 and up,,,,,Unknown,,,,
Morse Player Free,FAMILY,4.2,268,4.2,50000,Free,0.0,Everyone,Education,"January 23, 2017",2.1.1,3.0 and up,,,,,Unknown,,,,
News 8 San Diego,NEWS_AND_MAGAZINES,4.2,1137,11.0,50000,Free,0.0,Everyone,News & Magazines,"July 23, 2018",5.5.0,4.3 and up,,,,,Unknown,,,,
Learn Morse Code - G0HYN Learn Morse,COMMUNICATION,4.0,27,0.6,5000,Free,0.0,Everyone,Communication,"May 8, 2018",5.0,2.2 and up,,,,,Unknown,,,,
SYFY,FAMILY,3.2,3069,18.0,500000,Free,0.0,Teen,Entertainment,"May 24, 2018",3.3.1.41,4.4 and up,,,,,Unknown,,,,
Morse Notifier Free,TOOLS,4.6,79,3.0,1000,Free,0.0,Everyone,Tools,"November 8, 2017",2.9.9,4.0.3 and up,,,,,Unknown,,,,
AMC,FAMILY,3.2,20843,14.0,1000000,Free,0.0,Teen,Entertainment,"August 2, 2018",3.3.85 (2),4.4 and up,,,,,Unknown,,,,
Cartoon Wars 3,FAMILY,4.1,137674,72.0,5000000,Free,0.0,Teen,Role Playing,"July 4, 2018",2.0.2,2.3 and up,,,,,Unknown,,,,
Oracle CX Cloud Mobile,BUSINESS,4.4,48,54.0,5000,Free,0.0,Everyone,Business,"July 7, 2018",11.13.18.05.07.03,4.4 and up,,,,,Unknown,,,,
CX-10WiFi,FAMILY,4.0,1419,12.0,100000,Free,0.0,Everyone,Casual,"October 25, 2017",2.5_16,4.0 and up,,,,,Unknown,,,,
CX-OF,FAMILY,4.2,18,37.0,1000,Free,0.0,Everyone,Entertainment,"January 31, 2018",7.2.1,4.3 and up,,,,,Unknown,,,,
cx-32wifi,FAMILY,4.1,62,6.5,10000,Free,0.0,Everyone,Entertainment,"November 14, 2015",1.4,2.2 and up,,,,,Unknown,,,,
CX-17WIFI,FAMILY,4.3,49,6.6,10000,Free,0.0,Everyone,Entertainment,"March 21, 2018",2.3,4.3 and up,,,,,Unknown,,,,
Cathay Pacific,TRAVEL_AND_LOCAL,3.3,4069,50.0,1000000,Free,0.0,Everyone,Travel & Local,"July 25, 2018",6.6.1,4.3 and up,,,,,Unknown,,,,
Cx File Explorer,TOOLS,4.7,175,4.3,10000,Free,0.0,Everyone,Tools,"July 28, 2018",1.0.7,5.0 and up,,,,,Unknown,,,,
cx-33wifi,FAMILY,4.4,63,7.6,10000,Free,0.0,Everyone,Entertainment,"November 14, 2015",1.4,2.2 and up,,,,,Unknown,,,,
CX-WiFi720P,FAMILY,3.1,47,5.5,10000,Free,0.0,Everyone,Entertainment,"November 14, 2015",2.0,2.2 and up,,,,,Unknown,,,,
CX-60,FAMILY,3.1,19,94.0,1000,Free,0.0,Everyone,Casual,"May 9, 2017",1.6,2.3 and up,,,,,Unknown,,,,
ACTIVEON CX & CX GOLD,VIDEO_PLAYERS,3.3,439,35.0,50000,Free,0.0,Everyone,Video Players & Editors,"March 4, 2016",0.7.9,4.0 and up,,,,,Unknown,,,,
CX North America,BUSINESS,3.9,10,55.0,500,Free,0.0,Everyone,Business,"March 14, 2018",1.2,4.0 and up,,,,,Unknown,,,,
CX-10DS,FAMILY,3.4,12,11.0,1000,Free,0.0,Everyone,Casual,"September 15, 2017",1.5_6,4.0 and up,,,,,Unknown,,,,
CX-37,FAMILY,3.9,13,12.0,1000,Free,0.0,Everyone,Casual,"May 30, 2016",1.3_4,3.0 and up,,,,,Unknown,,,,
Avaya CX,BUSINESS,4.4,21,21.0,1000,Free,0.0,Everyone,Business,"July 25, 2018",v6.7.14,5.0 and up,,,,,Unknown,,,,
TI-Nspire CX Calculator Manual,FAMILY,3.9,11,27.0,500,Paid,4.99,Everyone,Education,"July 21, 2018",1.3.0,4.1 and up,,,,,Unknown,,,,
CX_WiFiUFO,SPORTS,3.7,818,5.3,100000,Free,0.0,Everyone,Sports,"June 8, 2016",4.4_23,4.0 and up,,,,,Unknown,,,,
CX watcher,FAMILY,4.5,4,30.0,500,Free,0.0,Everyone,Casual,"June 21, 2018",1.5_6,4.1 and up,,,,,Unknown,,,,
Theme For Techno Camon CX,PERSONALIZATION,4.7,42,10.0,5000,Free,0.0,Everyone,Personalization,"May 10, 2017",1.0.,4.0 and up,,,,,Unknown,,,,
Theme for Tecno Camon CX / C8,LIFESTYLE,4.6,147,9.8,10000,Free,0.0,Everyone,Lifestyle,"May 2, 2017",1.0.1,4.0 and up,,,,,Unknown,,,,
Oración CX,LIFESTYLE,5.0,103,3.8,5000,Free,0.0,Everyone,Lifestyle,"September 12, 2017",5.1.10,4.1 and up,,,,,Unknown,,,,
CX-40,FAMILY,3.0,2,33.0,100,Free,0.0,Everyone,Entertainment,"December 14, 2017",3.0,4.0 and up,,,,,Unknown,,,,
Ring,COMMUNICATION,3.9,517,35.0,10000,Free,0.0,Everyone,Communication,"August 6, 2018",20180805,4.4 and up,,,,,Unknown,,,,
cx advance call blocker,PERSONALIZATION,5.0,3,3.4,50,Free,0.0,Everyone,Personalization,"April 9, 2018",1.0,4.0 and up,,,,,Unknown,,,,
CX Ram Booster,TOOLS,3.9,12,2.5,500,Free,0.0,Everyone,Tools,"June 2, 2017",1.0,2.2 and up,,,,,Unknown,,,,
CXmodel-ufo,FAMILY,3.8,19,12.0,1000,Free,0.0,Everyone,Entertainment,"January 19, 2017",2.1,2.2 and up,,,,,Unknown,,,,
Secret Codes For Android,TOOLS,3.6,6060,0.592,500000,Free,0.0,Everyone,Tools,"February 4, 2016",2.0,2.1 and up,,,,,Unknown,,,,
Absolute RC Heli Simulator,SPORTS,3.9,654,50.0,10000,Paid,4.99,Everyone,Sports,"December 20, 2017",3.29,4.1 and up,,,,,Unknown,,,,
WiFi FPV,FAMILY,3.8,316,19.0,100000,Free,0.0,Everyone,Entertainment,"June 1, 2017",1.8,2.2 and up,,,,,Unknown,,,,
go41cx,FAMILY,4.8,171,1.0,1000,Paid,10.0,Everyone,Education,"October 18, 2016",1.7.0,2.2 and up,,,,,Unknown,,,,
Freecell CY,GAME,4.0,387,1.1,50000,Free,0.0,Everyone,Card,"April 16, 2011",1.3.3,1.6 and up,,,,,Unknown,,,,
Cytus II,GAME,4.7,16851,81.0,100000,Paid,1.99,Everyone 10+,Music,"August 3, 2018",1.5.0,4.4 and up,,,,,Unknown,,,,
Cy-Reader,FAMILY,4.8,17,15.0,100,Free,0.0,Everyone,Education,"August 3, 2018",1.7,4.2 and up,,,,,Unknown,,,,
Cy-Fair FCU Mobile Banking,FINANCE,4.7,439,13.0,5000,Free,0.0,Everyone,Finance,"January 30, 2018",5.7.1.0,5.0 and up,,,,,Unknown,,,,
Cytus,GAME,4.7,541732,20.0,5000000,Free,0.0,Everyone,Music,"February 9, 2018",10.0.10,2.3 and up,,,,,Unknown,,,,
Cy-Ranch,NEWS_AND_MAGAZINES,4.5,27,7.1,500,Free,0.0,Everyone,News & Magazines,"May 6, 2018",7.5.0,4.1 and up,,,,,Unknown,,,,
Recycling Cy,LIFESTYLE,4.0,47,4.5,1000,Free,0.0,Everyone,Lifestyle,"August 2, 2017",2.0,3.2 and up,,,,,Unknown,,,,
CY.SEND Online Top Up,FINANCE,3.2,191,10.0,10000,Free,0.0,Everyone,Finance,"January 25, 2018",4.5.6,4.0 and up,,,,,Unknown,,,,
Alpha Bank CY,FINANCE,4.7,39,20.0,1000,Free,0.0,Everyone,Finance,"March 20, 2018",1.11,4.3 and up,,,,,Unknown,,,,
Cy Messenger,COMMUNICATION,4.5,4,8.1,100,Free,0.0,Everyone,Communication,"August 30, 2014",1.3.0,2.3.3 and up,,,,,Unknown,,,,
Igitabo cy'Indirimbo,FAMILY,4.5,93,1.6,50000,Free,0.0,Everyone,Entertainment,"February 5, 2018",INDIRIMBO V.2014.002,1.6 and up,,,,,Unknown,,,,
Doctor Finder CY,MEDICAL,4.9,57,6.1,1000,Free,0.0,Everyone,Medical,"November 11, 2015",1.7,3.0 and up,,,,,Unknown,,,,
Eshopcy.com.cy,SHOPPING,4.2,182,4.9,5000,Free,0.0,Everyone,Shopping,"August 3, 2018",1.3,2.2 and up,,,,,Unknown,,,,
Cy-Fair VFD EMS Protocols,MEDICAL,5.0,2,20.0,100,Free,0.0,Everyone 10+,Medical,"September 21, 2017",1.8.3,4.1 and up,,,,,Unknown,,,,
Cy-Fair Christian Church,LIFESTYLE,5.0,2,9.3,100,Free,0.0,Everyone,Lifestyle,"August 3, 2017",24.8.1,4.1 and up,,,,,Unknown,,,,
Shadowverse CCG,GAME,4.2,47340,61.0,1000000,Free,0.0,Teen,Card,"July 30, 2018",2.2.15,4.1 and up,,,,,Unknown,,,,
CY Digital Net,SHOPPING,4.7,3,5.8,500,Free,0.0,Everyone,Shopping,"August 1, 2017",2.0.0,4.0 and up,,,,,Unknown,,,,
Cymath - Math Problem Solver,FAMILY,4.5,10159,6.4,1000000,Free,0.0,Everyone,Education,"April 13, 2018",2.17,4.1 and up,,,,,Unknown,,,,
Rewards,FINANCE,3.8,57,4.0,5000,Free,0.0,Everyone,Finance,"December 15, 2017",4.1,2.3 and up,,,,,Unknown,,,,
Army of Heroes,FAMILY,4.5,85015,46.0,1000000,Free,0.0,Everyone 10+,Strategy,"August 1, 2018",1.03.06,4.0 and up,,,,,Unknown,,,,
Math Solver,FAMILY,4.3,2250,30.0,100000,Free,0.0,Everyone,Education,"November 21, 2017",1.2,4.1 and up,,,,,Unknown,,,,
Cyprus Bus Companion,MAPS_AND_NAVIGATION,3.9,112,1.4,10000,Free,0.0,Everyone,Maps & Navigation,"December 26, 2013",1.3,2.2 and up,,,,,Unknown,,,,
Cyprus Police,SOCIAL,4.2,226,15.0,10000,Free,0.0,Everyone 10+,Social,"January 31, 2018",1.122.250.1421,2.2 and up,,,,,Unknown,,,,
foody Cyprus - online ordering,SHOPPING,4.5,214,1.8,10000,Free,0.0,Everyone,Shopping,"February 27, 2018",2.92,4.0.3 and up,,,,,Unknown,,,,
Death Dragon Knights RPG,FAMILY,4.1,11179,19.0,1000000,Free,0.0,Teen,Role Playing,"September 16, 2016",2.7,2.3 and up,,,,,Unknown,,,,
Bank Of Cyprus,FINANCE,4.1,1514,12.0,100000,Free,0.0,Everyone,Finance,"February 14, 2018",1.1,4.1 and up,,,,,Unknown,,,,
Map of Cyprus offline,TRAVEL_AND_LOCAL,4.6,470,21.0,10000,Free,0.0,Everyone,Travel & Local,"March 12, 2018",3.9,2.3 and up,,,,,Unknown,,,,
McDelivery Cyprus,FOOD_AND_DRINK,3.3,60,25.0,10000,Free,0.0,Everyone,Food & Drink,"May 14, 2018",3.1.46 (CY02),4.3 and up,,,,,Unknown,,,,
CZ-USA,LIFESTYLE,4.5,11,3.4,1000,Free,0.0,Everyone,Lifestyle,"March 1, 2016",1.0.2,4.0.3 and up,,,,,Unknown,,,,
CZ File Manager,TOOLS,2.2,876,8.7,1000000,Free,0.0,Everyone,Tools,"August 6, 2018",3.2.3,4.2 and up,,,,,Unknown,,,,
Security Camera CZ,HOUSE_AND_HOME,4.4,137,19.0,10000,Free,0.0,Everyone,House & Home,"July 17, 2018",1.1.10,4.1 and up,,,,,Unknown,,,,
Šmelina .cz inzeráty inzerce,SHOPPING,3.9,117,9.8,10000,Free,0.0,Everyone,Shopping,"May 13, 2018",1.3,4.0 and up,,,,,Unknown,,,,
Alzashop.com,SHOPPING,4.5,32014,18.0,500000,Free,0.0,Everyone,Shopping,"August 3, 2018",Varies with device,Varies with device,,,,,Unknown,,,,
KFC CZ,LIFESTYLE,2.8,1189,18.0,100000,Free,0.0,Everyone,Lifestyle,"June 27, 2018",5.1.0,4.0.3 and up,,,,,Unknown,,,,
Skylink Live TV CZ,FAMILY,3.3,2802,15.0,100000,Free,0.0,Teen,Entertainment,"July 11, 2018",5.0,4.3 and up,,,,,Unknown,,,,
Online TV CZ/SK PRO,VIDEO_PLAYERS,3.1,167,2.0,1000,Paid,0.99,Everyone,Video Players & Editors,"June 21, 2018",3.3.2,4.0.3 and up,,,,,Unknown,,,,
Rande.cz,SOCIAL,3.2,398,2.2,50000,Free,0.0,Mature 17+,Social,"December 3, 2014",1.0.1,2.3.3 and up,,,,,Unknown,,,,
Breweries (CZ/SK),LIFESTYLE,4.4,1740,4.4,50000,Free,0.0,Teen,Lifestyle,"July 27, 2017",3.1.0,4.1 and up,,,,,Unknown,,,,
reality.cz,HOUSE_AND_HOME,4.1,1372,5.4,50000,Free,0.0,Everyone,House & Home,"February 15, 2018",2.9.0,4.1 and up,,,,,Unknown,,,,
CZ-Help,BOOKS_AND_REFERENCE,5.0,2,1.4,5,Free,0.0,Everyone,Books & Reference,"July 13, 2018",0.1,4.4 and up,,,,,Unknown,,,,
CZ-Cyberon Voice Commander,TOOLS,3.8,131,3.3,1000,Paid,5.99,Everyone,Tools,"March 7, 2017",3.2.17030601,2.2 and up,,,,,Unknown,,,,
HTC Sense Input - CZ,TOOLS,4.3,87,7.3,10000,Free,0.0,Everyone,Tools,"November 9, 2015",1.0.612933,5.0 and up,,,,,Unknown,,,,
WebCams,WEATHER,4.6,3963,23.0,100000,Free,0.0,Everyone,Weather,"July 17, 2018",5.2.11,4.2 and up,,,,,Unknown,,,,
Wallpaper.cz,PHOTOGRAPHY,4.9,7,2.2,100,Free,0.0,Everyone,Photography,"July 11, 2015",1.2.0,3.0 and up,,,,,Unknown,,,,
CZ Kompas,TOOLS,5.0,2,3.5,10,Free,0.0,Everyone,Tools,"July 9, 2018",1.1,4.0 and up,,,,,Unknown,,,,
MYTO CZ,MAPS_AND_NAVIGATION,2.9,30,4.8,5000,Free,0.0,Everyone,Maps & Navigation,"February 17, 2016",1.2,4.1 and up,,,,,Unknown,,,,
PLAYzone.cz,FAMILY,4.4,14,7.3,500,Free,0.0,Everyone,Entertainment,"November 7, 2017",2.1.3,4.1 and up,,,,,Unknown,,,,
Tools & Mi Band,HEALTH_AND_FITNESS,4.4,15753,13.0,100000,Paid,3.49,Everyone,Health & Fitness,"July 26, 2018",3.7.3,4.3 and up,,,,,Unknown,,,,
TeeTime.cz,SPORTS,4.6,1641,6.2,10000,Free,0.0,Everyone,Sports,"August 2, 2018",1.18.34,4.0 and up,,,,,Unknown,,,,
What is my IP address,TOOLS,4.5,4228,0.656,500000,Free,0.0,Everyone,Tools,"July 2, 2018",2.95,4.0 and up,,,,,Unknown,,,,
Windguru Lite,WEATHER,4.0,9307,5.0,1000000,Free,0.0,Everyone,Weather,"January 9, 2018",2.0.8,4.4 and up,,,,,Unknown,,,,
Da Fit,SPORTS,3.5,1151,8.3,10000,Free,0.0,Everyone,Sports,"July 23, 2018",v1.0.0-195-gb96d9f2,4.4 and up,,,,,Unknown,,,,
Dan the Man: Action Platformer,GAME,4.8,528550,73.0,10000000,Free,0.0,Teen,Arcade,"July 26, 2018",1.2.6,4.1 and up,,,,,Unknown,,,,
Ghost Detector,FAMILY,3.5,35337,7.4,5000000,Free,0.0,Teen,Entertainment,"May 25, 2018",1.7.28,4.0 and up,,,,,Unknown,,,,
Master for Minecraft(Pocket Edition)-Mod Launcher,TOOLS,4.6,2674051,26.0,50000000,Free,0.0,Everyone,Tools,"August 6, 2018",2.1.69,4.0.3 and up,,,,,Unknown,,,,
King of Math,FAMILY,4.4,766,14.0,10000,Paid,2.99,Everyone,Education;Education,"May 22, 2018",1.0.11,2.2 and up,,,,,Unknown,,,,
Translate: text & voice translator,TOOLS,4.3,122010,7.3,5000000,Free,0.0,Everyone,Tools,"July 14, 2018",Translator 10.9.2,4.0.3 and up,,,,,Unknown,,,,
The Zueira's Voice,TOOLS,4.7,136540,3.1,1000000,Free,0.0,Everyone,Tools,"July 10, 2018",4.75,4.0.3 and up,,,,,Unknown,,,,
Battery Calibration,TOOLS,4.4,134412,11.0,5000000,Free,0.0,Everyone,Tools,"July 27, 2018",3.0.5,4.4 and up,,,,,Unknown,,,,
Thuglife Video Maker,FAMILY,3.5,38824,12.0,1000000,Free,0.0,Mature 17+,Entertainment,"January 21, 2018",2.4.1,5.0 and up,,,,,Unknown,,,,
MadLipz,FAMILY,4.6,171017,13.0,10000000,Free,0.0,Teen,Entertainment,"July 22, 2018",2.2.2,4.4 and up,,,,,Unknown,,,,
Soccer FC,SPORTS,3.9,6289,33.0,1000000,Free,0.0,Everyone,Sports,"July 21, 2016",1.2,2.3 and up,,,,,Unknown,,,,
Geometry Dash SubZero,GAME,4.6,260527,49.0,10000000,Free,0.0,Everyone,Arcade,"December 21, 2017",1.00,4.0 and up,,,,,Unknown,,,,
Escaping the Prison,FAMILY,4.2,419375,31.0,10000000,Free,0.0,Everyone 10+,Casual,"June 21, 2016",1.2.2,2.3 and up,,,,,Unknown,,,,
Quiz TRUE or FALSE,GAME,4.6,2464,34.0,50000,Free,0.0,Everyone,Trivia,"February 13, 2018",1.1,4.1 and up,,,,,Unknown,,,,
Glam Doll Salon - Chic Fashion,FAMILY,4.0,93898,44.0,10000000,Free,0.0,Everyone,Casual,"May 26, 2017",1.10,4.1 and up,,,,,Unknown,,,,
Siren Ringtones,PERSONALIZATION,4.2,42190,11.0,5000000,Free,0.0,Teen,Personalization,"July 8, 2018",Varies with device,Varies with device,,,,,Unknown,,,,
Peppa Pig: Party Time,FAMILY,3.8,52,55.0,10000,Paid,2.99,Everyone,Educational;Pretend Play,"August 8, 2017",1.2.1,2.3 and up,,,,,Unknown,,,,
The Visitor,GAME,4.1,39895,25.0,5000000,Free,0.0,Mature 17+,Adventure,"January 2, 2018",1.2.3,4.1 and up,,,,,Unknown,,,,
Just Dance Now,GAME,4.2,794058,56.0,10000000,Free,0.0,Everyone,Music,"June 12, 2018",2.3.0,4.4 and up,,,,,Unknown,,,,
DB Navigator,MAPS_AND_NAVIGATION,4.0,119685,20.0,10000000,Free,0.0,Everyone,Maps & Navigation,"July 2, 2018",18.06.p03.02,4.0.3 and up,,,,,Unknown,,,,
SQLite DB Reader,TOOLS,3.6,301,2.3,50000,Free,0.0,Everyone,Tools,"November 28, 2017",1.2.9,4.0 and up,,,,,Unknown,,,,
DB Browser,TOOLS,3.3,236,0.221,50000,Free,0.0,Everyone,Tools,"September 20, 2011",1.6,2.1 and up,,,,,Unknown,,,,
Sound Meter,TOOLS,4.7,88993,1.5,10000000,Free,0.0,Everyone,Tools,"June 10, 2018",3.2.6,2.3 and up,,,,,Unknown,,,,
db.Mobil App,LIBRARIES_AND_DEMO,4.5,23,31.0,5000,Free,0.0,Everyone,Libraries & Demo,"July 11, 2018",3.4.5,3.0 and up,,,,,Unknown,,,,
DB Streckenagent,MAPS_AND_NAVIGATION,3.9,4569,7.5,500000,Free,0.0,Everyone,Maps & Navigation,"December 22, 2017",2.1.10 (49),4.0 and up,,,,,Unknown,,,,
dB: Sound Meter Pro,TOOLS,4.3,31,0.228,5000,Free,0.0,Everyone,Tools,"December 12, 2016",1.0,4.0.3 and up,,,,,Unknown,,,,
dB Sound Level Meter,TOOLS,3.9,203,2.3,10000,Free,0.0,Everyone,Tools,"March 3, 2017",1.08,3.0 and up,,,,,Unknown,,,,
DB Sound Meter: Measure Noise Level- Decibel Meter,TOOLS,4.3,824,2.8,10000,Free,0.0,Everyone,Tools,"December 13, 2017",1.0.1,4.1 and up,,,,,Unknown,,,,
ACCDB MDB DB Manager Pro - Editor for MS Access,PRODUCTIVITY,3.1,19,4.5,500,Paid,8.99,Everyone,Productivity,"November 3, 2016",1.0.8,4.0 and up,,,,,Unknown,,,,
Scale Models DB,TOOLS,4.4,9,33.0,50,Paid,2.99,Everyone,Tools,"May 3, 2018",0.6.2,4.3 and up,,,,,Unknown,,,,
DB Train Simulator,FAMILY,3.7,6514,72.0,500000,Free,0.0,Everyone,Simulation,"May 23, 2018",1.6.2,3.0 and up,,,,,Unknown,,,,
DB Tools,FAMILY,4.6,37,3.3,1000,Free,0.0,Everyone,Education,"June 17, 2014",1.9,2.2 and up,,,,,Unknown,,,,
dB Meter - measure sound & noise level in Decibel,TOOLS,4.6,154,6.6,10000,Free,0.0,Everyone,Tools,"July 26, 2018",1.1,4.4 and up,,,,,Unknown,,,,
DB LINK RGB,TOOLS,2.7,7,5.2,500,Free,0.0,Everyone,Tools,"June 19, 2017",1.0.2,4.4 and up,,,,,Unknown,,,,
"10,000 Quotes DB (Premium)",BOOKS_AND_REFERENCE,4.1,70,3.5,500,Paid,0.99,Everyone,Books & Reference,"August 30, 2013",1.3,2.1 and up,,,,,Unknown,,,,
Guide for DB Xenoverse,BOOKS_AND_REFERENCE,4.2,459,11.0,10000,Free,0.0,Everyone,Books & Reference,"October 1, 2016",1.2,4.0 and up,,,,,Unknown,,,,
DB Transport,MAPS_AND_NAVIGATION,1.9,179,10.0,10000,Free,0.0,Everyone,Maps & Navigation,"March 13, 2018",3.05,4.1 and up,,,,,Unknown,,,,
DB Stay Connected,BUSINESS,4.6,17,9.4,1000,Free,0.0,Everyone,Business,"December 8, 2017",1.4,4.0 and up,,,,,Unknown,,,,
Guide for DB Xenoverse 2,BOOKS_AND_REFERENCE,4.4,121,8.7,10000,Free,0.0,Everyone,Books & Reference,"December 23, 2016",1.1.2,4.1 and up,,,,,Unknown,,,,
DB Customer Connect,BUSINESS,4.2,100,6.3,10000,Free,0.0,Everyone,Business,"July 21, 2018",2.0.0,4.1 and up,,,,,Unknown,,,,
Patron DB,TOOLS,3.9,64,4.1,5000,Free,0.0,Everyone,Tools,"June 1, 2017",1.24,4.4 and up,,,,,Unknown,,,,
DB Event App,SOCIAL,2.4,37,37.0,5000,Free,0.0,Teen,Social,"June 25, 2017",1.0,4.1 and up,,,,,Unknown,,,,
DB HOME,LIFESTYLE,5.0,5,3.2,100,Free,0.0,Everyone,Lifestyle,"August 31, 2017",1.0.1,4.0 and up,,,,,Unknown,,,,
Bowers & Wilkins DB Subwoofers,TOOLS,3.9,21,11.0,10000,Free,0.0,Everyone,Tools,"January 19, 2018",1.2.0.27,5.0 and up,,,,,Unknown,,,,
DB Busradar NRW,MAPS_AND_NAVIGATION,3.7,78,3.0,10000,Free,0.0,Everyone,Maps & Navigation,"April 12, 2017",1.0.2,2.2 and up,,,,,Unknown,,,,
DB Pickles,BUSINESS,5.0,5,14.0,100,Free,0.0,Everyone,Business,"March 20, 2018",2.0.2,4.1 and up,,,,,Unknown,,,,
DB for Fallout Shelter,FAMILY,4.0,3323,47.0,100000,Free,0.0,Everyone,Simulation,"March 29, 2018",1.9,4.0 and up,,,,,Unknown,,,,
LC-DB,PHOTOGRAPHY,3.0,1,2.5,10,Paid,3.49,Everyone,Photography,"October 20, 2017",1.0,4.2 and up,,,,,Unknown,,,,
dB Sound Meter,TOOLS,4.1,29,2.3,5000,Free,0.0,Everyone,Tools,"April 25, 2016",1.2,4.0.3 and up,,,,,Unknown,,,,
DB for Hustle Castle,FAMILY,4.8,21,49.0,1000,Free,0.0,Everyone,Role Playing,"July 4, 2018",1.1,4.1 and up,,,,,Unknown,,,,
DB Ultra Saiyan Battle,GAME,4.5,33,44.0,1000,Free,0.0,Everyone 10+,Action,"July 25, 2018",1.3.7,2.3 and up,,,,,Unknown,,,,
Preferences Manager and SQLite DB Viewer,TOOLS,3.5,13,3.0,1000,Free,0.0,Everyone,Tools,"July 18, 2017",1.01,4.0 and up,,,,,Unknown,,,,
SW-DB,TOOLS,4.5,954,7.6,10000,Free,0.0,Teen,Tools,"July 11, 2016",0.4.1,4.1 and up,,,,,Unknown,,,,
DC Legends: Battle for Justice,FAMILY,4.5,355613,59.0,10000000,Free,0.0,Teen,Role Playing,"August 2, 2018",1.21.2,4.4 and up,,,,,Unknown,,,,
Injustice 2,GAME,4.3,504765,36.0,5000000,Free,0.0,Teen,Action,"July 30, 2018",2.4.1,4.4 and up,,,,,Unknown,,,,
Injustice: Gods Among Us,GAME,4.4,2440877,32.0,10000000,Free,0.0,Teen,Action,"June 14, 2018",2.21,4.0 and up,,,,,Unknown,,,,
FANDOM for: DC,FAMILY,4.4,6715,9.5,500000,Free,0.0,Mature 17+,Entertainment,"July 20, 2018",2.9.8.1,4.4 and up,,,,,Unknown,,,,
LEGO Batman: DC Super Heroes,FAMILY,4.2,2557,5.8,50000,Paid,4.99,Everyone 10+,Adventure;Action & Adventure,"May 9, 2016",Varies with device,4.0.3 and up,,,,,Unknown,,,,
Ultimate DC Challenge,GAME,4.5,937,35.0,10000,Free,0.0,Everyone,Trivia,"October 19, 2017",2.14.5e,4.0.3 and up,,,,,Unknown,,,,
LEGO® DC Mighty Micros,FAMILY,4.3,139545,63.0,10000000,Free,0.0,Everyone,Racing;Action & Adventure,"January 30, 2018",1.6.1326,4.1 and up,,,,,Unknown,,,,
Justice League Action Run,GAME,4.3,22333,9.7,1000000,Free,0.0,Everyone 10+,Action,"August 7, 2018",2.01,4.3 and up,,,,,Unknown,,,,
Marvel and DC Wallpapers,PERSONALIZATION,4.2,249,91.0,10000,Free,0.0,Everyone,Personalization,"July 7, 2018",4.0,4.1 and up,,,,,Unknown,,,,
DC Comics Amino,SOCIAL,4.9,117,63.0,1000,Free,0.0,Teen,Social,"July 13, 2018",1.8.19106,4.0.3 and up,,,,,Unknown,,,,
Quiz DC,GAME,1.4,33,3.1,1000,Free,0.0,Everyone,Trivia,"December 25, 2017",1.10,4.1 and up,,,,,Unknown,,,,
Batman: Gotham’s Most Wanted!,FAMILY,4.0,16190,88.0,1000000,Free,0.0,Everyone,Action;Action & Adventure,"April 24, 2018",2.1.1,4.0 and up,,,,,Unknown,,,,
"Superheroes, Marvel, DC, Comics, TV, Movies News",COMICS,5.0,34,12.0,5000,Free,0.0,Everyone,Comics,"July 31, 2018",1.0.5,5.0 and up,,,,,Unknown,,,,
DC Universe Quiz,GAME,4.3,11,23.0,500,Free,0.0,Everyone,Trivia,"May 22, 2018",3.2.7z,4.0.3 and up,,,,,Unknown,,,,
DC HSEMA,BOOKS_AND_REFERENCE,3.8,38,7.2,5000,Free,0.0,Everyone,Books & Reference,"June 18, 2018",4.0,4.4 and up,,,,,Unknown,,,,
DC Universe Online Map,TOOLS,4.1,1186,6.4,50000,Free,0.0,Unrated,Tools,"February 27, 2012",1.3,2.3.3 and up,,,,,Unknown,,,,
DC Public Library,BOOKS_AND_REFERENCE,4.2,20,3.4,1000,Free,0.0,Everyone,Books & Reference,"June 8, 2015",4.6.1,1.6 and up,,,,,Unknown,,,,
Vote 4 DC,TOOLS,4.1,46,6.1,1000,Free,0.0,Everyone,Tools,"September 21, 2016",4.0.6,4.0.3 and up,,,,,Unknown,,,,
Villains vs Superheroes,FAMILY,4.3,128,22.0,10000,Free,0.0,Everyone,Puzzle,"September 12, 2017",3.3.3z,4.0.3 and up,,,,,Unknown,,,,
DC Rider,MAPS_AND_NAVIGATION,3.6,258,6.9,50000,Free,0.0,Everyone,Maps & Navigation,"December 24, 2017",2.1,4.0 and up,,,,,Unknown,,,,
Power Rangers: Legacy Wars,GAME,4.3,264755,91.0,10000000,Free,0.0,Teen,Action,"July 17, 2018",2.2.1,4.0 and up,,,,,Unknown,,,,
MARVEL Future Fight,FAMILY,4.6,2354042,72.0,50000000,Free,0.0,Everyone 10+,Role Playing,"July 3, 2018",4.2.0,4.0.3 and up,,,,,Unknown,,,,
DC Metro Transit - Free,TRAVEL_AND_LOCAL,4.4,6895,10.0,500000,Free,0.0,Everyone,Travel & Local,"May 15, 2018",5.11.3.1,4.1 and up,,,,,Unknown,,,,
DC N COMPANY ENTERTAINMENT RADIO!,FAMILY,5.0,22,2.2,100,Free,0.0,Mature 17+,Entertainment,"November 2, 2017",1.4,4.4 and up,,,,,Unknown,,,,
Results for DC Lottery,FAMILY,4.4,160,8.5,5000,Free,0.0,Everyone,Entertainment,"March 11, 2017",5.1,4.1 and up,,,,,Unknown,,,,
FOX 5 DC,NEWS_AND_MAGAZINES,4.5,1440,12.0,100000,Free,0.0,Everyone,News & Magazines,"March 29, 2018",1.3.35.0,4.0 and up,,,,,Unknown,,,,
Driver Permit Test Prep DC DMV Driver's License Ed,FAMILY,4.7,78,11.0,5000,Free,0.0,Everyone,Education,"October 12, 2017",2.9.0,4.1 and up,,,,,Unknown,,,,
DC-014,PHOTOGRAPHY,5.0,3,16.0,500,Free,0.0,Everyone,Photography,"June 14, 2018",1.0.3,4.1 and up,,,,,Unknown,,,,
DC Metro,MAPS_AND_NAVIGATION,3.4,59,1.3,10000,Free,0.0,Everyone,Maps & Navigation,"January 26, 2015",1.0,1.5 and up,,,,,Unknown,,,,
DC Trails-Hop On Hop Off Tours,TRAVEL_AND_LOCAL,3.1,16,18.0,5000,Free,0.0,Everyone,Travel & Local,"August 1, 2018",1.4.9,4.0.3 and up,,,,,Unknown,,,,
DC Metro Transit,TRAVEL_AND_LOCAL,4.5,339,10.0,5000,Paid,2.99,Everyone,Travel & Local,"May 13, 2018",5.11.3,4.1 and up,,,,,Unknown,,,,
AC DC Power Monitor,LIFESTYLE,5.0,1,1.2,10,Paid,3.04,Everyone,Lifestyle,"May 29, 2016",1.2,2.3 and up,,,,,Unknown,,,,
McClatchy DC Bureau,NEWS_AND_MAGAZINES,4.3,80,8.7,5000,Free,0.0,Everyone 10+,News & Magazines,"June 18, 2018",6.0.1,4.4W and up,,,,,Unknown,,,,
AutoScout24 - used car finder,AUTO_AND_VEHICLES,4.4,186648,42.0,10000000,Free,0.0,Everyone,Auto & Vehicles,"August 2, 2018",9.3.52,4.2 and up,,,,,Unknown,,,,
Your Freedom VPN Client,COMMUNICATION,4.0,74497,5.3,5000000,Free,0.0,Everyone,Communication,"May 19, 2018",20180518-01,4.0 and up,,,,,Unknown,,,,
Speed Camera Radar,MAPS_AND_NAVIGATION,4.1,54034,5.8,5000000,Free,0.0,Teen,Maps & Navigation,"May 30, 2018",2.1.15,4.0 and up,,,,,Unknown,,,,
WDAMAGE: Car Crash Engine,GAME,3.8,47386,96.0,1000000,Free,0.0,Everyone,Racing,"June 6, 2018",31,4.2 and up,,,,,Unknown,,,,
APUS File Manager (Explorer),TOOLS,4.1,498894,10.0,50000000,Free,0.0,Everyone,Tools,"August 2, 2018",2.8.9.1004,4.0.3 and up,,,,,Unknown,,,,
Offroad Police Car DE,FAMILY,4.3,9149,80.0,1000000,Free,0.0,Everyone,Simulation,"March 15, 2017",1.3,2.3.3 and up,,,,,Unknown,,,,
Easy Language Translator,TOOLS,4.3,191621,6.1,10000000,Free,0.0,Everyone,Tools,"May 29, 2018",1.43,4.0 and up,,,,,Unknown,,,,
Word Search multilingual,GAME,4.2,32849,1.5,1000000,Free,0.0,Everyone,Word,"September 30, 2015",2.2.13,2.3 and up,,,,,Unknown,,,,
Love Collage - Photo Editor,PHOTOGRAPHY,4.3,251686,31.0,10000000,Free,0.0,Everyone,Photography,"July 28, 2017",2.3.8.6,4.1 and up,,,,,Unknown,,,,
Heavy Bus Simulator,FAMILY,4.4,252006,26.0,5000000,Free,0.0,Everyone,Simulation,"March 15, 2018",1.084,2.3 and up,,,,,Unknown,,,,
Love Fonts for FlipFont,PERSONALIZATION,3.9,28694,2.9,1000000,Free,0.0,Everyone,Personalization,"January 14, 2018",1.4.6,4.0.3 and up,,,,,Unknown,,,,
Escape the Prison Room,FAMILY,3.5,113183,36.0,5000000,Free,0.0,Everyone,Puzzle,"December 15, 2017",10.6,4.1 and up,,,,,Unknown,,,,
Bike Racing 3D,GAME,4.2,951435,14.0,50000000,Free,0.0,Everyone,Racing,"January 17, 2018",2.2,2.1 and up,,,,,Unknown,,,,
Satellite Director,TOOLS,4.1,45610,0.176,10000000,Free,0.0,Everyone,Tools,"January 2, 2018",1.56,1.6 and up,,,,,Unknown,,,,
Truck Driver Cargo,GAME,4.1,257531,44.0,10000000,Free,0.0,Everyone 10+,Racing,"January 18, 2018",7,4.1 and up,,,,,Unknown,,,,
Anime Love Story Games: ✨Shadowtime✨,FAMILY,4.7,198480,82.0,5000000,Free,0.0,Everyone,Simulation,"August 3, 2018",20.0,4.1 and up,,,,,Unknown,,,,
Checkers,GAME,4.5,375996,3.3,10000000,Free,0.0,Everyone,Board,"August 6, 2018",1.48.0,4.1 and up,,,,,Unknown,,,,
Scratch Logo Quiz. Challenging brain puzzle,GAME,3.3,152102,18.0,10000000,Free,0.0,Teen,Trivia,"June 30, 2018",4.16,4.1 and up,,,,,Unknown,,,,
Myth Defense 2: DF,FAMILY,4.2,17108,8.3,100000,Free,0.0,Everyone,Strategy,"June 23, 2016",1.3.9,2.3.3 and up,,,,,Unknown,,,,
Myth Defense 2: DF Platinum,FAMILY,4.6,1764,8.3,10000,Paid,3.99,Everyone 10+,Strategy,"June 22, 2016",1.3.8,2.3.3 and up,,,,,Unknown,,,,
DF@realtime,BUSINESS,4.3,24,8.0,1000,Free,0.0,Everyone,Business,"October 26, 2017",6.0.8.2.GM,3.2 and up,,,,,Unknown,,,,
DF Night Selfies,PHOTOGRAPHY,4.3,194,1.5,10000,Free,0.0,Everyone,Photography,"February 15, 2018",1.6.0,4.0 and up,,,,,Unknown,,,,
DF Coaching,SPORTS,4.0,1,3.6,100,Free,0.0,Everyone,Sports,"May 24, 2018",1.0.1,4.1 and up,,,,,Unknown,,,,
Digital Falak,TOOLS,4.7,3408,15.0,50000,Free,0.0,Everyone,Tools,"May 30, 2018",2.1.1,4.1 and up,,,,,Unknown,,,,
The Divine Feminine App: the DF App,LIFESTYLE,5.0,8,6.7,1000,Free,0.0,Everyone,Lifestyle,"May 16, 2016",0.0.4,4.1 and up,,,,,Unknown,,,,
DF Glue Board,PARENTING,5.0,1,27.0,10,Free,0.0,Everyone,Parenting,"January 19, 2018",Glueboardv.6,4.2 and up,,,,,Unknown,,,,
DF-Server Mobile,PRODUCTIVITY,4.9,17,76.0,100,Free,0.0,Everyone,Productivity,"June 7, 2016",1.0.0,4.4 and up,,,,,Unknown,,,,
Red Transporte DF,MAPS_AND_NAVIGATION,4.3,11100,15.0,500000,Free,0.0,Everyone,Maps & Navigation,"April 28, 2018",2.10.0 Summer,4.0.3 and up,,,,,Unknown,,,,
Droidbug BusyBox Advance PRO,TOOLS,4.5,2,3.3,100,Paid,3.99,Everyone,Tools,"July 19, 2018",1.4,4.0.3 and up,,,,,Unknown,,,,
PDF Reader – PDF Editor 2018,TOOLS,4.1,1648,36.0,500000,Free,0.0,Everyone,Tools,"July 31, 2018",9.5.8,4.1 and up,,,,,Unknown,,,,
Fix Error Google Playstore,BOOKS_AND_REFERENCE,4.3,18,5.7,1000,Free,0.0,Everyone,Books & Reference,"July 22, 2017",1.0,4.0 and up,,,,,Unknown,,,,
DG Coupon,SHOPPING,3.7,668,1.1,100000,Free,0.0,Everyone,Shopping,"July 16, 2018",20.0,4.0 and up,,,,,Unknown,,,,
Penny Finder,SHOPPING,4.2,470,4.1,10000,Paid,2.99,Everyone,Shopping,"July 17, 2018",1.3.7,4.1 and up,,,,,Unknown,,,,
DG - Digital Coupons - Free Coupon and Discount,SHOPPING,3.6,38,1.1,10000,Free,0.0,Everyone,Shopping,"July 1, 2018",20.0,4.0 and up,,,,,Unknown,,,,
DG Surveyor,BUSINESS,3.6,5,6.8,50,Paid,8.99,Everyone,Business,"April 30, 2018",6.00,4.0.3 and up,,,,,Unknown,,,,
DG Smart life,TOOLS,2.1,14,28.0,1000,Free,0.0,Everyone,Tools,"September 7, 2017",1.0.5,4.1 and up,,,,,Unknown,,,,
Krazy Coupon Lady,SHOPPING,4.7,10318,32.0,1000000,Free,0.0,Everyone,Shopping,"June 19, 2018",2.1.8,4.4 and up,,,,,Unknown,,,,
DG UPnP Player Free,VIDEO_PLAYERS,3.2,39,12.0,10000,Free,0.0,Everyone,Video Players & Editors,"March 18, 2016",2.0,4.0.3 and up,,,,,Unknown,,,,
Penny Puss,TOOLS,3.0,19,22.0,1000,Paid,4.99,Everyone,Tools,"July 9, 2016",1.911.1944.4606,4.0 and up,,,,,Unknown,,,,
DG Mobile,GAME,4.3,59,1.4,1000,Free,0.0,Everyone,Board,"April 8, 2017",0.1.10.0,2.3 and up,,,,,Unknown,,,,
Go Go Coupons - Free Coupon and Discount,SHOPPING,3.0,4,1.2,1000,Free,0.0,Everyone,Shopping,"July 1, 2018",10.0,4.0 and up,,,,,Unknown,,,,
ZombieVital DG,FAMILY,4.3,10,20.0,100,Paid,12.99,Everyone,Simulation,"August 4, 2018",Varies with device,Varies with device,,,,,Unknown,,,,
DJ Electro Mix Pad,FAMILY,3.9,53301,7.6,10000000,Free,0.0,Everyone,Entertainment,"June 16, 2017",1.6.0,4.0.3 and up,,,,,Unknown,,,,
DG Screen Recorder,VIDEO_PLAYERS,3.3,12,2.9,500,Free,0.0,Everyone,Video Players & Editors,"October 20, 2015",1.7,5.0 and up,,,,,Unknown,,,,
DG Video Editor,VIDEO_PLAYERS,4.0,486,2.5,10000,Free,0.0,Everyone,Video Players & Editors,"September 6, 2016",1.0.3,4.4 and up,,,,,Unknown,,,,
The DG Buddy,BUSINESS,3.7,3,11.0,10,Paid,2.49,Everyone,Business,"June 30, 2014",v3,2.2 and up,,,,,Unknown,,,,
Roland DG Mobile Panel,TOOLS,2.8,27,34.0,1000,Free,0.0,Everyone,Tools,"February 20, 2018",1.42,4.4 and up,,,,,Unknown,,,,
Destroy Gunners Σ,GAME,4.4,10786,21.0,1000000,Free,0.0,Everyone,Arcade,"January 14, 2017",1.02,4.0.3 and up,,,,,Unknown,,,,
DG-App,TOOLS,5.0,1,4.5,500,Free,0.0,Everyone,Tools,"November 29, 2017",1.0.16,4.1 and up,,,,,Unknown,,,,
Can I pack that? - DG App,TRAVEL_AND_LOCAL,3.9,58,22.0,10000,Free,0.0,Everyone,Travel & Local,"October 28, 2016",2.0.1,4.0.3 and up,,,,,Unknown,,,,
DG Phone Call Task Switcher,PRODUCTIVITY,4.2,43,0.034,1000,Free,0.0,Everyone,Productivity,"June 9, 2015",2.04,4.0 and up,,,,,Unknown,,,,
DG Fitness,HEALTH_AND_FITNESS,4.8,6,14.0,100,Free,0.0,Everyone,Health & Fitness,"March 23, 2018",7.7.3,4.1 and up,,,,,Unknown,,,,
Sharaf DG,SHOPPING,4.0,7006,12.0,500000,Free,0.0,Everyone,Shopping,"May 12, 2018",3.10,4.4 and up,,,,,Unknown,,,,
Coupon Mob - Discount Coupons,SHOPPING,3.0,2,1.3,100,Free,0.0,Everyone,Shopping,"May 30, 2018",6.0,3.0 and up,,,,,Unknown,,,,
DG Users,PRODUCTIVITY,4.5,8,3.1,100,Free,0.0,Everyone,Productivity,"June 7, 2018",1.2,4.0.3 and up,,,,,Unknown,,,,
DG Cars,TRAVEL_AND_LOCAL,2.6,122,11.0,10000,Free,0.0,Everyone,Travel & Local,"June 8, 2018",31.11.9.156,4.1 and up,,,,,Unknown,,,,
Free coupons and vouchers,FINANCE,5.0,4,5.9,100,Free,0.0,Everyone,Finance,"July 28, 2018",1.5,4.4 and up,,,,,Unknown,,,,
DG OFF - 100% Free Coupons & Deals,SHOPPING,5.0,1,1.1,10,Free,0.0,Everyone,Shopping,"July 11, 2018",1.0,4.0 and up,,,,,Unknown,,,,
Digoo·Cloud,TOOLS,4.1,543,26.0,10000,Free,0.0,Everyone,Tools,"June 5, 2018",1.2.1009.695,4.0.3 and up,,,,,Unknown,,,,
DG ग्राम / Digital Gram Panchayat,NEWS_AND_MAGAZINES,4.5,53,5.9,10000,Free,0.0,Teen,News & Magazines,"June 19, 2018",1.7,4.0 and up,,,,,Unknown,,,,
DG TV,NEWS_AND_MAGAZINES,5.0,3,5.7,100,Free,0.0,Everyone,News & Magazines,"May 26, 2018",1.2,4.1 and up,,,,,Unknown,,,,
DHgate-Shop Wholesale Prices,SHOPPING,4.5,104068,37.0,5000000,Free,0.0,Teen,Shopping,"August 1, 2018",4.5.1,4.1 and up,,,,,Unknown,,,,
DEER HUNTER CLASSIC,GAME,4.4,3941129,77.0,50000000,Free,0.0,Teen,Action,"July 16, 2018",3.12.0,3.0 and up,,,,,Unknown,,,,
DEER HUNTER RELOADED,GAME,4.3,314774,43.0,5000000,Free,0.0,Teen,Action,"September 16, 2013",3.8.2,2.1 and up,,,,,Unknown,,,,
DH Pineapple Poker OFC,GAME,4.2,1878,20.0,100000,Free,0.0,Teen,Casino,"November 9, 2017",1.0.13,3.0 and up,,,,,Unknown,,,,
DH UFO,FAMILY,3.0,4,8.0,1000,Free,0.0,Everyone,Entertainment,"June 8, 2017",1,4.1 and up,,,,,Unknown,,,,
Galaxy Defense,FAMILY,4.1,78142,17.0,5000000,Free,0.0,Everyone,Strategy,"August 22, 2015",1.2.3,3.0 and up,,,,,Unknown,,,,
Call of Mini™ Dino Hunter,GAME,4.2,326042,10.0,10000000,Free,0.0,Teen,Action,"June 6, 2014",3.1.7,3.0 and up,,,,,Unknown,,,,
Castle Defense 2,FAMILY,4.2,35172,34.0,1000000,Free,0.0,Teen,Strategy,"January 20, 2017",3.2.2,2.3.3 and up,,,,,Unknown,,,,
Dungeon Rush,FAMILY,4.0,28633,81.0,1000000,Free,0.0,Everyone 10+,Role Playing,"December 23, 2016",1.14.0,2.3 and up,,,,,Unknown,,,,
Treasure Defense,FAMILY,4.1,3527,35.0,100000,Free,0.0,Teen,Strategy,"September 8, 2015",2.2.0.23,3.0 and up,,,,,Unknown,,,,
Car Crash III Beam DH Real Damage Simulator 2018,GAME,3.6,151,100.0,10000,Free,0.0,Everyone,Racing,"May 20, 2018",1.03,4.1 and up,,,,,Unknown,,,,
The Lost Lands:DH Lite,FAMILY,4.3,1130,48.0,50000,Free,0.0,Teen,Simulation,"April 3, 2015",1.01,4.2 and up,,,,,Unknown,,,,
DH-UFO,FAMILY,5.0,1,59.0,100,Free,0.0,Everyone,Entertainment,"May 24, 2018",1.0.9,4.4 and up,,,,,Unknown,,,,
Daddyhunt: Gay Dating,SOCIAL,3.9,6450,14.0,500000,Free,0.0,Mature 17+,Social,"January 22, 2018",1.3.5,4.0 and up,,,,,Unknown,,,,
Tiny Defense,FAMILY,4.1,29387,16.0,1000000,Free,0.0,Everyone,Strategy,"August 22, 2015",1.0.6,3.0 and up,,,,,Unknown,,,,
Toys Defense: Horror Land,FAMILY,3.8,168,24.0,10000,Free,0.0,Everyone,Strategy,"March 1, 2017",1.2.2,4.0.3 and up,,,,,Unknown,,,,
D-H Pharmacy,LIFESTYLE,5.0,6,2.3,1000,Free,0.0,Everyone,Lifestyle,"May 4, 2016",v6.1,2.2 and up,,,,,Unknown,,,,
DEER HUNTER CHALLENGE,GAME,3.7,38767,4.1,5000000,Free,0.0,Everyone 10+,Action,"April 11, 2011",1.4.3,2.0 and up,,,,,Unknown,,,,
Kingdom in Chaos,FAMILY,4.3,5623,28.0,100000,Free,0.0,Everyone 10+,Role Playing,"December 21, 2015",1.0.5,2.3 and up,,,,,Unknown,,,,
Desperate Housewives: The Game,FAMILY,4.2,10440,27.0,500000,Free,0.0,Teen,Role Playing,"August 6, 2018",18.30.22,4.4 and up,,,,,Unknown,,,,
Dinosaur War,FAMILY,4.3,157997,27.0,10000000,Free,0.0,Everyone,Simulation,"August 4, 2016",1.4.4,2.3.3 and up,,,,,Unknown,,,,
DH News,NEWS_AND_MAGAZINES,2.5,81,6.7,10000,Free,0.0,Mature 17+,News & Magazines,"November 27, 2017",3.4.5,4.0.3 and up,,,,,Unknown,,,,
Bike Unchained,SPORTS,4.3,83545,23.0,5000000,Free,0.0,Everyone,Sports,"July 31, 2018",1.193,4.0 and up,,,,,Unknown,,,,
Bike 3D Configurator,SPORTS,4.3,34062,85.0,1000000,Free,0.0,Everyone,Sports,"April 3, 2018",1.6.7,4.4 and up,,,,,Unknown,,,,
Castle Defense : Invasion,FAMILY,4.2,1484,41.0,100000,Free,0.0,Everyone,Strategy,"July 15, 2018",1.2.1,4.0.3 and up,,,,,Unknown,,,,
Defender,GAME,4.6,152395,14.0,10000000,Free,0.0,Everyone 10+,Action,"July 22, 2016",1.1.9,2.3 and up,,,,,Unknown,,,,
Avenger Legends,FAMILY,4.0,3715,94.0,100000,Free,0.0,Everyone,Role Playing,"July 13, 2017",1.13.299,4.0.3 and up,,,,,Unknown,,,,
DrivingTest,FAMILY,2.9,975,45.0,100000,Free,0.0,Everyone,Simulation,"February 27, 2017",5,4.1 and up,,,,,Unknown,,,,
Texas HoldEm Poker Deluxe,GAME,4.5,396090,26.0,10000000,Free,0.0,Teen,Casino,"May 30, 2018",1.7.0,4.0.3 and up,,,,,Unknown,,,,
Wallpapers DH 4K,PERSONALIZATION,3.8,23,5.9,1000,Free,0.0,Everyone,Personalization,"July 16, 2018",2.0,4.0.3 and up,,,,,Unknown,,,,
Deck Heroes: Legacy,GAME,4.7,466495,52.0,10000000,Free,0.0,Teen,Card,"July 16, 2018",11.7.5,2.3.3 and up,,,,,Unknown,,,,
Shred! Downhill Mountainbiking,GAME,3.9,41683,63.0,1000000,Free,0.0,Everyone,Arcade,"February 2, 2017",1.67,2.3 and up,,,,,Unknown,,,,
Pocket Heroes,FAMILY,4.5,96658,26.0,1000000,Free,0.0,Everyone 10+,Role Playing,"September 5, 2015",2.0.5,3.0 and up,,,,,Unknown,,,,
Meme Generator Free,FAMILY,4.4,303394,53.0,10000000,Free,0.0,Mature 17+,Entertainment,"August 3, 2018",4.426,4.1 and up,,,,,Unknown,,,,
Stop Smoking - EasyQuit free,HEALTH_AND_FITNESS,4.8,39068,4.0,500000,Free,0.0,Everyone,Health & Fitness,"July 7, 2018",1.2.2,4.1 and up,,,,,Unknown,,,,
FIFA Soccer,SPORTS,4.2,3909032,51.0,100000000,Free,0.0,Everyone,Sports,"July 31, 2018",10.5.00,4.1 and up,,,,,Unknown,,,,
Archery Physics Objects Destruction Apple shooter,GAME,4.5,6026,39.0,100000,Free,0.0,Teen,Action,"July 7, 2018",1.04,4.1 and up,,,,,Unknown,,,,
Story Saver for Instagram,PHOTOGRAPHY,4.5,41331,5.0,5000000,Free,0.0,Everyone,Photography,"July 31, 2018",1.4.4,4.0.3 and up,,,,,Unknown,,,,
Cameringo+ Filters Camera,PHOTOGRAPHY,4.6,28107,5.7,500000,Paid,2.99,Everyone,Photography,"June 11, 2018",2.8.26,4.0 and up,,,,,Unknown,,,,
Cooking in the Kitchen,FAMILY,4.1,217736,87.0,10000000,Free,0.0,Everyone,Casual;Pretend Play,"August 2, 2018",1.1.64,4.1 and up,,,,,Unknown,,,,
Automatic Call Recorder,TOOLS,4.3,1648515,7.1,100000000,Free,0.0,Everyone,Tools,"August 2, 2018",5.42.1,2.3 and up,,,,,Unknown,,,,
Fancy Pants Adventures,GAME,4.7,55952,61.0,1000000,Free,0.0,Everyone 10+,Arcade,"July 13, 2017",1.0.10,4.1 and up,,,,,Unknown,,,,
Shopee: No.1 Belanja Online,SHOPPING,4.2,609186,30.0,10000000,Free,0.0,Everyone,Shopping,"July 23, 2018",2.25.17,4.1 and up,,,,,Unknown,,,,
Lep's World 3 🍀🍀🍀,GAME,4.3,771001,52.0,50000000,Free,0.0,Everyone 10+,Action,"June 11, 2018",2.0.1.3,4.1 and up,,,,,Unknown,,,,
Robbery Bob,GAME,4.5,617732,44.0,10000000,Free,0.0,Everyone 10+,Action,"July 29, 2018",1.18.4,4.1 and up,,,,,Unknown,,,,
Video Downloader - for Instagram Repost App,VIDEO_PLAYERS,4.8,332623,4.6,10000000,Free,0.0,Everyone,Video Players & Editors,"July 27, 2018",1.1.58,4.1 and up,,,,,Unknown,,,,
Nyan Cat: Lost In Space,GAME,4.5,371318,90.0,10000000,Free,0.0,Everyone 10+,Arcade,"June 8, 2018",10.1.6,4.1 and up,,,,,Unknown,,,,
"Quik – Free Video Editor for photos, clips, music",VIDEO_PLAYERS,4.7,696665,91.0,10000000,Free,0.0,Everyone,Video Players & Editors,"July 5, 2018",4.7.4.3869-7b2372c3e,5.0 and up,,,,,Unknown,,,,
Euro Truck Driver (Simulator),FAMILY,4.4,860078,30.0,10000000,Free,0.0,Everyone,Simulation,"February 15, 2018",1.6.0,4.1 and up,,,,,Unknown,,,,
DJ Mix Effects Simulator,FAMILY,4.1,5997,20.0,1000000,Free,0.0,Everyone,Simulation,"January 26, 2018",1.1,4.1 and up,,,,,Unknown,,,,
3D DJ – Music Mixer with Virtual DJ,FAMILY,4.3,796,28.0,100000,Free,0.0,Everyone,Entertainment,"July 3, 2018",6.6.8,5.0 and up,,,,,Unknown,,,,
Virtual DJ Mixer,TOOLS,4.2,2013,16.0,100000,Free,0.0,Everyone,Tools,"May 18, 2017",1.0,4.1 and up,,,,,Unknown,,,,
Mix Virtual DJ 2018,TOOLS,4.2,2925,16.0,100000,Free,0.0,Everyone,Tools,"November 23, 2017",1.0,4.1 and up,,,,,Unknown,,,,
Resources For Virtual DJ,FAMILY,3.6,21095,7.9,1000000,Free,0.0,Everyone,Entertainment,"December 16, 2016",4,4.0.3 and up,,,,,Unknown,,,,
DK 15 Minute Language Course,FAMILY,2.8,21,57.0,1000,Free,0.0,Everyone,Education,"April 6, 2018",1.0.0.5,4.0.3 and up,,,,,Unknown,,,,
DK Readers,FAMILY,3.9,30,16.0,1000,Free,0.0,Everyone,Education,"July 2, 2014",1.1,2.3 and up,,,,,Unknown,,,,
Eyewitness Travel Phrase Book,FAMILY,3.8,10,25.0,1000,Free,0.0,Everyone,Education,"July 28, 2017",1.0,4.1 and up,,,,,Unknown,,,,
DK Quiz,GAME,4.4,1628,34.0,50000,Free,0.0,Everyone,Trivia,"April 10, 2014",1.3,2.3 and up,,,,,Unknown,,,,
DK Virtual Reality,FAMILY,3.7,42,29.0,1000,Free,0.0,Everyone,Books & Reference;Education,"March 13, 2018",1.7.1,5.0 and up,,,,,Unknown,,,,
Bilingual Dictionary Audio App,BOOKS_AND_REFERENCE,2.7,68,87.0,5000,Free,0.0,Everyone,Books & Reference,"May 2, 2018",1.0.0.22,4.1 and up,,,,,Unknown,,,,
Super DK vs Kong Brother Advanced Free Classic,GAME,3.8,66,38.0,10000,Free,0.0,Everyone,Arcade,"July 17, 2018",1.2,4.1 and up,,,,,Unknown,,,,
English for Everyone,FAMILY,3.2,429,18.0,10000,Free,0.0,Everyone,Education,"July 6, 2018",3.9.1,4.4 and up,,,,,Unknown,,,,
DK Live - Sports Play by Play,SPORTS,3.9,255,19.0,100000,Free,0.0,Everyone,Sports,"May 22, 2018",2.1.4,4.4 and up,,,,,Unknown,,,,
DK Eyewitness Audio Walks,TRAVEL_AND_LOCAL,2.3,9,70.0,1000,Free,0.0,Everyone,Travel & Local,"April 6, 2018",1.0.1.8,4.2 and up,,,,,Unknown,,,,
DK Pittsburgh Sports,SPORTS,4.1,556,3.3,10000,Free,0.0,Everyone,Sports,"July 26, 2018",3.0.5,4.2 and up,,,,,Unknown,,,,
LineStar For DK,SPORTS,4.3,1387,14.0,50000,Free,0.0,Everyone,Sports,"June 6, 2018",3.0.3,4.0.3 and up,,,,,Unknown,,,,
Visuelles Wörterbuch Audio-App,FAMILY,3.1,192,66.0,10000,Free,0.0,Everyone,Education,"July 7, 2017",1.1.6,4.1 and up,,,,,Unknown,,,,
Fodbold DK Pro,SPORTS,4.6,315,4.3,1000,Paid,2.99,Everyone,Sports,"June 6, 2018",2.106.0,4.0 and up,,,,,Unknown,,,,
10 Minutes a Day Times Tables,FAMILY,4.1,681,48.0,100000,Free,0.0,Everyone,Education,"July 3, 2014",1.2,2.2 and up,,,,,Unknown,,,,
dk Verk,BUSINESS,4.4,9,31.0,500,Free,0.0,Everyone,Business,"March 14, 2018",2.0.14,4.1 and up,,,,,Unknown,,,,
e-Boks.dk,PRODUCTIVITY,3.2,6752,3.3,1000000,Free,0.0,Everyone,Productivity,"March 21, 2018",3.5.2,4.0.3 and up,,,,,Unknown,,,,
Account Class-11 Solutions (D K Goel),FAMILY,4.5,663,25.0,50000,Free,0.0,Everyone,Education,"February 9, 2018",3.0.0,3.0 and up,,,,,Unknown,,,,
Dating.dk,SOCIAL,3.7,2111,11.0,100000,Free,0.0,Mature 17+,Social,"August 6, 2018",4.1.23,4.4 and up,,,,,Unknown,,,,
Account Class-12 Solutions (D K Goel) Vol-1,FAMILY,4.4,708,33.0,50000,Free,0.0,Everyone,Education,"February 12, 2018",1.0.0,3.0 and up,,,,,Unknown,,,,
Salah Widget (DK+Malmo),LIFESTYLE,4.5,532,6.4,10000,Free,0.0,Everyone,Lifestyle,"June 28, 2015",0.9.9.14,2.3 and up,,,,,Unknown,,,,
PK and DK Audio App,FAMILY,5.0,2,3.9,100,Free,0.0,Everyone,Entertainment,"October 25, 2017",5.1.4,4.1 and up,,,,,Unknown,,,,
dk,FAMILY,4.8,5,1.5,10,Free,0.0,Everyone,Education,"September 18, 2017",1.0,2.3 and up,,,,,Unknown,,,,
Account Class-12 Solutions (D K Goel) Vol-2,FAMILY,4.6,124,23.0,10000,Free,0.0,Everyone,Education,"April 17, 2018",1.0.0,3.0 and up,,,,,Unknown,,,,
DK Browser,COMMUNICATION,4.0,1,2.4,10,Free,0.0,Everyone,Communication,"April 25, 2017",1.0,4.2 and up,,,,,Unknown,,,,
Discovery K!ds Play!,FAMILY,4.1,19388,35.0,1000000,Free,0.0,Everyone,Entertainment;Music & Video,"May 3, 2018",2.1.0.2173,4.0.3 and up,,,,,Unknown,,,,
Transport DK,MAPS_AND_NAVIGATION,4.1,204,11.0,10000,Free,0.0,Everyone,Maps & Navigation,"May 29, 2017",2.28,4.0 and up,,,,,Unknown,,,,
DK Murali,SOCIAL,4.8,65,7.1,500,Free,0.0,Teen,Social,"February 25, 2017",1.1.2,4.1 and up,,,,,Unknown,,,,
GirlTalk.dk,SOCIAL,4.3,3,5.3,100,Free,0.0,Teen,Social,"September 22, 2017",3.1.0,4.1 and up,,,,,Unknown,,,,
NY mobilbank DK - Danske Bank,FINANCE,2.8,851,30.0,100000,Free,0.0,Everyone,Finance,"June 26, 2018",0.38.1,4.3 and up,,,,,Unknown,,,,
Advanced Download Manager Pro,TOOLS,4.7,6505,2.0,50000,Paid,2.99,Everyone,Tools,"November 3, 2017",6.4.0,4.0 and up,,,,,Unknown,,,,
GetThemAll Any File Downloader,TOOLS,4.2,91186,6.3,5000000,Free,0.0,Everyone,Tools,"May 22, 2018",2.0.9,4.0 and up,,,,,Unknown,,,,
Download All Files,TOOLS,3.8,120494,2.3,10000000,Free,0.0,Everyone,Tools,"June 13, 2018",2.0.7,4.1 and up,,,,,Unknown,,,,
Download Manager Pro FREE,PRODUCTIVITY,3.8,637,7.2,100000,Free,0.0,Everyone,Productivity,"October 31, 2017",2.5,4.1 and up,,,,,Unknown,,,,
Download Manager,TOOLS,3.8,79132,2.2,10000000,Free,0.0,Everyone,Tools,"January 3, 2018",1.1.6,2.3 and up,,,,,Unknown,,,,
Download Video Free,FAMILY,4.0,39682,6.2,1000000,Free,0.0,Everyone,Entertainment,"April 3, 2018",3.5.5,4.1 and up,,,,,Unknown,,,,
Fast Download Manager,TOOLS,4.0,18478,1.7,1000000,Free,0.0,Everyone,Tools,"August 4, 2018",1.0.5,2.3 and up,,,,,Unknown,,,,
DL Hughley,FAMILY,4.6,12,10.0,1000,Free,0.0,Mature 17+,Entertainment,"March 23, 2018",2.0.4,4.1 and up,,,,,Unknown,,,,
Turbo Download Manager (and Browser),TOOLS,4.0,32879,3.2,5000000,Free,0.0,Everyone,Tools,"August 4, 2018",5.19,4.0.3 and up,,,,,Unknown,,,,
D.L. Evans Bank Mobile Banking,FINANCE,4.3,85,30.0,10000,Free,0.0,Everyone,Finance,"May 2, 2018",18.1.79,5.0 and up,,,,,Unknown,,,,
The DL Hughley Show,FAMILY,4.3,23,11.0,5000,Free,0.0,Everyone,Entertainment,"May 29, 2018",3.1.2,5.0 and up,,,,,Unknown,,,,
Download Blazer,TOOLS,3.9,34612,2.4,5000000,Free,0.0,Everyone,Tools,"June 12, 2018",2.0.7,4.1 and up,,,,,Unknown,,,,
DL Image Manager,PRODUCTIVITY,5.0,2,1.7,10,Paid,0.99,Everyone,Productivity,"July 29, 2018",1.0.5,4.0 and up,,,,,Unknown,,,,
Download Manager For Android Free,TOOLS,4.0,593,3.3,100000,Free,0.0,Everyone,Tools,"April 12, 2018",12.04.18,3.0 and up,,,,,Unknown,,,,
FrostWire: Torrent Downloader & Music Player,VIDEO_PLAYERS,4.1,253207,13.0,10000000,Free,0.0,Everyone,Video Players & Editors,"August 2, 2018",2.0.7,4.4 and up,,,,,Unknown,,,,
Turbo Downloader,TOOLS,3.9,23348,3.2,5000000,Free,0.0,Everyone,Tools,"July 4, 2018",3.48,4.0.3 and up,,,,,Unknown,,,,
Trimble DL,PRODUCTIVITY,4.2,133,7.9,10000,Free,0.0,Everyone,Productivity,"January 12, 2018",1.0.184,4.2 and up,,,,,Unknown,,,,
Insave-Download for Instagram,PHOTOGRAPHY,4.3,46242,5.2,1000000,Free,0.0,Everyone,Photography,"September 20, 2016",2.1.3,4.0 and up,,,,,Unknown,,,,
+Download 4 Instagram Twitter,SOCIAL,4.5,40467,22.0,1000000,Free,0.0,Everyone,Social,"August 2, 2018",5.03,4.1 and up,,,,,Unknown,,,,
Advanced Download Manager Holo,TOOLS,4.4,16192,1.6,1000000,Free,0.0,Everyone,Tools,"July 13, 2016",4.1.9o,4.0 and up,,,,,Unknown,,,,
G-Download Manager,TOOLS,4.1,802,9.4,50000,Free,0.0,Everyone,Tools,"May 24, 2018",1.0.81,4.1 and up,,,,,Unknown,,,,
DL Calculator,SPORTS,4.5,177,1.1,10000,Free,0.0,Everyone,Sports,"September 17, 2015",1.0,2.2 and up,,,,,Unknown,,,,
Inst Download - Video & Photo,VIDEO_PLAYERS,4.6,148715,3.3,10000000,Free,0.0,Everyone,Video Players & Editors,"December 20, 2017",2.0,4.0 and up,,,,,Unknown,,,,
Vuze Torrent Downloader,VIDEO_PLAYERS,4.1,24565,5.5,1000000,Free,0.0,Everyone,Video Players & Editors,"March 4, 2016",2.1,2.3.3 and up,,,,,Unknown,,,,
IDM Internet Download Manager,PRODUCTIVITY,3.9,1322,4.2,100000,Free,0.0,Everyone,Productivity,"October 25, 2016",1.0.4,4.2 and up,,,,,Unknown,,,,
TorrDroid - Torrent Downloader,TOOLS,4.7,59632,10.0,1000000,Free,0.0,Everyone,Tools,"April 3, 2018",1.5.2,4.1 and up,,,,,Unknown,,,,
Download Manager - File & Video,TOOLS,3.9,8780,5.0,1000000,Free,0.0,Everyone,Tools,"June 13, 2018",2.7.5,4.2 and up,,,,,Unknown,,,,
AndStream - Streaming Download,VIDEO_PLAYERS,4.3,38607,2.9,1000000,Free,0.0,Everyone,Video Players & Editors,"March 19, 2017",3.1.8,2.3 and up,,,,,Unknown,,,,
DM Me - Chat,SOCIAL,2.9,90,30.0,10000,Free,0.0,Mature 17+,Social,"July 9, 2018",1.0,4.0.3 and up,,,,,Unknown,,,,
DM Screen,BOOKS_AND_REFERENCE,4.4,283,5.4,10000,Free,0.0,Everyone 10+,Books & Reference,"January 12, 2018",1.1.10a,4.0 and up,,,,,Unknown,,,,
DM for IG 😘 - Image & Video Saver for Instagram,SOCIAL,3.7,55,3.7,5000,Free,0.0,Teen,Social,"March 3, 2018",3.20.3,4.4 and up,,,,,Unknown,,,,
DM for WhatsApp,COMMUNICATION,4.4,25,2.9,5000,Free,0.0,Everyone,Communication,"June 3, 2018",0.3.7,4.4 and up,,,,,Unknown,,,,
Fifth Edition DM Tools,FAMILY,4.1,942,3.0,100000,Free,0.0,Everyone,Role Playing,"January 19, 2017",1.14b,3.0 and up,,,,,Unknown,,,,
DM airdisk,TOOLS,2.8,11,11.0,1000,Free,0.0,Everyone,Tools,"August 5, 2016",1.7.2,3.0 and up,,,,,Unknown,,,,
Diabetes mellitus (DM) from zero to hero,MEDICAL,4.9,18,3.0,1000,Free,0.0,Everyone,Medical,"January 17, 2018",1.0,4.3 and up,,,,,Unknown,,,,
Auto DM for Twitter 🔥,SOCIAL,3.4,44,6.3,1000,Free,0.0,Teen,Social,"May 21, 2018",HTTPs,4.1 and up,,,,,Unknown,,,,
DM HiDisk,TOOLS,2.8,54,20.0,5000,Free,0.0,Everyone,Tools,"June 7, 2018",1.1.2,4.0.3 and up,,,,,Unknown,,,,
DM EVOLUTION,GAME,2.5,450,97.0,10000,Free,0.0,Everyone,Card,"July 23, 2018",2.0.9,4.1 and up,,,,,Unknown,,,,
Daily DM,PERSONALIZATION,4.7,51,0.259,1000,Free,0.0,Everyone,Personalization,"October 4, 2013",1.0,2.1 and up,,,,,Unknown,,,,
Dungeons and Dragons DM Tools,BOOKS_AND_REFERENCE,3.1,50,4.9,1000,Paid,1.99,Everyone,Books & Reference,"February 22, 2017",2.0,2.3 and up,,,,,Unknown,,,,
DM airdisk Pro,TOOLS,3.2,11,36.0,1000,Free,0.0,Everyone,Tools,"September 20, 2017",2.4.0,4.0.3 and up,,,,,Unknown,,,,
Convert Coordinates DM to DMS,MAPS_AND_NAVIGATION,4.3,15,0.164,5000,Free,0.0,Everyone,Maps & Navigation,"February 3, 2013",1.6,2.2 and up,,,,,Unknown,,,,
DM security - Dragon Mobile,TOOLS,3.9,27,3.0,1000,Free,0.0,Everyone,Tools,"April 26, 2017",1.1.1,4.1 and up,,,,,Unknown,,,,
DM 24/7,TOOLS,3.6,7,16.0,1000,Free,0.0,Everyone,Tools,"August 1, 2018",2.3,2.3.3 and up,,,,,Unknown,,,,
DM Storage (for twitter),SOCIAL,3.2,6,0.458,100,Free,0.0,Everyone,Social,"November 26, 2014",1.0,4.1 and up,,,,,Unknown,,,,
DM Tracker,COMMUNICATION,3.5,11,5.2,1000,Free,0.0,Everyone,Communication,"July 26, 2018",2.0.1,4.3 and up,,,,,Unknown,,,,
DM Tuning,SPORTS,3.3,64,5.7,5000,Free,0.0,Everyone,Sports,"April 4, 2018",1.9.1,6.0 and up,,,,,Unknown,,,,
Aster DM Healthcare,MEDICAL,2.4,32,8.5,5000,Free,0.0,Everyone,Medical,"November 21, 2017",1.5,4.0.3 and up,,,,,Unknown,,,,
Fake Chat (Direct Message),SOCIAL,4.4,5985,5.9,500000,Free,0.0,Everyone,Social,"July 6, 2017",1.4.2,4.1 and up,,,,,Unknown,,,,
Interactive NPC DM Tool,FAMILY,2.8,5,0.629,50,Paid,0.99,Everyone,Role Playing,"January 31, 2015",1.0.0,2.3.3 and up,,,,,Unknown,,,,
DM Buddy » Learn Digital Marketing,FAMILY,5.0,3,1.7,500,Free,0.0,Everyone,Education,"July 11, 2017",2.1,4.1 and up,,,,,Unknown,,,,
Basketball Dynasty Manager 16,SPORTS,4.4,426,21.0,5000,Paid,1.99,Everyone,Sports,"June 1, 2016",2.2.3,4.0 and up,,,,,Unknown,,,,
Disciple Maker’s (DM) Lab,FAMILY,5.0,3,4.0,100,Free,0.0,Everyone,Education,"August 1, 2018",1.0.5,4.4 and up,,,,,Unknown,,,,
DN,NEWS_AND_MAGAZINES,3.3,78,17.0,10000,Free,0.0,Everyone,News & Magazines,"July 2, 2018",3.2.1.258,5.0 and up,,,,,Unknown,,,,
DN eAvis,NEWS_AND_MAGAZINES,2.9,61,4.1,10000,Free,0.0,Everyone,News & Magazines,"February 1, 2017",2.0.0,4.1 and up,,,,,Unknown,,,,
DN Sync,NEWS_AND_MAGAZINES,4.1,56,0.028,1000,Free,0.0,Everyone 10+,News & Magazines,"June 13, 2016",1.15,2.3.3 and up,,,,,Unknown,,,,
DN Reader,NEWS_AND_MAGAZINES,4.6,18,1.8,100,Free,0.0,Everyone,News & Magazines,"March 13, 2014",1.0,4.0 and up,,,,,Unknown,,,,
e-DN - den digitala tidningen från Dagens Nyheter,NEWS_AND_MAGAZINES,2.2,160,32.0,50000,Free,0.0,Everyone 10+,News & Magazines,"May 24, 2018",1.3.2,4.4 and up,,,,,Unknown,,,,
MultiPicture Live Wallpaper dn,PERSONALIZATION,4.3,505,0.288,10000,Paid,1.99,Everyone,Personalization,"February 10, 2013",0.6.11,2.1 and up,,,,,Unknown,,,,
DN Blog,SOCIAL,5.0,20,4.2,10,Free,0.0,Teen,Social,"July 23, 2018",1.0,4.0 and up,,,,,Unknown,,,,
Dagens Nyheter,NEWS_AND_MAGAZINES,2.5,2055,17.0,100000,Free,0.0,Everyone,News & Magazines,"July 4, 2018",4.2.7,4.4 and up,,,,,Unknown,,,,
DN.VR,NEWS_AND_MAGAZINES,3.0,29,37.0,5000,Free,0.0,Everyone 10+,News & Magazines,"May 23, 2018",2.1.1,5.0 and up,,,,,Unknown,,,,
DN - Diário de Notícias,NEWS_AND_MAGAZINES,3.7,794,15.0,100000,Free,0.0,Everyone,News & Magazines,"July 26, 2018",3.2.7,4.1 and up,,,,,Unknown,,,,
DN Employee,FAMILY,5.0,1,3.8,10,Free,0.0,Everyone,Education,"June 25, 2018",1.4,4.4 and up,,,,,Unknown,,,,
DN Calculators,FINANCE,5.0,12,0.775,100,Free,0.0,Everyone,Finance,"September 5, 2013",1.11,3.0 and up,,,,,Unknown,,,,
Writing Wizard Premium - Handwriting,FAMILY,4.1,89,33.0,5000,Paid,4.49,Everyone,Education;Education,"December 3, 2017",2.5.0,4.0.3 and up,,,,,Unknown,,,,
Sverige Tidningar,NEWS_AND_MAGAZINES,4.1,905,4.0,50000,Free,0.0,Everyone,News & Magazines,"July 30, 2018",2.2.2.1,4.0 and up,,,,,Unknown,,,,
Dragon Nest M,FAMILY,4.6,11872,62.0,100000,Free,0.0,Teen,Role Playing,"July 17, 2018",1.2.0,4.3 and up,,,,,Unknown,,,,
Guardian Hunter: SuperBrawlRPG,FAMILY,4.5,364013,27.0,1000000,Free,0.0,Everyone 10+,Role Playing,"August 6, 2018",14.4.4.00,4.1 and up,,,,,Unknown,,,,
ES Remote,FAMILY,3.3,707,15.0,100000,Free,0.0,Everyone,Entertainment,"November 20, 2014",2.1.1,2.3 and up,,,,,Unknown,,,,
Destiny Ninja Shall we date otome games love story,GAME,4.4,13079,30.0,500000,Free,0.0,Everyone 10+,Adventure,"April 20, 2018",1.6.2,4.0 and up,,,,,Unknown,,,,
Day Night Live Wallpaper (All),PERSONALIZATION,4.7,4856,18.0,50000,Paid,2.49,Everyone,Personalization,"January 31, 2018",1.5.3,4.0 and up,,,,,Unknown,,,,
CritDice - Dice Roller,FAMILY,4.7,2910,5.3,50000,Free,0.0,Everyone,Entertainment,"October 30, 2016",2.0.0,4.1 and up,,,,,Unknown,,,,
Cursive Writing Wizard - Handwriting,FAMILY,4.0,3745,31.0,1000000,Free,0.0,Everyone,Education;Education,"December 3, 2017",2.5.0,4.0.3 and up,,,,,Unknown,,,,
Free Poker Games : Downtown Casino - Texas Holdem,GAME,4.5,2032,50.0,50000,Free,0.0,Teen,Card,"June 5, 2018",0.1.27,4.1 and up,,,,,Unknown,,,,
WFVS 2018 | WhatApp Full Video Status & Downloader,PRODUCTIVITY,4.3,596,22.0,50000,Free,0.0,Everyone,Productivity,"July 4, 2018",1.3,4.1 and up,,,,,Unknown,,,,
Maher EL Mouaikly - Offline,FAMILY,4.6,166,2.6,10000,Free,0.0,Everyone,Entertainment,"May 24, 2017",1.1.0,3.1 and up,,,,,Unknown,,,,
Darkness Rises,FAMILY,4.7,456474,86.0,5000000,Free,0.0,Teen,Role Playing,"July 24, 2018",1.2.0,4.4 and up,,,,,Unknown,,,,
NARUTO X BORUTO NINJA VOLTAGE,GAME,4.4,267395,71.0,5000000,Free,0.0,Everyone 10+,Action,"July 19, 2018",1.1.7,4.4 and up,,,,,Unknown,,,,
Sword Art Online: Integral Factor,FAMILY,4.0,45359,32.0,1000000,Free,0.0,Everyone 10+,Role Playing,"July 26, 2018",1.0.9,4.4 and up,,,,,Unknown,,,,
Mahalaxmi Dindarshika 2018,PRODUCTIVITY,4.2,25427,9.2,1000000,Free,0.0,Everyone,Productivity,"January 5, 2018",18.0,4.0 and up,,,,,Unknown,,,,
"Microsoft To-Do: List, Task & Reminder",PRODUCTIVITY,4.1,14432,16.0,1000000,Free,0.0,Everyone,Productivity,"July 31, 2018",1.36.82,4.4 and up,,,,,Unknown,,,,
To Do List,PRODUCTIVITY,4.7,253155,3.5,5000000,Free,0.0,Everyone,Productivity,"March 19, 2018",3.0.17,4.0 and up,,,,,Unknown,,,,
do,FAMILY,3.1,1073,5.9,100000,Free,0.0,Everyone,Strategy,"June 8, 2016",1.0.4,4.0 and up,,,,,Unknown,,,,
Does not Commute,GAME,4.0,154108,78.0,5000000,Free,0.0,Everyone,Racing,"October 13, 2015",1.4.2,2.3 and up,,,,,Unknown,,,,
To Do Reminder with Alarm,PRODUCTIVITY,4.4,72161,4.9,1000000,Free,0.0,Everyone,Productivity,"March 21, 2018",2.68.14,4.0 and up,,,,,Unknown,,,,
wikiHow: how to do anything,BOOKS_AND_REFERENCE,4.4,43088,3.0,1000000,Free,0.0,Teen,Books & Reference,"April 19, 2017",2.7.3,4.0 and up,,,,,Unknown,,,,
"Ike - To-Do List, Task List",PRODUCTIVITY,4.6,6320,6.3,100000,Free,0.0,Everyone,Productivity,"December 10, 2016",2.0,4.4 and up,,,,,Unknown,,,,
"My Effectiveness: To do, Tasks",PRODUCTIVITY,4.6,14089,8.4,500000,Free,0.0,Everyone,Productivity,"August 5, 2018",0.21.1,4.1 and up,,,,,Unknown,,,,
Do it (Tomorrow),PRODUCTIVITY,4.3,26452,4.0,1000000,Free,0.0,Everyone,Productivity,"November 3, 2014",2.3.5,2.1 and up,,,,,Unknown,,,,
Do Not Disturb,PRODUCTIVITY,4.3,6120,1.9,100000,Free,0.0,Everyone,Productivity,"November 22, 2017",2.10.1,6.0 and up,,,,,Unknown,,,,
To-Do List Widget,PRODUCTIVITY,3.9,7801,0.201,1000000,Free,0.0,Everyone,Productivity,"September 28, 2013",2.0,1.5 and up,,,,,Unknown,,,,
NoteToDo. Notes. To do list,PRODUCTIVITY,4.5,57449,5.0,1000000,Free,0.0,Everyone,Productivity,"August 4, 2018",1.2.187-83,4.0 and up,,,,,Unknown,,,,
"Memory Helper - To do list, Notepad, Notes, Memo",PRODUCTIVITY,4.7,7566,4.0,500000,Free,0.0,Everyone,Productivity,"July 21, 2018",67,4.1 and up,,,,,Unknown,,,,
"2Do - Reminders, To-do List & Notes",PRODUCTIVITY,4.3,4649,30.0,100000,Free,0.0,Everyone,Productivity,"June 19, 2018",2.8.12,5.0 and up,,,,,Unknown,,,,
"Notes : Colorful Notepad Note,To Do,Reminder,Memo",LIFESTYLE,4.6,10484,9.0,1000000,Free,0.0,Everyone,Lifestyle,"June 9, 2018",1.4.9,4.1 and up,,,,,Unknown,,,,
"Time Planner - Schedule, To-Do List, Time Tracker",PRODUCTIVITY,4.2,2537,8.5,500000,Free,0.0,Everyone,Productivity,"January 10, 2018",2.2 (Protostar),4.0 and up,,,,,Unknown,,,,
Cal - Google Calendar + Widget,PRODUCTIVITY,4.2,86172,13.0,1000000,Free,0.0,Everyone,Productivity,"February 1, 2016",1.1.7,4.0 and up,,,,,Unknown,,,,
"Clean My House – Chore To Do List, Task Scheduler",PRODUCTIVITY,4.1,661,3.4,100000,Free,0.0,Everyone,Productivity,"June 21, 2018",2.1.2,4.1 and up,,,,,Unknown,,,,
"Goal Meter: Goal Tracker, Habit Changer,To-Do List",PRODUCTIVITY,4.6,7969,20.0,100000,Free,0.0,Everyone,Productivity,"February 6, 2018",2.7.92,4.4 and up,,,,,Unknown,,,,
To-do list,PRODUCTIVITY,4.4,688,4.4,50000,Free,0.0,Everyone,Productivity,"July 17, 2018",2.22,4.0 and up,,,,,Unknown,,,,
Do Not Crash,FAMILY,3.7,56664,8.3,1000000,Free,0.0,Everyone,Casual,"February 5, 2015",1.4,2.3 and up,,,,,Unknown,,,,
Do I Snore or Grind,MEDICAL,4.4,2295,19.0,100000,Free,0.0,Everyone,Medical,"July 9, 2018",0.3.1,5.0 and up,,,,,Unknown,,,,
How well do you know me?,GAME,3.9,1290,6.4,100000,Free,0.0,Everyone,Word,"July 26, 2018",2.3.0,4.1 and up,,,,,Unknown,,,,
EasyNote Notepad | To Do List,TOOLS,4.3,15618,2.4,1000000,Free,0.0,Everyone,Tools,"November 27, 2017",1.5.2,2.3 and up,,,,,Unknown,,,,
Adobe Fill & Sign: Easy PDF Form Filler,PRODUCTIVITY,4.3,11402,5.3,1000000,Free,0.0,Everyone,Productivity,"November 7, 2017",1.3.0,5.0 and up,,,,,Unknown,,,,
DO YOU KNOW THE WAY Soundboard,FAMILY,4.5,1007,5.2,100000,Free,0.0,Everyone,Entertainment,"July 1, 2018",7.0,4.1 and up,,,,,Unknown,,,,
Endless Ducker,GAME,4.5,8193,41.0,500000,Free,0.0,Everyone,Arcade,"September 16, 2016",1.0.7,4.0.3 and up,,,,,Unknown,,,,
Dude Perfect,SPORTS,4.5,97,1.9,10000,Free,0.0,Everyone,Sports,"June 28, 2017",1.0,4.1 and up,,,,,Unknown,,,,
that's lit,GAME,4.7,1115,39.0,100000,Free,0.0,Everyone,Arcade,"July 7, 2017",1.0,4.3 and up,,,,,Unknown,,,,
All Type DP,FAMILY,4.3,1853,5.8,500000,Free,0.0,Everyone,Entertainment,"May 10, 2018",1.8,4.0 and up,,,,,Unknown,,,,
Dp For WhatsApp,PERSONALIZATION,4.4,1623,11.0,1000000,Free,0.0,Mature 17+,Personalization,"June 23, 2018",2.7,4.0.3 and up,,,,,Unknown,,,,
DP and Status for WhatsApp 2018,SOCIAL,4.5,787,6.9,100000,Free,0.0,Everyone,Social,"February 17, 2018",2.4.2,4.0.3 and up,,,,,Unknown,,,,
DP Editor,PHOTOGRAPHY,4.3,18,15.0,5000,Free,0.0,Teen,Photography,"August 4, 2018",1.5,4.1 and up,,,,,Unknown,,,,
DP & Status,FAMILY,4.3,1922,4.7,500000,Free,0.0,Everyone,Entertainment,"January 9, 2018",1.13,4.1 and up,,,,,Unknown,,,,
Dp for girls,ART_AND_DESIGN,4.2,175,8.2,50000,Free,0.0,Everyone,Art & Design,"May 26, 2017",1.2,4.0.3 and up,,,,,Unknown,,,,
DP Maker,PHOTOGRAPHY,4.2,784,18.0,100000,Free,0.0,Everyone,Photography,"April 29, 2018",1.00.15,4.1 and up,,,,,Unknown,,,,
Download Instant DP (Full HD),TOOLS,4.3,1283,4.4,100000,Free,0.0,Everyone,Tools,"August 4, 2018",4.1.0,4.1 and up,,,,,Unknown,,,,
Square DP For Whatsapp,PHOTOGRAPHY,4.2,67,15.0,10000,Free,0.0,Everyone,Photography,"March 29, 2017",1.0,4.0.3 and up,,,,,Unknown,,,,
Profile pictures for WhatsApp,PERSONALIZATION,4.7,10786,9.4,500000,Free,0.0,Mature 17+,Personalization,"May 20, 2018",2.3.1,4.3 and up,,,,,Unknown,,,,
DP and Status,FAMILY,4.1,623,3.0,100000,Free,0.0,Everyone,Entertainment,"August 11, 2017",1.0.1,3.0 and up,,,,,Unknown,,,,
Dp For Whatsapp,SOCIAL,4.3,39,12.0,5000,Free,0.0,Everyone,Social,"April 13, 2017",1.0,4.0.3 and up,,,,,Unknown,,,,
DP & Status for Whatsapp 2018,PERSONALIZATION,4.1,293,3.4,100000,Free,0.0,Everyone,Personalization,"August 3, 2018",1.4,4.0.3 and up,,,,,Unknown,,,,
DP Creator for WhatsApp,PHOTOGRAPHY,3.8,4813,5.1,100000,Free,0.0,Everyone,Photography,"March 19, 2016",1.5,2.2 and up,,,,,Unknown,,,,
Dp For FB,PHOTOGRAPHY,4.5,12,2.0,1000,Free,0.0,Teen,Photography,"October 19, 2017",1.0,4.1 and up,,,,,Unknown,,,,
Best DP and Status (Daily Updates Photos),FAMILY,4.1,3003,3.2,1000000,Free,0.0,Everyone,Entertainment,"May 7, 2018",1.8,4.0 and up,,,,,Unknown,,,,
Profile Pictures and DP for Whatsapp,SOCIAL,4.3,48,11.0,5000,Free,0.0,Everyone,Social,"May 12, 2017",1.3,4.0.3 and up,,,,,Unknown,,,,
All Types DP & Status Maker,PHOTOGRAPHY,4.5,16,14.0,1000,Free,0.0,Teen,Photography,"July 12, 2018",2.1.5,4.0.3 and up,,,,,Unknown,,,,
DP Photo Editor,PHOTOGRAPHY,4.1,88,7.7,10000,Free,0.0,Everyone,Photography,"September 29, 2017",2.5,4.1 and up,,,,,Unknown,,,,
Status For WhatsApp DP - pro,PERSONALIZATION,4.4,49,12.0,10000,Free,0.0,Teen,Personalization,"May 31, 2018",1.7,4.1 and up,,,,,Unknown,,,,
"Marathi DP - status and message,jokes,Video app",FAMILY,4.3,694,3.8,100000,Free,0.0,Everyone,Entertainment,"August 1, 2018",1.6,4.2 and up,,,,,Unknown,,,,
Cute Images for Whatsapp,FAMILY,4.4,634,8.1,100000,Free,0.0,Teen,Entertainment,"December 23, 2015",1.0,2.3.3 and up,,,,,Unknown,,,,
Profile Pictures - Best DP Status,FAMILY,4.3,131,5.4,50000,Free,0.0,Everyone,Entertainment,"November 29, 2017",1.2.1,4.1 and up,,,,,Unknown,,,,
Dp for Facebook,SOCIAL,4.1,56,10.0,5000,Free,0.0,Everyone,Social,"May 16, 2017",1.0,4.0.3 and up,,,,,Unknown,,,,
Fifa World Cup 2018: Photo Frame Editor & DP Maker,PHOTOGRAPHY,4.6,666,8.7,100000,Free,0.0,Everyone,Photography,"June 20, 2018",6.1,4.0.3 and up,,,,,Unknown,,,,
DP and Status Images | All Latest Status 2018,LIFESTYLE,4.7,25,3.8,10000,Free,0.0,Teen,Lifestyle,"July 22, 2017",1.0,4.0 and up,,,,,Unknown,,,,
Best DP and Status,SOCIAL,4.2,93,5.6,10000,Free,0.0,Teen,Social,"November 29, 2017",7.6.5,4.1 and up,,,,,Unknown,,,,
"100000+ Messages - DP, Status, Jokes & GIF 2018",LIFESTYLE,3.7,121,3.8,10000,Free,0.0,Mature 17+,Lifestyle,"December 29, 2017",DPSTATUS1.0.1,4.0.3 and up,,,,,Unknown,,,,
Instant DP Downloader for Instagram,SOCIAL,4.7,38,4.1,5000,Free,0.0,Everyone,Social,"August 4, 2018",1.0.4,4.2 and up,,,,,Unknown,,,,
DP Display Pictures Life Quotes Motivational GM,SOCIAL,4.4,39,11.0,5000,Free,0.0,Everyone,Social,"January 1, 2018",20,4.1 and up,,,,,Unknown,,,,
Latest DP and Status Pro 2018,FAMILY,4.7,19,5.7,1000,Free,0.0,Everyone,Entertainment,"January 5, 2018",1.0.4,4.0.3 and up,,,,,Unknown,,,,
Best DP And Video Status 2018 For Whatsapp,FAMILY,4.2,91,3.8,10000,Free,0.0,Everyone,Entertainment,"May 31, 2018",9.0,4.1 and up,,,,,Unknown,,,,
Qeek for Instagram - Zoom profile insta DP,SOCIAL,4.6,12111,9.1,500000,Free,0.0,Everyone,Social,"May 3, 2018",1.47,4.3 and up,,,,,Unknown,,,,
DP Battle,FAMILY,4.5,132,2.5,5000,Free,0.0,Everyone,Entertainment,"March 26, 2017",2.0.5,4.0.3 and up,,,,,Unknown,,,,
Faceoff DP Battle App,FAMILY,4.8,38,6.7,1000,Free,0.0,Everyone,Entertainment,"June 15, 2018",5.2,4.4 and up,,,,,Unknown,,,,
Insta Square Profile DP,PHOTOGRAPHY,3.7,42,11.0,5000,Free,0.0,Everyone,Photography,"September 1, 2015",1.0,4.0 and up,,,,,Unknown,,,,
Name Art DP - Focus n Filter Text 2018,ART_AND_DESIGN,4.3,132,7.7,10000,Free,0.0,Everyone,Art & Design,"January 4, 2018",1,4.1 and up,,,,,Unknown,,,,
DP Status 2017,PHOTOGRAPHY,4.2,302,7.0,50000,Free,0.0,Everyone,Photography,"June 15, 2017",15|06|17,4.1 and up,,,,,Unknown,,,,
DQ Texas,FOOD_AND_DRINK,4.1,336,13.0,100000,Free,0.0,Everyone,Food & Drink,"May 18, 2018",1.4.1,4.1 and up,,,,,Unknown,,,,
DQ Events,BUSINESS,2.3,41,20.0,10000,Free,0.0,Everyone,Business,"December 20, 2017",1.1,4.0 and up,,,,,Unknown,,,,
Dash Quest Heroes,GAME,4.3,8432,59.0,500000,Free,0.0,Everyone 10+,Adventure,"July 16, 2018",1.4.0,4.1 and up,,,,,Unknown,,,,
Coupons for Dairy Queen,FOOD_AND_DRINK,4.6,42,3.9,100,Free,0.0,Teen,Food & Drink,"July 18, 2018",1.0,5.0 and up,,,,,Unknown,,,,
DRAGON QUEST VIII,FAMILY,4.5,7812,27.0,50000,Paid,19.99,Everyone 10+,Role Playing,"April 4, 2017",1.1.4,4.0 and up,,,,,Unknown,,,,
ODTMobile v4,BUSINESS,4.0,3,16.0,1000,Free,0.0,Everyone,Business,"April 17, 2018",1.10,4.1 and up,,,,,Unknown,,,,
DRAGON QUEST III,FAMILY,4.2,1661,63.0,10000,Paid,9.99,Everyone,Role Playing,"March 9, 2018",1.0.5,4.0 and up,,,,,Unknown,,,,
LightMeter (noAds),PHOTOGRAPHY,4.6,617,12.0,10000,Paid,1.99,Everyone,Photography,"November 22, 2016",1.5.10.NA,3.2 and up,,,,,Unknown,,,,
DRAGON QUEST,FAMILY,4.2,9659,30.0,100000,Paid,2.99,Everyone,Role Playing,"March 10, 2017",1.0.7,2.3 and up,,,,,Unknown,,,,
DRAGON QUEST II,FAMILY,4.5,2576,44.0,10000,Paid,4.99,Everyone,Role Playing,"March 9, 2018",1.0.5,4.0 and up,,,,,Unknown,,,,
DRAGON QUEST VI,FAMILY,4.4,3358,17.0,100000,Paid,14.99,Everyone,Role Playing,"August 1, 2018",1.0.4,2.3 and up,,,,,Unknown,,,,
DQT GPS,BUSINESS,4.0,3,6.3,500,Free,0.0,Everyone,Business,"October 5, 2015",1.2,4.2 and up,,,,,Unknown,,,,
Discovery Insure,MAPS_AND_NAVIGATION,2.8,1911,20.0,100000,Free,0.0,Everyone,Maps & Navigation,"March 17, 2018",di-v3.4.0.4,4.3 and up,,,,,Unknown,,,,
Taco Bell,LIFESTYLE,3.8,28140,16.0,1000000,Free,0.0,Everyone,Lifestyle,"July 30, 2018",5.0.4,4.2 and up,,,,,Unknown,,,,
LightMeter Free,PHOTOGRAPHY,4.1,5485,13.0,1000000,Free,0.0,Everyone,Photography,"April 28, 2016",1.2.3,3.2 and up,,,,,Unknown,,,,
CHRONO TRIGGER (Upgrade Ver.),FAMILY,3.8,11250,6.3,100000,Paid,9.99,Everyone 10+,Role Playing,"June 12, 2018",2.0.4,4.2 and up,,,,,Unknown,,,,
ODTMobile,BUSINESS,3.4,15,2.7,10000,Free,0.0,Everyone,Business,"March 10, 2016",3.2,2.2 and up,,,,,Unknown,,,,
Whataburger,FOOD_AND_DRINK,4.5,5093,56.0,500000,Free,0.0,Everyone,Food & Drink,"April 10, 2018",1.9.0,4.2 and up,,,,,Unknown,,,,
FINAL FANTASY DIMENSIONS,FAMILY,4.3,8450,1.1,100000,Paid,13.99,Everyone,Role Playing,"March 15, 2017",1.1.3,2.3.3 and up,,,,,Unknown,,,,
Arby's,FOOD_AND_DRINK,3.1,194,26.0,100000,Free,0.0,Everyone,Food & Drink,"July 12, 2018",1.3.1,4.4 and up,,,,,Unknown,,,,
RPG Dragon Lapis,FAMILY,4.6,13492,56.0,100000,Free,0.0,Teen,Role Playing,"July 9, 2018",1.1.4g,4.1 and up,,,,,Unknown,,,,
Find Fast Food,SHOPPING,3.3,272,0.785,100000,Free,0.0,Everyone,Shopping,"November 11, 2012",1.1.6,2.2 and up,,,,,Unknown,,,,
Jungle book-The Great Escape,GAME,3.9,2362,25.0,100000,Free,0.0,Everyone,Action,"July 17, 2013",1.3,2.3 and up,,,,,Unknown,,,,
Bunny Skater,GAME,4.2,139432,4.7,10000000,Free,0.0,Everyone,Adventure,"November 20, 2013",1.5,2.1 and up,,,,,Unknown,,,,
DQSalmaan - A fan made App,FAMILY,4.9,707,6.0,10000,Free,0.0,Everyone,Entertainment,"February 4, 2018",1.5,4.1 and up,,,,,Unknown,,,,
Culver's,LIFESTYLE,3.9,1638,4.9,100000,Free,0.0,Everyone,Lifestyle,"April 11, 2018",1.20,4.3 and up,,,,,Unknown,,,,
The Walking Zombie: Dead City,GAME,4.6,58575,96.0,1000000,Free,0.0,Teen,Action,"February 21, 2018",2.55,4.1 and up,,,,,Unknown,,,,
Monster Fishing 2018,SPORTS,4.4,32881,76.0,1000000,Free,0.0,Everyone,Sports,"August 7, 2018",0.0.80,4.1 and up,,,,,Unknown,,,,
Call Blocker & Blacklist,COMMUNICATION,4.0,6,4.2,1000,Free,0.0,Everyone,Communication,"July 13, 2018",3.1.0,4.0 and up,,,,,Unknown,,,,
IHOP®,FOOD_AND_DRINK,4.2,441,24.0,100000,Free,0.0,Everyone,Food & Drink,"April 3, 2018",2.2.0,4.1 and up,,,,,Unknown,,,,
myGrow,PRODUCTIVITY,4.6,84,23.0,1000,Paid,4.29,Mature 17+,Productivity,"April 29, 2016",2.3.9,3.2 and up,,,,,Unknown,,,,
Dr. Parking 4,GAME,4.4,475369,13.0,50000000,Free,0.0,Everyone,Racing,"March 6, 2018",1.14,4.0.3 and up,,,,,Unknown,,,,
Dr. Driving 2,GAME,4.6,358633,19.0,10000000,Free,0.0,Everyone,Racing,"May 3, 2018",1.32,4.0.3 and up,,,,,Unknown,,,,
dr.fone - Recovery & Transfer wirelessly & Backup,TOOLS,3.7,23347,7.6,5000000,Free,0.0,Everyone,Tools,"May 28, 2018",3.2.0.169,2.3 and up,,,,,Unknown,,,,
Dr. Truck Driver : Real Truck Simulator 3D,FAMILY,4.1,1626,96.0,100000,Free,0.0,Everyone 10+,Simulation,"July 5, 2018",1.8,4.1 and up,,,,,Unknown,,,,
Dr. Cares - Pet Rescue 911 🐶,FAMILY,4.2,14432,35.0,500000,Free,0.0,Everyone,Casual,"September 21, 2017",1.5,4.0.3 and up,,,,,Unknown,,,,
Dr. Parker : Parking Simulator,GAME,4.5,14253,81.0,1000000,Free,0.0,Everyone,Racing,"January 18, 2018",3.1,4.0 and up,,,,,Unknown,,,,
Dr. Parker : Real car parking simulation,GAME,4.6,15829,95.0,1000000,Free,0.0,Everyone,Racing,"July 24, 2018",1.29,4.0 and up,,,,,Unknown,,,,
Dr. Battery - Fast Charger - Super Cleaner 2018,TOOLS,4.5,101738,10.0,1000000,Free,0.0,Everyone,Tools,"July 26, 2018",2.2.82,4.0 and up,,,,,Unknown,,,,
"Dr. Safety - Antivirus, Booster, Cleaner, AppLock",TOOLS,4.4,372553,21.0,10000000,Free,0.0,Everyone,Tools,"August 6, 2018",3.0.1114,4.1 and up,,,,,Unknown,,,,
DR TV,VIDEO_PLAYERS,3.3,6716,4.7,500000,Free,0.0,Mature 17+,Video Players & Editors,"June 25, 2018",3.0.6,4.4 and up,,,,,Unknown,,,,
Real Car Dr Parking Master: Parking Games 2018,FAMILY,4.2,3345,27.0,1000000,Free,0.0,Everyone,Simulation,"May 12, 2018",1.0,4.1 and up,,,,,Unknown,,,,
Doctor Kids,FAMILY,4.2,200450,25.0,10000000,Free,0.0,Everyone,Casual;Pretend Play,"July 26, 2018",1.39,4.1 and up,,,,,Unknown,,,,
Dr. Rocket,GAME,4.0,42182,3.4,1000000,Free,0.0,Everyone,Arcade,"January 6, 2018",1.11,4.1 and up,,,,,Unknown,,,,
Dr. Muscle,HEALTH_AND_FITNESS,4.0,87,33.0,10000,Free,0.0,Everyone,Health & Fitness,"July 28, 2018",2.5,4.0.3 and up,,,,,Unknown,,,,
Dr. Dominoes,GAME,4.0,2700,5.7,500000,Free,0.0,Everyone,Board,"January 3, 2018",1.06,4.1 and up,,,,,Unknown,,,,
Dr. Sudoku,FAMILY,3.5,2310,3.1,500000,Free,0.0,Everyone,Puzzle,"January 4, 2018",1.06,4.1 and up,,,,,Unknown,,,,
Dr. Unblock,FAMILY,3.9,3847,4.3,1000000,Free,0.0,Everyone,Puzzle,"January 3, 2018",1.05,4.1 and up,,,,,Unknown,,,,
Dr. Gomoku,GAME,3.9,85317,4.5,5000000,Free,0.0,Everyone,Board,"January 15, 2018",1.54,4.0.3 and up,,,,,Unknown,,,,
Dr. Panda Farm,FAMILY,4.1,265,46.0,10000,Paid,2.99,Everyone,Education;Pretend Play,"July 21, 2016",1.0,4.0 and up,,,,,Unknown,,,,
DR.MEEP,FAMILY,4.4,54,33.0,500,Paid,2.99,Everyone,Puzzle,"June 29, 2018",1.2,4.1 and up,,,,,Unknown,,,,
Dr. Panda Art Class,FAMILY,4.2,1013,58.0,50000,Paid,2.99,Everyone,Education;Creativity,"April 26, 2017",1.7,4.0 and up,,,,,Unknown,,,,
Dr. Panda's Swimming Pool,FAMILY,4.4,2311,9.3,100000,Paid,1.99,Everyone,Casual;Pretend Play,"January 15, 2015",1.01,4.0 and up,,,,,Unknown,,,,
Dr. Pixel: Pill mania Classic,FAMILY,4.3,2419,6.2,100000,Free,0.0,Everyone,Puzzle,"March 31, 2018",1.2.7,4.0 and up,,,,,Unknown,,,,
Dr. Chess,GAME,4.1,97209,6.7,1000000,Free,0.0,Everyone,Board,"January 14, 2018",1.41,4.0.3 and up,,,,,Unknown,,,,
Super Dr. Parking 3D,FAMILY,4.0,4518,41.0,1000000,Free,0.0,Everyone,Simulation,"December 17, 2017",3.3,4.1 and up,,,,,Unknown,,,,
Dr Dre - Beatmaker,GAME,4.3,146,6.0,10000,Free,0.0,Mature 17+,Music,"February 28, 2018",5.3.8,4.0 and up,,,,,Unknown,,,,
Dr. Cares - Amy's Pet Clinic 🐈 🐕,FAMILY,4.5,3580,60.0,100000,Free,0.0,Everyone,Casual,"April 30, 2018",1.8,4.4 and up,,,,,Unknown,,,,
Dr. Splorchy Presents Space Heroes,GAME,4.6,18,31.0,100,Paid,4.99,Mature 17+,Adventure,"July 23, 2018",1.0,7.0 and up,,,,,Unknown,,,,
Pet Vet Dr - Animals Hospital,FAMILY,3.7,11748,36.0,1000000,Free,0.0,Teen,Casual,"October 31, 2016",1.3,4.0.3 and up,,,,,Unknown,,,,
Dr.Android Repair Master 2017,PRODUCTIVITY,3.8,1205,4.3,100000,Free,0.0,Everyone,Productivity,"June 10, 2018",2,4.0 and up,,,,,Unknown,,,,
DR CONTROL,FAMILY,3.4,267,1.5,10000,Free,0.0,Everyone,Entertainment,"March 8, 2017",2.1.0,4.0.3 and up,,,,,Unknown,,,,
Dr Driving Racer,GAME,4.3,183,68.0,10000,Free,0.0,Everyone,Racing,"June 14, 2018",2.1,4.1 and up,,,,,Unknown,,,,
Dr. McDougall Mobile Cookbook,HEALTH_AND_FITNESS,3.8,76,1.2,1000,Paid,4.99,Everyone,Health & Fitness,"January 26, 2015",1.1,2.2 and up,,,,,Unknown,,,,
Dr. Seuss's ABC,FAMILY,4.7,429,12.0,10000,Paid,3.99,Everyone,Books & Reference;Education,"February 26, 2018",2.05,4.0.3 and up,,,,,Unknown,,,,
Dr. Booster - Boost Game Speed,TOOLS,4.4,138872,22.0,10000000,Free,0.0,Everyone,Tools,"May 15, 2018",2.0.1077,4.1 and up,,,,,Unknown,,,,
Dr. Panda Hospital,FAMILY,4.4,1091,45.0,50000,Paid,2.99,Everyone,Education;Pretend Play,"December 5, 2013",1.6,2.0.1 and up,,,,,Unknown,,,,
Dr. Panda Café Freemium,FAMILY,4.1,11788,62.0,1000000,Free,0.0,Everyone,Educational;Pretend Play,"August 10, 2017",1.01,4.0 and up,,,,,Unknown,,,,
Dr. Panda Ice Cream Truck Free,FAMILY,4.4,23022,80.0,1000000,Free,0.0,Everyone,Role Playing;Pretend Play,"August 2, 2018",2.16,4.1 and up,,,,,Unknown,,,,
Dr. Doug's Tips,BOOKS_AND_REFERENCE,4.0,22,34.0,1000,Free,0.0,Everyone,Books & Reference,"September 1, 2016",1.1,2.3 and up,,,,,Unknown,,,,
Dr. 2048,FAMILY,3.9,1985,3.5,500000,Free,0.0,Everyone,Puzzle,"December 30, 2017",1.05,4.1 and up,,,,,Unknown,,,,
Dr. Panda Restaurant 2,FAMILY,4.3,3725,67.0,100000,Paid,2.99,Everyone,Educational;Pretend Play,"February 17, 2016",1.96,4.0 and up,,,,,Unknown,,,,
Dr. Panda Supermarket,FAMILY,4.2,1357,58.0,50000,Paid,2.99,Everyone,Educational;Pretend Play,"February 16, 2016",1.6,4.0 and up,,,,,Unknown,,,,
Dr. Shogi,GAME,3.3,19291,5.1,1000000,Free,0.0,Everyone,Board,"January 2, 2018",1.24,4.1 and up,,,,,Unknown,,,,
DR Sebi's Alkaline List,FAMILY,4.0,68,5.5,5000,Free,0.0,Everyone,Education,"April 5, 2017",0.1,2.3 and up,,,,,Unknown,,,,
DraStic DS Emulator,GAME,4.6,87766,12.0,1000000,Paid,4.99,Everyone,Action,"July 19, 2016",r2.5.0.3a,2.3 and up,,,,,Unknown,,,,
NDS Emulator - For Android 6,GAME,4.1,14002,19.0,1000000,Free,0.0,Everyone,Arcade,"July 26, 2018",pb1.0.0.1,4.0.3 and up,,,,,Unknown,,,,
Free DS Emulator,GAME,4.1,22896,19.0,1000000,Free,0.0,Everyone,Arcade,"July 26, 2018",pb1.0.0.1,4.0.3 and up,,,,,Unknown,,,,
nds4droid,GAME,3.4,107778,8.8,10000000,Free,0.0,Everyone,Arcade,"February 12, 2016",47,2.3.3 and up,,,,,Unknown,,,,
MegaNDS (NDS Emulator),GAME,3.4,2218,11.0,500000,Free,0.0,Everyone,Arcade,"October 18, 2017",2.0,4.0 and up,,,,,Unknown,,,,
DS file,PRODUCTIVITY,4.1,10676,12.0,1000000,Free,0.0,Everyone,Productivity,"May 23, 2018",4.11.0,4.1 and up,,,,,Unknown,,,,
DS finder,TOOLS,4.0,2596,32.0,500000,Free,0.0,Everyone,Tools,"July 19, 2018",2.0.1,5.0 and up,,,,,Unknown,,,,
DS get,TOOLS,3.4,71852,22.0,5000000,Free,0.0,Everyone,Tools,"May 23, 2018",1.12.0,4.1 and up,,,,,Unknown,,,,
DS cloud,TOOLS,3.2,4908,38.0,500000,Free,0.0,Everyone,Tools,"May 23, 2018",2.8.0,4.0 and up,,,,,Unknown,,,,
DS note,PRODUCTIVITY,3.9,2046,60.0,100000,Free,0.0,Everyone,Productivity,"June 11, 2018",1.10.1,4.4 and up,,,,,Unknown,,,,
DS cam,PRODUCTIVITY,3.6,3227,35.0,500000,Free,0.0,Everyone,Productivity,"July 26, 2018",3.0.1,4.1 and up,,,,,Unknown,,,,
DS router,TOOLS,3.8,253,15.0,50000,Free,0.0,Everyone,Tools,"June 13, 2018",1.1.8,4.1 and up,,,,,Unknown,,,,
EmuBox - Fast Retro Emulator,GAME,3.9,1576,43.0,50000,Free,0.0,Everyone,Arcade,"August 5, 2018",2.1.1,4.1 and up,,,,,Unknown,,,,
DS Creator 2.0,TOOLS,1.0,2,4.4,500,Free,0.0,Everyone,Tools,"March 23, 2018",2.0.180226.1,4.0 and up,,,,,Unknown,,,,
DS App Manager,TOOLS,4.6,14,2.1,1000,Free,0.0,Everyone,Tools,"March 21, 2015",1.0,2.3 and up,,,,,Unknown,,,,
DS,FAMILY,4.9,15,23.0,100,Free,0.0,Everyone,Casual,"January 19, 2016",1,2.3 and up,,,,,Unknown,,,,
DS Connector 2.0,TOOLS,2.6,5,0.636,500,Free,0.0,Everyone,Tools,"March 23, 2018",2.0.180226.1,4.2 and up,,,,,Unknown,,,,
DS Barometer - Altimeter and Weather Information,WEATHER,3.9,2962,4.2,100000,Free,0.0,Everyone,Weather,"July 9, 2018",3.67,2.3.3 and up,,,,,Unknown,,,,
DS-L4 Viewer,PHOTOGRAPHY,3.5,13,7.9,1000,Free,0.0,Everyone,Photography,"January 29, 2018",1.2.0.9,5.0 and up,,,,,Unknown,,,,
DS Tower Defence,GAME,3.2,768,1.4,100000,Free,0.0,Everyone,Arcade,"June 5, 2013",1.0,1.5 and up,,,,,Unknown,,,,
NDS-controller,TOOLS,3.3,35,0.916,1000,Free,0.0,Everyone,Tools,"October 23, 2017",0.2,2.2 and up,,,,,Unknown,,,,
RetroArch,GAME,3.8,21423,84.0,1000000,Free,0.0,Everyone,Action,"May 4, 2018",1.7.3,2.3 and up,,,,,Unknown,,,,
DS Speedometer & Odometer,MAPS_AND_NAVIGATION,3.9,22382,6.6,1000000,Free,0.0,Everyone,Maps & Navigation,"March 22, 2018",6.93,2.3.3 and up,,,,,Unknown,,,,
MegaN64 (N64 Emulator),FAMILY,4.6,877576,12.0,10000000,Free,0.0,Everyone,Casual,"May 14, 2016",6.0,2.0 and up,,,,,Unknown,,,,
DS-20000S,PRODUCTIVITY,1.8,12,14.0,1000,Free,0.0,Everyone,Productivity,"August 3, 2018",1.2.2,4.1 and up,,,,,Unknown,,,,
Learn DS [BETA],FAMILY,4.3,9,5.0,500,Free,0.0,Everyone,Education,"February 12, 2017",0.5,4.0 and up,,,,,Unknown,,,,
Deep Sleep Battery Saver Pro,TOOLS,3.9,1417,2.9,10000,Paid,3.28,Everyone,Tools,"August 15, 2017",5.1,4.1 and up,,,,,Unknown,,,,
DS-Students,FAMILY,4.8,5,8.4,100,Free,0.0,Everyone,Education,"July 3, 2018",2.0,4.1 and up,,,,,Unknown,,,,
DS Thermometer,WEATHER,3.7,631,3.0,100000,Free,0.0,Everyone,Weather,"May 30, 2015",2.20,2.3 and up,,,,,Unknown,,,,
PhotoFrame for Synology DS,PHOTOGRAPHY,4.0,1,2.6,10,Paid,4.99,Everyone,Photography,"February 2, 2017",1.5,4.0 and up,,,,,Unknown,,,,
Deep Sleep Battery Saver,TOOLS,4.1,22032,3.7,1000000,Free,0.0,Everyone,Tools,"August 17, 2017",5.1,4.1 and up,,,,,Unknown,,,,
Draft Simulator for FUT 18,SPORTS,4.6,162933,100.0,5000000,Free,0.0,Everyone,Sports,"May 11, 2018",25.7,4.1 and up,,,,,Unknown,,,,
DS Flashlight,TOOLS,4.0,127,5.8,10000,Free,0.0,Everyone,Tools,"May 30, 2015",1.31,2.2 and up,,,,,Unknown,,,,
dt Pro,FINANCE,4.8,4,4.5,1000,Free,0.0,Everyone,Finance,"May 16, 2017",3.10,2.2 and up,,,,,Unknown,,,,
DT Manager,PRODUCTIVITY,4.0,9,3.1,500,Free,0.0,Everyone,Productivity,"May 21, 2015",1.7,2.3 and up,,,,,Unknown,,,,
Real Sheet ∞: Pathfinder + DT,FAMILY,3.5,2,22.0,50,Paid,2.99,Everyone,Role Playing,"March 20, 2017",1.1,4.2 and up,,,,,Unknown,,,,
DT Fieldlink,BUSINESS,3.0,2,49.0,500,Free,0.0,Everyone,Business,"September 19, 2017",2.1.1,4.1 and up,,,,,Unknown,,,,
DT Driving Test Theory,FAMILY,4.6,477,1.6,10000,Free,0.0,Everyone,Education,"February 22, 2018",1.1,4.0.3 and up,,,,,Unknown,,,,
DT Smart,TOOLS,1.6,39,8.9,1000,Free,0.0,Everyone,Tools,"December 7, 2017",1.1.4,4.1 and up,,,,,Unknown,,,,
Truck Simulator DT 3D,FAMILY,3.8,110,22.0,5000,Free,0.0,Everyone,Simulation,"April 23, 2017",1.0.6,2.3 and up,,,,,Unknown,,,,
DT Baby Cam,TOOLS,1.7,10,23.0,500,Free,0.0,Everyone,Tools,"December 5, 2017",3.0,2.2 and up,,,,,Unknown,,,,
Bloons TD 5,FAMILY,4.6,190086,94.0,1000000,Paid,2.99,Everyone,Strategy,"July 13, 2018",3.16,2.3.3 and up,,,,,Unknown,,,,
WPBS-DT,FAMILY,5.0,3,6.3,500,Free,0.0,Everyone,Entertainment,"April 3, 2015",4.1.1,2.3.3 and up,,,,,Unknown,,,,
ReadyOp DT,COMMUNICATION,4.6,8,1.1,1000,Free,0.0,Everyone,Communication,"July 6, 2018",1.0.56,2.3.3 and up,,,,,Unknown,,,,
Soccer Manager 2018,SPORTS,4.4,63779,95.0,1000000,Free,0.0,Everyone,Sports,"July 16, 2018",1.5.6,5.0 and up,,,,,Unknown,,,,
Online Soccer Manager (OSM),SPORTS,4.5,1312936,21.0,10000000,Free,0.0,Everyone,Sports,"July 31, 2018",3.4.06,4.4 and up,,,,,Unknown,,,,
DT-VR,FAMILY,3.8,25,9.5,1000,Free,0.0,Everyone,Entertainment,"August 9, 2016",1.2,2.2 and up,,,,,Unknown,,,,
Dt Tracking,AUTO_AND_VEHICLES,4.0,4,24.0,100,Free,0.0,Everyone,Auto & Vehicles,"October 28, 2016",0.20,4.0 and up,,,,,Unknown,,,,
DT Simple Interval Timer,SPORTS,4.1,10,1.5,1000,Free,0.0,Everyone,Sports,"February 17, 2014",1.01,2.1 and up,,,,,Unknown,,,,
DT CLOTHINGS,SHOPPING,5.0,1,7.9,10,Free,0.0,Everyone,Shopping,"July 25, 2018",1.0.1,4.1 and up,,,,,Unknown,,,,
Dt. Jyothi Srinivas,HEALTH_AND_FITNESS,5.0,18,13.0,100,Free,0.0,Everyone,Health & Fitness,"February 6, 2018",1.0.6,4.1 and up,,,,,Unknown,,,,
DT future1 cam,TOOLS,1.0,1,24.0,50,Free,0.0,Everyone,Tools,"March 27, 2018",3.1,2.2 and up,,,,,Unknown,,,,
Wheelie Challenge,GAME,4.6,137338,51.0,5000000,Free,0.0,Everyone,Racing,"July 13, 2018",1.44,4.1 and up,,,,,Unknown,,,,
DT NO.I,HEALTH_AND_FITNESS,2.4,44,49.0,1000,Free,0.0,Everyone,Health & Fitness,"August 1, 2018",V1.0.1,4.3 and up,,,,,Unknown,,,,
DTPay,SHOPPING,4.5,18,0.994,1000,Free,0.0,Everyone,Shopping,"July 11, 2018",0.8.2,4.0 and up,,,,,Unknown,,,,
Top Soccer Manager,SPORTS,4.4,199739,66.0,10000000,Free,0.0,Everyone,Sports,"August 6, 2018",1.18.8,4.0.3 and up,,,,,Unknown,,,,
The Secret Daily Teachings,LIFESTYLE,4.3,206,32.0,1000,Paid,4.99,Everyone,Lifestyle,"February 11, 2018",14.0,4.0.3 and up,,,,,Unknown,,,,
Spring flowers theme couleurs d t space,ART_AND_DESIGN,5.0,1,2.9,100,Free,0.0,Everyone,Art & Design,"April 18, 2018",1.0.2,4.0 and up,,,,,Unknown,,,,
Soccer Board Tactics,SPORTS,4.1,6231,8.9,100000,Free,0.0,Everyone,Sports,"February 9, 2018",10.36,4.2 and up,,,,,Unknown,,,,
Dirt Trackin Sprint Cars,GAME,3.8,499,47.0,10000,Paid,3.99,Everyone,Racing,"May 10, 2018",1.0.13,5.0 and up,,,,,Unknown,,,,
senior easy phone,PERSONALIZATION,3.9,168,2.1,50000,Free,0.0,Teen,Personalization,"March 27, 2015",1.0,2.3 and up,,,,,Unknown,,,,
dt.se,NEWS_AND_MAGAZINES,3.1,124,12.0,10000,Free,0.0,Everyone,News & Magazines,"June 29, 2018",4.9.0,4.1 and up,,,,,Unknown,,,,
WhatsVPN - Unlimited Free VPN,TOOLS,4.7,24985,7.8,500000,Free,0.0,Everyone,Tools,"July 27, 2018",2.2.927,4.1 and up,,,,,Unknown,,,,
du app,LIFESTYLE,3.5,7578,25.0,1000000,Free,0.0,Everyone,Lifestyle,"July 24, 2018",3.98,4.2 and up,,,,,Unknown,,,,
DU Battery Saver - Battery Charger & Battery Life,TOOLS,4.5,13479633,14.0,100000000,Free,0.0,Everyone,Tools,"June 5, 2018",4.8.7.8,4.0 and up,,,,,Unknown,,,,
DU Antivirus Security - Applock & Privacy Guard,TOOLS,4.6,436615,10.0,10000000,Free,0.0,Everyone,Tools,"June 5, 2018",3.3.1,4.0.3 and up,,,,,Unknown,,,,
DU Cleaner – Memory cleaner & clean phone cache,TOOLS,4.5,465831,8.9,10000000,Free,0.0,Everyone,Tools,"July 23, 2018",1.5.9.9,4.0 and up,,,,,Unknown,,,,
DU Launcher - Boost Your Phone,PERSONALIZATION,4.5,67707,4.8,1000000,Free,0.0,Everyone,Personalization,"February 7, 2016",1.8.0.4,4.0 and up,,,,,Unknown,,,,
DU Security,TOOLS,4.4,4847,3.2,100000,Free,0.0,Everyone,Tools,"June 29, 2016",3.0.0.2071,4.0 and up,,,,,Unknown,,,,
DU Browser Mini(Small&Fast),TOOLS,4.2,20941,2.0,1000000,Free,0.0,Everyone,Tools,"December 23, 2016",1.12.23,4.0 and up,,,,,Unknown,,,,
Caller ID & Call Block - DU Caller,COMMUNICATION,4.6,93930,14.0,5000000,Free,0.0,Everyone,Communication,"August 1, 2018",4.0.8,4.2 and up,,,,,Unknown,,,,
Lock Screen - DU Locker & Lock screen wallpaper,TOOLS,4.5,5174,4.7,100000,Free,0.0,Everyone,Tools,"April 26, 2018",2.0.0,4.0 and up,,,,,Unknown,,,,
du View,FAMILY,3.8,935,22.0,50000,Free,0.0,Teen,Entertainment,"March 26, 2018",6.4.1,4.3 and up,,,,,Unknown,,,,
DU Emoji Keyboard（Simeji）,TOOLS,4.3,19234,14.0,500000,Free,0.0,Everyone,Tools,"February 23, 2017",3.1.3,4.0.3 and up,,,,,Unknown,,,,
"DU GIF Maker: GIF Maker, Video to GIF & GIF Editor",PHOTOGRAPHY,4.6,7605,4.3,500000,Free,0.0,Everyone,Photography,"April 10, 2018",1.2.2.2,4.3 and up,,,,,Unknown,,,,
Upgrade for Android DU Master,TOOLS,3.6,12993,5.2,1000000,Free,0.0,Everyone,Tools,"January 9, 2017",1.3.0,2.3.3 and up,,,,,Unknown,,,,
Modern: DU Launcher Theme,PERSONALIZATION,4.2,868,0.309,50000,Free,0.0,Everyone,Personalization,"October 15, 2015",1.1,4.0 and up,,,,,Unknown,,,,
Weather Forecast Pro,WEATHER,4.7,14051,8.7,100000,Paid,3.99,Everyone,Weather,"August 4, 2018",8.5,4.0 and up,,,,,Unknown,,,,
Night: DU Launcher Theme,PERSONALIZATION,4.3,1419,0.485,50000,Free,0.0,Everyone,Personalization,"October 15, 2015",1.1,4.0 and up,,,,,Unknown,,,,
DU Collage Maker - Photo Collage & Grid & Layout,PHOTOGRAPHY,4.7,4595,2.5,100000,Free,0.0,Everyone,Photography,"September 4, 2017",1.4.0,4.0 and up,,,,,Unknown,,,,
Du Chinese – Mandarin Lessons,FAMILY,4.8,3390,9.2,100000,Free,0.0,Everyone,Education,"October 3, 2017",1.5.0,4.1 and up,,,,,Unknown,,,,
Portes du Soleil,SPORTS,3.1,500,39.0,50000,Free,0.0,Everyone,Sports,"February 16, 2018",10.012,4.1 and up,,,,,Unknown,,,,
Sword of Chaos - Lame du Chaos,GAME,4.5,23599,96.0,100000,Free,0.0,Teen,Action,"June 1, 2018",11.0.2,4.0 and up,,,,,Unknown,,,,
Bible du Semeur-BDS (French),BOOKS_AND_REFERENCE,4.5,313,6.9,50000,Free,0.0,Everyone,Books & Reference,"August 4, 2018",0.7,1.0 and up,,,,,Unknown,,,,
La citadelle du musulman,BOOKS_AND_REFERENCE,4.5,314,9.8,50000,Free,0.0,Everyone,Books & Reference,"March 17, 2016",2.10,2.3.3 and up,,,,,Unknown,,,,
Clean My Android,PRODUCTIVITY,4.7,101163,6.2,5000000,Free,0.0,Everyone,Productivity,"July 31, 2018",1.4.5.2,4.1 and up,,,,,Unknown,,,,
Citation du Jour - Motivation,FAMILY,4.1,321,0.914,100000,Free,0.0,Everyone,Education,"February 14, 2015",1.0,2.2 and up,,,,,Unknown,,,,
La Poupée du Voyant,FAMILY,4.4,265,8.2,50000,Free,0.0,Everyone,Entertainment,"January 6, 2017",1.0.0,4.1 and up,,,,,Unknown,,,,
APUS Booster - Space Cleaner & Booster,PRODUCTIVITY,4.6,1048766,13.0,10000000,Free,0.0,Everyone,Productivity,"August 3, 2018",2.6.28,4.0.3 and up,,,,,Unknown,,,,
Officiel du SCRABBLE LAROUSSE,BOOKS_AND_REFERENCE,3.4,116,48.0,5000,Paid,4.6,Everyone,Books & Reference,"October 13, 2016",1.4,2.3 and up,,,,,Unknown,,,,
iSmart DV,VIDEO_PLAYERS,3.6,5692,31.0,1000000,Free,0.0,Everyone,Video Players & Editors,"July 27, 2018",R1.4.14.B1.4,4.1 and up,,,,,Unknown,,,,
dv Prompter,VIDEO_PLAYERS,3.7,321,1.3,50000,Free,0.0,Everyone,Video Players & Editors,"March 14, 2017",1.2.9,4.2 and up,,,,,Unknown,,,,
Sports DV,LIFESTYLE,2.1,86,29.0,10000,Free,0.0,Everyone,Lifestyle,"July 17, 2018",3.0.3,4.3 and up,,,,,Unknown,,,,
Live DV,PHOTOGRAPHY,2.0,16,17.0,1000,Free,0.0,Everyone,Photography,"May 9, 2018",1.0.6,4.4 and up,,,,,Unknown,,,,
Mini DV,AUTO_AND_VEHICLES,3.5,12,19.0,5000,Free,0.0,Everyone,Auto & Vehicles,"May 29, 2018",1.27,4.0 and up,,,,,Unknown,,,,
DV-2019 Results,FAMILY,4.3,158,2.6,10000,Free,0.0,Everyone,Entertainment,"June 14, 2018",17.0,4.0 and up,,,,,Unknown,,,,
AKASO DV,TOOLS,2.4,99,71.0,10000,Free,0.0,Everyone,Tools,"July 26, 2018",V1.0.9,4.0 and up,,,,,Unknown,,,,
DV-LOTTERY 2019 REGISTRATION,FAMILY,4.5,97,2.6,10000,Free,0.0,Everyone,Entertainment,"January 20, 2018",3.0,4.0 and up,,,,,Unknown,,,,
Selfie DV,TOOLS,2.8,29,14.0,1000,Free,0.0,Everyone,Tools,"April 24, 2017",2.3.26,4.0.3 and up,,,,,Unknown,,,,
DV 2019 Entry Guide,BOOKS_AND_REFERENCE,4.5,92,5.1,10000,Free,0.0,Everyone,Books & Reference,"October 18, 2017",2.0.0,4.1 and up,,,,,Unknown,,,,
Porch DV,HOUSE_AND_HOME,2.8,5,13.0,1000,Free,0.0,Everyone,House & Home,"June 2, 2018",1.0,4.1 and up,,,,,Unknown,,,,
DV 2019 - EDV Photo & Form,BOOKS_AND_REFERENCE,3.9,314,2.6,50000,Free,0.0,Everyone,Books & Reference,"October 24, 2016",6.0.0,4.0.3 and up,,,,,Unknown,,,,
SDV Cam,TOOLS,3.2,67,65.0,10000,Free,0.0,Everyone,Tools,"June 2, 2017",1.0.8,4.0.3 and up,,,,,Unknown,,,,
XDV,PHOTOGRAPHY,3.1,6827,8.7,1000000,Free,0.0,Everyone,Photography,"April 20, 2018",1.9.5,2.3 and up,,,,,Unknown,,,,
WiFi Action Camera,SPORTS,2.4,551,0.903,100000,Free,0.0,Everyone,Sports,"March 13, 2014",1.4,4.0 and up,,,,,Unknown,,,,
DV Car Service,MAPS_AND_NAVIGATION,4.6,10,25.0,100,Free,0.0,Everyone,Maps & Navigation,"August 9, 2017",1.002,4.0.3 and up,,,,,Unknown,,,,
DV Lottery Photo,VIDEO_PLAYERS,2.9,23,4.0,5000,Free,0.0,Everyone,Video Players & Editors,"December 16, 2016",1.1,3.0 and up,,,,,Unknown,,,,
DV Lottery Photo Tool,PHOTOGRAPHY,4.0,223,1.7,50000,Free,0.0,Everyone,Photography,"October 28, 2017",1.06,4.2 and up,,,,,Unknown,,,,
iCam - Webcam Video Streaming,TOOLS,3.7,770,2.4,10000,Paid,4.99,Everyone,Tools,"October 7, 2016",1.6.7,2.3 and up,,,,,Unknown,,,,
DV KING 4K,PHOTOGRAPHY,2.3,3,8.5,100,Free,0.0,Everyone,Photography,"July 17, 2018",1.0.10,4.0 and up,,,,,Unknown,,,,
Wifi Action Camera,PHOTOGRAPHY,2.9,118,26.0,50000,Free,0.0,Everyone,Photography,"July 24, 2018",1.3.5,4.0 and up,,,,,Unknown,,,,
US DV Lottery 2020 Apply,TRAVEL_AND_LOCAL,4.6,41,2.0,10000,Free,0.0,Everyone,Travel & Local,"January 14, 2018",1.02,4.0 and up,,,,,Unknown,,,,
DV-2019 PHOTO TOOL,FAMILY,4.3,21,2.5,1000,Free,0.0,Everyone,Entertainment,"January 20, 2018",5.0,4.0 and up,,,,,Unknown,,,,
DV ASSIST,FAMILY,5.0,1,18.0,100,Free,0.0,Everyone,Education,"August 2, 2018",1.0,4.4 and up,,,,,Unknown,,,,
4K Ultra Camera,PHOTOGRAPHY,4.2,382,2.9,100000,Free,0.0,Everyone,Photography,"July 30, 2018",39.272.12,2.2 and up,,,,,Unknown,,,,
DV Lottery Simulator,FAMILY,4.6,13,1.3,1000,Free,0.0,Everyone,Entertainment,"October 20, 2016",1.1,4.1 and up,,,,,Unknown,,,,
U.S.A DV Lottery Process,FAMILY,4.5,8,1.7,1000,Free,0.0,Everyone,Education,"March 12, 2017",1.0,4.1 and up,,,,,Unknown,,,,
DV Statistics,SOCIAL,4.2,6,2.7,100,Free,0.0,Everyone,Social,"October 8, 2015",1.2,4.0.3 and up,,,,,Unknown,,,,
DV 2018 Winners Guide,BOOKS_AND_REFERENCE,4.8,11,0.608,1000,Free,0.0,Everyone,Books & Reference,"July 23, 2017",1.09,4.2 and up,,,,,Unknown,,,,
MelifeCam-M,VIDEO_PLAYERS,3.5,81,22.0,10000,Free,0.0,Everyone,Video Players & Editors,"July 21, 2016",R1.3.21.3,4.1 and up,,,,,Unknown,,,,
DV-2019 UK/British,FAMILY,4.6,166,4.2,5000,Free,0.0,Everyone,Entertainment,"March 11, 2018",3.0,4.0 and up,,,,,Unknown,,,,
GoPlus Cam,VIDEO_PLAYERS,3.5,3484,41.0,500000,Free,0.0,Everyone,Video Players & Editors,"December 18, 2017",3.0.1,4.0.3 and up,,,,,Unknown,,,,
GoAction,VIDEO_PLAYERS,3.6,1522,65.0,100000,Free,0.0,Everyone,Video Players & Editors,"July 17, 2018",V1.5.3,4.4 and up,,,,,Unknown,,,,
DV Youth,LIFESTYLE,5.0,5,15.0,100,Free,0.0,Everyone,Lifestyle,"April 25, 2016",1.2,4.0.3 and up,,,,,Unknown,,,,
DV KING,PHOTOGRAPHY,3.0,2,9.3,100,Free,0.0,Everyone,Photography,"September 19, 2017",1.0.0,2.2 and up,,,,,Unknown,,,,
DENVER ACTION CAM 3,PHOTOGRAPHY,2.9,66,8.9,10000,Free,0.0,Everyone,Photography,"November 16, 2016",1.0.2,2.2 and up,,,,,Unknown,,,,
4K VIDEO PLAYER ULTRA HD,VIDEO_PLAYERS,3.7,20,24.0,5000,Free,0.0,Everyone,Video Players & Editors,"May 1, 2017",7.0,2.3.3 and up,,,,,Unknown,,,,
US DV Lottery 2019,TRAVEL_AND_LOCAL,4.6,14,4.0,1000,Free,0.0,Everyone,Travel & Local,"April 12, 2018",1.0,4.0 and up,,,,,Unknown,,,,
Hotel Insanity,GAME,4.2,3816,31.0,100000,Free,0.0,Teen,Arcade,"July 7, 2016",1.0,3.0 and up,,,,,Unknown,,,,
SportCAM,TOOLS,3.2,427,9.5,100000,Free,0.0,Everyone,Tools,"May 4, 2018",1.7.6,2.2 and up,,,,,Unknown,,,,
SportLook,PHOTOGRAPHY,2.5,1283,8.2,100000,Free,0.0,Everyone,Photography,"June 21, 2018",1.2.7,4.1 and up,,,,,Unknown,,,,
DW - Breaking World News,NEWS_AND_MAGAZINES,4.4,17671,17.0,1000000,Free,0.0,Everyone 10+,News & Magazines,"August 6, 2018",2.3.10,4.2 and up,,,,,Unknown,,,,
"DW Learn German - A1, A2, B1 and placement test",FAMILY,4.3,902,1.8,100000,Free,0.0,Everyone,Education,"September 28, 2017",1.0,4.4 and up,,,,,Unknown,,,,
DW Spectrum™ IPVMS Mobile,BUSINESS,4.0,44,30.0,10000,Free,0.0,Everyone,Business,"June 19, 2018",18.1.18164,4.1 and up,,,,,Unknown,,,,
DW Amharic by AudioNow Digital,NEWS_AND_MAGAZINES,4.5,322,31.0,10000,Free,0.0,Everyone,News & Magazines,"June 26, 2018",4.0.9,4.1 and up,,,,,Unknown,,,,
DW VMAX,TOOLS,3.4,843,8.5,100000,Free,0.0,Everyone,Tools,"May 4, 2017",3.7.1,2.2 and up,,,,,Unknown,,,,
News: DW Español,NEWS_AND_MAGAZINES,4.3,25,6.3,1000,Free,0.0,Everyone,News & Magazines,"April 26, 2018",1.0,4.1 and up,,,,,Unknown,,,,
DW Contacts & Phone & Dialer,COMMUNICATION,4.3,21186,10.0,1000000,Free,0.0,Everyone,Communication,"August 4, 2018",Varies with device,Varies with device,,,,,Unknown,,,,
DW Arabic By dw-arab.com,NEWS_AND_MAGAZINES,4.3,386,6.0,50000,Free,0.0,Everyone,News & Magazines,"October 27, 2017",3.2,4.1 and up,,,,,Unknown,,,,
Learn German: Die Bienenretter,FAMILY,4.0,25,79.0,5000,Free,0.0,Everyone,Educational;Education,"July 26, 2017",1.0.5,2.3 and up,,,,,Unknown,,,,
News: DW Hausa,NEWS_AND_MAGAZINES,4.9,9,6.3,1000,Free,0.0,Everyone,News & Magazines,"April 26, 2018",1.0,4.1 and up,,,,,Unknown,,,,
DW Spectrum™ IP VMS,BUSINESS,3.4,102,2.4,10000,Free,0.0,Everyone,Business,"April 14, 2016",2.5.0-prod,2.2 and up,,,,,Unknown,,,,
DW Audio,FAMILY,4.9,38,5.0,1000,Free,0.0,Everyone,Education,"June 16, 2017",0.9.0,4.1 and up,,,,,Unknown,,,,
DW Contacts widget,TOOLS,4.3,56,2.0,1000,Paid,0.99,Everyone,Tools,"June 5, 2014",1.1.0.0,2.1 and up,,,,,Unknown,,,,
DW فارسی By dw-arab.com,NEWS_AND_MAGAZINES,4.7,11,4.4,1000,Free,0.0,Everyone,News & Magazines,"March 26, 2017",1.0.0,4.1 and up,,,,,Unknown,,,,
German Listening,FAMILY,4.8,18298,8.0,500000,Free,0.0,Everyone,Education,"July 23, 2018",2.94,2.3.3 and up,,,,,Unknown,,,,
DW Event,EVENTS,4.3,9,39.0,1000,Free,0.0,Everyone,Events,"May 29, 2018",2.32.2,4.1 and up,,,,,Unknown,,,,
DW Witness,BUSINESS,4.0,6,3.5,500,Free,0.0,Everyone,Business,"May 14, 2018",1.1.2,5.0 and up,,,,,Unknown,,,,
Downvids Helper - One touch DW,VIDEO_PLAYERS,3.5,197,9.8,10000,Free,0.0,Everyone,Video Players & Editors,"February 5, 2017",1.0,4.0.3 and up,,,,,Unknown,,,,
DW Security,BUSINESS,5.0,6,15.0,100,Free,0.0,Everyone,Business,"July 25, 2018",69.1,4.1 and up,,,,,Unknown,,,,
News: RFI Hausa,NEWS_AND_MAGAZINES,4.7,10,6.3,1000,Free,0.0,Everyone,News & Magazines,"April 28, 2018",1.0,4.1 and up,,,,,Unknown,,,,
DW Contacts Wear,TOOLS,4.2,37,2.2,5000,Free,0.0,Everyone,Tools,"March 9, 2015",0.0.0.2,4.0 and up,,,,,Unknown,,,,
Hausa Radio,NEWS_AND_MAGAZINES,4.4,3375,4.2,100000,Free,0.0,Everyone,News & Magazines,"July 31, 2018",4.1,4.1 and up,,,,,Unknown,,,,
Digi Dex for DW Next Order @PS4,TOOLS,4.2,155,16.0,10000,Free,0.0,Everyone,Tools,"February 24, 2018",1.3,5.0 and up,,,,,Unknown,,,,
DW Timer,TOOLS,5.0,9,1.5,100,Free,0.0,Everyone,Tools,"April 5, 2017",1.0,1.6 and up,,,,,Unknown,,,,
RETRO Shocked DW-6000,PERSONALIZATION,5.0,13,0.5,100,Paid,1.49,Everyone,Personalization,"April 4, 2017",1.2,2.3 and up,,,,,Unknown,,,,
VMAX IP Plus Mobile Client,BUSINESS,2.0,9,3.4,1000,Free,0.0,Everyone,Business,"June 9, 2017",1.1.12,2.3 and up,,,,,Unknown,,,,
DW Maps,TRAVEL_AND_LOCAL,3.7,35,13.0,10000,Free,0.0,Everyone,Travel & Local,"June 6, 2017",1.9,2.3.3 and up,,,,,Unknown,,,,
DW Missed call cleaner patch,TOOLS,3.9,65,0.054,5000,Free,0.0,Everyone,Tools,"November 27, 2014",1.4,2.0 and up,,,,,Unknown,,,,
Swahili Radio,NEWS_AND_MAGAZINES,4.5,171,4.8,10000,Free,0.0,Everyone,News & Magazines,"May 30, 2018",3.0,4.0 and up,,,,,Unknown,,,,
DX,SHOPPING,3.1,6697,11.0,500000,Free,0.0,Everyone,Shopping,"February 1, 2018",4.2.1,4.0 and up,,,,,Unknown,,,,
Direct Express®,FINANCE,4.5,6156,6.6,500000,Free,0.0,Everyone,Finance,"May 9, 2017",1.0.10,4.0 and up,,,,,Unknown,,,,
Retro City Rampage DX,GAME,4.7,416,16.0,10000,Paid,2.99,Teen,Action,"January 12, 2017",1.0.5,4.0 and up,,,,,Unknown,,,,
PORTABLE SOCCER DX,SPORTS,4.4,552,1.6,5000,Paid,1.0,Everyone,Sports,"June 19, 2018",3.4,2.2 and up,,,,,Unknown,,,,
Across Age DX,FAMILY,3.8,5964,48.0,500000,Free,0.0,Teen,Role Playing,"January 9, 2015",1.1.0,2.2 and up,,,,,Unknown,,,,
ZOOKEEPER DX TouchEdition,FAMILY,4.2,3195,4.6,100000,Paid,0.99,Everyone,Puzzle,"November 26, 2015",1.2.7,2.1 and up,,,,,Unknown,,,,
Ham DX Cluster & Spots Finder,COMMUNICATION,4.5,115,2.8,5000,Free,0.0,Everyone,Communication,"July 15, 2016",1.4.4,4.1 and up,,,,,Unknown,,,,
DX Alerts,LIFESTYLE,4.5,22,23.0,1000,Free,0.0,Everyone,Lifestyle,"July 19, 2016",2.0,4.0.3 and up,,,,,Unknown,,,,
Piczle Lines DX,FAMILY,4.6,281,26.0,5000,Free,0.0,Everyone,Puzzle,"April 15, 2018",1.4.6,4.0 and up,,,,,Unknown,,,,
PORTABLE SOCCER DX Lite,SPORTS,4.2,15068,2.5,1000000,Free,0.0,Everyone,Sports,"June 19, 2018",3.4,2.3 and up,,,,,Unknown,,,,
DX Spots Free,TOOLS,4.5,46,24.0,1000,Free,0.0,Everyone,Tools,"May 18, 2018",2.0.402,4.1 and up,,,,,Unknown,,,,
3DAnimeGirl DX DreamPortrait KAWAII Girl DressUp,FAMILY,4.2,449,56.0,10000,Free,0.0,Teen,Casual,"February 16, 2018",1.5,4.0 and up,,,,,Unknown,,,,
Bubble Shooter DX,FAMILY,4.2,636,4.0,100000,Free,0.0,Everyone,Casual,"June 21, 2018",1.21,4.0.3 and up,,,,,Unknown,,,,
DX Alert,TOOLS,4.1,27,2.5,1000,Free,0.0,Everyone,Tools,"April 28, 2016",1.131,3.2 and up,,,,,Unknown,,,,
Age of Procreation DX,FAMILY,4.3,1894,40.0,100000,Free,0.0,Mature 17+,Simulation,"April 22, 2016",1.441,2.3 and up,,,,,Unknown,,,,
Chronolink DX,FAMILY,5.0,7,73.0,10,Paid,0.99,Everyone,Puzzle,"July 6, 2017",1.2,4.1 and up,,,,,Unknown,,,,
DX Simulation for OOO Dx Belt,FAMILY,4.6,67,31.0,10000,Free,0.0,Everyone,Simulation,"August 4, 2018",1.7,4.1 and up,,,,,Unknown,,,,
Tricky Bike Stunt Rider DX,FAMILY,4.4,16,45.0,500,Free,0.0,Everyone,Simulation;Education,"July 29, 2018",1.1.1,4.0 and up,,,,,Unknown,,,,
DX Simulation Belt for Build henshin,FAMILY,4.5,182,39.0,10000,Free,0.0,Everyone,Simulation,"July 11, 2018",2.0,4.1 and up,,,,,Unknown,,,,
Active Soccer 2 DX,SPORTS,3.6,28,48.0,500,Paid,2.99,Everyone,Sports,"March 28, 2017",1.0.3,1.5 and up,,,,,Unknown,,,,
DX Simulation for Kabuto Henshin Belt 2018,FAMILY,4.6,14,7.2,5000,Free,0.0,Everyone,Simulation,"August 6, 2018",1.5,4.0.3 and up,,,,,Unknown,,,,
Elemental Galaxy Dx - Match3,FAMILY,4.0,127,14.0,10000,Free,0.0,Everyone,Puzzle,"March 11, 2014",1.0.9,2.2 and up,,,,,Unknown,,,,
DX Simulation for Double Dx Henshin Belt 2018,FAMILY,4.6,33,11.0,5000,Free,0.0,Everyone,Simulation,"August 6, 2018",1.5,4.0.3 and up,,,,,Unknown,,,,
Mircules DX Cluster Lite,COMMUNICATION,4.5,51,21.0,5000,Free,0.0,Everyone,Communication,"May 10, 2016",3.0,4.1 and up,,,,,Unknown,,,,
DX Simulation Belt for Decade henshin,FAMILY,4.5,64,32.0,5000,Free,0.0,Everyone,Simulation,"July 27, 2018",3.0,4.1 and up,,,,,Unknown,,,,
Human Dx,MEDICAL,4.8,6,16.0,500,Free,0.0,Everyone,Medical,"August 4, 2018",Human Dx,6.0 and up,,,,,Unknown,,,,
Santa's Monster Shootout DX,GAME,5.0,4,33.0,50,Paid,1.99,Teen,Action,"August 15, 2013",1.05,2.2 and up,,,,,Unknown,,,,
DX Glow - Clock Widget,PERSONALIZATION,4.4,5,3.4,50,Paid,0.99,Everyone,Personalization,"March 20, 2015",2.0,3.0 and up,,,,,Unknown,,,,
MBU DX Cluster,TOOLS,4.0,5,1.6,500,Free,0.0,Everyone,Tools,"June 16, 2015",0.0.1,2.3.3 and up,,,,,Unknown,,,,
Dress Up RagazzA13 DX,FAMILY,3.5,13,42.0,100,Paid,0.99,Everyone,Simulation,"September 16, 2016",1.0.5,4.0.3 and up,,,,,Unknown,,,,
Cloud DX Connected Health,HEALTH_AND_FITNESS,5.0,6,11.0,100,Free,0.0,Everyone,Health & Fitness,"July 19, 2017",1.7.10713 (281),4.4 and up,,,,,Unknown,,,,
DX Simulation for X-aid Dx Belt,FAMILY,4.0,35,48.0,5000,Free,0.0,Everyone,Simulation,"August 4, 2018",1.6,4.1 and up,,,,,Unknown,,,,
Unstoppaball DX,FAMILY,4.2,5,40.0,50,Paid,1.49,Everyone,Puzzle,"May 20, 2014",1.7,2.0.1 and up,,,,,Unknown,,,,
Sokoban Land DX,FAMILY,3.9,46,20.0,10000,Paid,2.99,Everyone,Puzzle,"January 29, 2018",1.0.6,2.3 and up,,,,,Unknown,,,,
Multiple Sclerosis Dx & Mgmt.,MEDICAL,4.5,131,60.0,10000,Free,0.0,Everyone,Medical,"September 25, 2017",5.0,4.4 and up,,,,,Unknown,,,,
Dx Ludo,FAMILY,3.6,215,2.6,50000,Free,0.0,Everyone,Puzzle,"April 18, 2011",1.0,2.1 and up,,,,,Unknown,,,,
My Dy Dice - 3D Dice Roller,LIFESTYLE,4.2,9,22.0,100,Free,0.0,Everyone,Lifestyle,"September 20, 2016",1.01,4.1 and up,,,,,Unknown,,,,
Dy So Exam,FAMILY,3.0,6,3.2,1000,Free,0.0,Everyone,Education,"July 3, 2017",1.0,2.3 and up,,,,,Unknown,,,,
Dr. D. Y. Patil Vidyapeeth GBS,FAMILY,4.0,3,5.3,100,Free,0.0,Everyone,Education,"February 14, 2017",1.0.1702140017,4.1 and up,,,,,Unknown,,,,
edp re:dy smarthome,TOOLS,3.4,30,22.0,5000,Free,0.0,Everyone,Tools,"June 7, 2017",1.2.2,4.1 and up,,,,,Unknown,,,,
KPS CHAUHAN DY/DX,FAMILY,4.9,37,10.0,100,Free,0.0,Everyone,Education,"July 28, 2018",1.0.32.1,4.1 and up,,,,,Unknown,,,,
DY TECHNICAL GYAN,BUSINESS,4.0,2,3.3,10,Free,0.0,Everyone,Business,"January 17, 2018",1.1.0,4.0 and up,,,,,Unknown,,,,
JONACK (D Story Teller),FAMILY,4.4,152,1.2,10000,Free,0.0,Everyone,Entertainment,"November 28, 2015",1.0,2.2 and up,,,,,Unknown,,,,
American Sniper City Fight Shooting Assassin,GAME,4.1,395,54.0,50000,Free,0.0,Teen,Action,"November 24, 2017",1.4,2.3 and up,,,,,Unknown,,,,
Guardians of Ancora,FAMILY,4.4,969,26.0,50000,Free,0.0,Everyone,Educational;Action & Adventure,"July 20, 2018",2.9.1,2.3.3 and up,,,,,Unknown,,,,
Cute Dolphin Keyboard,PERSONALIZATION,4.5,237,6.4,10000,Free,0.0,Everyone,Personalization,"July 30, 2018",1.279.13.93,4.0.3 and up,,,,,Unknown,,,,
Truck Transport Raw Material,FAMILY,4.2,632,50.0,100000,Free,0.0,Everyone,Simulation,"July 20, 2018",1.4,4.1 and up,,,,,Unknown,,,,
Hidden Camera Detector,TOOLS,3.9,167,2.5,10000,Free,0.0,Everyone,Tools,"November 8, 2017",1.0,4.0.3 and up,,,,,Unknown,,,,
Street Skater 3D,GAME,3.6,120852,21.0,10000000,Free,0.0,Teen,Action,"October 24, 2017",1.1,4.0.3 and up,,,,,Unknown,,,,
DYPSOET,FAMILY,5.0,8,7.4,50,Free,0.0,Everyone,Education,"August 7, 2018",1.0.2,4.1 and up,,,,,Unknown,,,,
Triceratops - Dino Robot,FAMILY,4.4,3032,30.0,1000000,Free,0.0,Everyone,Casual,"December 18, 2017",1.2.3,4.0 and up,,,,,Unknown,,,,
Differential Equations Steps,FAMILY,3.6,1185,3.9,100000,Free,0.0,Everyone,Education,"April 11, 2017",5.3.0,4.0.3 and up,,,,,Unknown,,,,
Dz Dinars Numbers to letters,PRODUCTIVITY,4.7,2807,9.8,100000,Free,0.0,Everyone,Productivity,"December 15, 2016",0.74 11.12.2016,4.0.3 and up,,,,,Unknown,,,,
dz NEWS Algerie,NEWS_AND_MAGAZINES,4.2,2318,4.5,100000,Free,0.0,Everyone,News & Magazines,"December 13, 2014",2.3,2.3 and up,,,,,Unknown,,,,
Siyaha Dz,TRAVEL_AND_LOCAL,4.5,289,9.8,10000,Free,0.0,Everyone,Travel & Local,"March 13, 2018",2.6.3,4.2 and up,,,,,Unknown,,,,
CCP DZ : Fill out a check | Number in letters DZD,FINANCE,4.7,642,3.2,10000,Free,0.0,Everyone,Finance,"April 27, 2018",2018-04-27,4.0 and up,,,,,Unknown,,,,
3G DZ Configuration,COMMUNICATION,4.3,488,2.5,50000,Free,0.0,Everyone,Communication,"November 19, 2015",6.2.3,3.0 and up,,,,,Unknown,,,,
3G/4G Config Dz,TOOLS,4.2,2058,2.3,100000,Free,0.0,Everyone,Tools,"May 15, 2017",3.0.2,4.0 and up,,,,,Unknown,,,,
IRIS : Customer Service - DZ Algeria,TRAVEL_AND_LOCAL,4.7,57,7.0,1000,Free,0.0,Everyone,Travel & Local,"March 10, 2018",2018-03,4.0 and up,,,,,Unknown,,,,
Numbers Into Words,PRODUCTIVITY,4.4,457,0.562,50000,Free,0.0,Everyone,Productivity,"May 6, 2014",1.2,2.1 and up,,,,,Unknown,,,,
Météo Algérie DZ,WEATHER,4.1,1238,4.7,100000,Free,0.0,Everyone,Weather,"December 17, 2014",1.1.6,2.3 and up,,,,,Unknown,,,,
DZ Popup Video Player,VIDEO_PLAYERS,4.5,83,4.5,5000,Free,0.0,Everyone,Video Players & Editors,"May 16, 2018",4.6,4.1 and up,,,,,Unknown,,,,
DZ PROMOS - Promotions & Sale Alerts in Algeria,SHOPPING,4.1,331,10.0,50000,Free,0.0,Everyone,Shopping,"August 10, 2017",2.51,4.0.3 and up,,,,,Unknown,,,,
JNews DZ - Algerian Newspapers,NEWS_AND_MAGAZINES,4.0,146,3.0,10000,Free,0.0,Everyone,News & Magazines,"July 16, 2016",2.4,2.3 and up,,,,,Unknown,,,,
Ouedkniss,SHOPPING,4.3,10355,0.847,1000000,Free,0.0,Teen,Shopping,"June 19, 2018",1.5.1,4.0 and up,,,,,Unknown,,,,
Files To SD Card Pro,TOOLS,4.2,994,2.8,100000,Free,0.0,Everyone,Tools,"May 18, 2018",6.0.0,5.0 and up,,,,,Unknown,,,,
My Ooredoo Algeria,TOOLS,4.2,3606,17.0,100000,Free,0.0,Everyone,Tools,"June 24, 2018",1.22.1,4.4 and up,,,,,Unknown,,,,
PHARMAGUIDE (DZ),HEALTH_AND_FITNESS,4.1,131,3.4,5000,Free,0.0,Everyone,Health & Fitness,"April 1, 2016",1.06,1.6 and up,,,,,Unknown,,,,
لعبة تقدر تربح DZ,FAMILY,4.2,238,6.8,10000,Free,0.0,Everyone,Education,"November 18, 2016",6.0.0.0,4.1 and up,,,,,Unknown,,,,
chat dz,COMMUNICATION,5.0,8,29.0,100,Free,0.0,Teen,Communication,"March 14, 2018",1.0,4.1 and up,,,,,Unknown,,,,
Devise Dz,FINANCE,4.0,26,3.6,1000,Free,0.0,Everyone,Finance,"May 29, 2017",1.0.0,4.0 and up,,,,,Unknown,,,,
Ludo Dz,GAME,4.5,17,28.0,500,Free,0.0,Everyone,Board,"August 27, 2017",1.0,4.1 and up,,,,,Unknown,,,,
Agent HQ for The Division,FAMILY,4.1,1060,2.5,100000,Free,0.0,Everyone,Entertainment,"February 17, 2018",0.35,4.0.3 and up,,,,,Unknown,,,,
infirmiers,MEDICAL,4.7,125,23.0,10000,Free,0.0,Everyone,Medical,"June 7, 2018",12,4.0.3 and up,,,,,Unknown,,,,
DZ sim,TOOLS,4.4,417,15.0,10000,Free,0.0,Everyone,Tools,"April 26, 2018",3.0,4.2 and up,,,,,Unknown,,,,
Tuberculose Dz,MEDICAL,4.9,26,6.1,1000,Free,0.0,Everyone,Medical,"November 6, 2016",1.0.7,4.1 and up,,,,,Unknown,,,,
DZ Fly Algérie Horaire Vols,TRAVEL_AND_LOCAL,3.6,114,10.0,10000,Free,0.0,Everyone,Travel & Local,"October 31, 2016",2.0,4.0 and up,,,,,Unknown,,,,
3G to 4G Converter - Simulator,TOOLS,4.2,268,2.4,10000,Free,0.0,Everyone,Tools,"February 21, 2018",3.0.0,4.1 and up,,,,,Unknown,,,,
ChangeDA - Cours du DZD sur le marché parallèle,FINANCE,4.4,188,3.3,10000,Free,0.0,Everyone,Finance,"July 28, 2018",2.5,4.2 and up,,,,,Unknown,,,,
Tunisian Dinar: Exchange rate,FINANCE,4.5,625,3.8,10000,Free,0.0,Everyone,Finance,"March 30, 2018",2.10,4.0 and up,,,,,Unknown,,,,
love sms good morning,COMMUNICATION,4.2,10,3.1,5000,Free,0.0,Everyone,Communication,"April 28, 2016",1.0,2.3 and up,,,,,Unknown,,,,
DZ Blagues,FAMILY,4.2,580,2.1,10000,Free,0.0,Everyone,Entertainment,"December 19, 2012",1.3,2.1 and up,,,,,Unknown,,,,
EA SPORTS UFC®,SPORTS,4.5,2371338,37.0,50000000,Free,0.0,Teen,Sports,"July 24, 2017",1.9.3097721,2.3.3 and up,,,,,Unknown,,,,
NBA LIVE Mobile Basketball,SPORTS,4.4,1690802,58.0,50000000,Free,0.0,Everyone,Sports,"May 21, 2018",2.3.1,4.0 and up,,,,,Unknown,,,,
Need for Speed™ No Limits,GAME,4.4,3344300,22.0,50000000,Free,0.0,Everyone 10+,Racing,"July 24, 2018",2.12.1,4.1 and up,,,,,Unknown,,,,
EA SPORTS™ FIFA 18 Companion,SPORTS,3.9,282727,63.0,10000000,Free,0.0,Everyone,Sports,"December 7, 2017",18.0.5.172734,4.4 and up,,,,,Unknown,,,,
The Simpsons™: Tapped Out,FAMILY,4.3,636995,49.0,10000000,Free,0.0,Teen,Casual,"July 31, 2018",4.34.0,4.0.3 and up,,,,,Unknown,,,,
Plants vs. Zombies™ 2,FAMILY,4.4,567632,15.0,10000000,Free,0.0,Everyone 10+,Casual,"June 12, 2018",6.8.1,4.1 and up,,,,,Unknown,,,,
Star Wars™: Galaxy of Heroes,FAMILY,4.5,1461698,67.0,10000000,Free,0.0,Everyone 10+,Role Playing,"May 21, 2018",0.12.334385,4.1 and up,,,,,Unknown,,,,
Dungeon Keeper,FAMILY,4.0,69574,45.0,500000,Free,0.0,Everyone 10+,Strategy,"May 24, 2018",1.8.91,4.1 and up,,,,,Unknown,,,,
Lost Journey (Dreamsky),GAME,4.5,32344,29.0,1000000,Paid,0.99,Everyone,Adventure,"October 21, 2016",1.3.12,3.0 and up,,,,,Unknown,,,,
TETRIS,FAMILY,4.0,199808,57.0,10000000,Free,0.0,Everyone,Puzzle,"June 14, 2018",3.0.10,3.0 and up,,,,,Unknown,,,,
NBA JAM by EA SPORTS™,FAMILY,4.3,56444,43.0,500000,Paid,4.99,Everyone,Sports;Action & Adventure,"February 8, 2017",04.00.40,2.3 and up,,,,,Unknown,,,,
EA Plus,TRAVEL_AND_LOCAL,2.5,12,12.0,1000,Free,0.0,Everyone,Travel & Local,"November 3, 2017",1.4,4.0.3 and up,,,,,Unknown,,,,
TETRIS Blitz,FAMILY,4.4,201631,96.0,5000000,Free,0.0,Everyone,Puzzle,"June 1, 2018",4.4.4,4.1 and up,,,,,Unknown,,,,
POGO Games,FAMILY,3.8,32600,26.0,1000000,Free,0.0,Everyone,Casual,"February 22, 2017",1.4.10,4.1 and up,,,,,Unknown,,,,
SW Battlefront Companion,FAMILY,4.4,93870,79.0,1000000,Free,0.0,Everyone,Strategy,"February 3, 2016",1.0.6,4.0 and up,,,,,Unknown,,,,
Bejeweled Blitz,FAMILY,4.2,222664,98.0,10000000,Free,0.0,Everyone,Puzzle,"August 1, 2018",2.6.0.125,4.0.3 and up,,,,,Unknown,,,,
Peggle Blast,GAME,4.1,166251,19.0,5000000,Free,0.0,Everyone,Card,"December 11, 2017",2.16.0,4.0.3 and up,,,,,Unknown,,,,
Heroes of Dragon Age,GAME,4.2,70389,28.0,1000000,Free,0.0,Teen,Action,"May 9, 2018",5.3.1,2.3.3 and up,,,,,Unknown,,,,
SCRABBLE,GAME,3.9,172281,50.0,5000000,Free,0.0,Everyone,Word,"August 1, 2018",5.27.0.729,4.1 and up,,,,,Unknown,,,,
Asphalt Xtreme: Rally Racing,GAME,4.5,567984,39.0,10000000,Free,0.0,Everyone,Racing,"July 16, 2018",1.7.3b,4.0.3 and up,,,,,Unknown,,,,
FIFA 16 Soccer,SPORTS,4.1,820577,30.0,10000000,Free,0.0,Everyone,Sports,"January 25, 2017",3.3.118003,4.4 and up,,,,,Unknown,,,,
League of Stickman 2018- Ninja Arena PVP(Dreamsky),GAME,4.4,32496,99.0,1000000,Paid,0.99,Teen,Action,"July 3, 2018",5.3.3,2.3 and up,,,,,Unknown,,,,
Modern Combat 5: eSports FPS,GAME,4.3,2903386,58.0,100000000,Free,0.0,Mature 17+,Action,"July 24, 2018",3.2.1c,4.0 and up,,,,,Unknown,,,,
Mass Effect: Andromeda APEX HQ,GAME,3.4,4490,92.0,100000,Free,0.0,Everyone 10+,Action,"September 21, 2017",1.18.1,4.1 and up,,,,,Unknown,,,,
Mirror’s Edge™ Companion,GAME,3.4,1995,43.0,100000,Free,0.0,Everyone,Action,"June 28, 2016",1.2.2,4.4 and up,,,,,Unknown,,,,
Stickman Legends: Shadow Wars,GAME,4.4,38419,100.0,1000000,Paid,0.99,Everyone 10+,Action,"August 3, 2018",2.3.24,4.1 and up,,,,,Unknown,,,,
MLB Perfect Inning 2018,SPORTS,4.2,42767,72.0,1000000,Free,0.0,Everyone,Sports,"July 26, 2018",2.0.5,4.3 and up,,,,,Unknown,,,,
Gear.Club - True Racing,GAME,4.4,140658,37.0,1000000,Free,0.0,Everyone,Racing,"August 1, 2018",1.21.2,4.3 and up,,,,,Unknown,,,,
Plants vs. Zombies™ Watch Face,FAMILY,3.5,33178,3.1,1000000,Free,0.0,Everyone,Casual,"February 2, 2015",1.0.5,4.3 and up,,,,,Unknown,,,,
Real Football,SPORTS,4.1,585564,33.0,10000000,Free,0.0,Everyone,Sports,"June 1, 2018",1.5.0,4.0.3 and up,,,,,Unknown,,,,
Typical EA Game,FAMILY,4.6,33,3.3,100,Free,0.0,Everyone,Casual,"November 18, 2017",1.0,4.0 and up,,,,,Unknown,,,,
EB Mobile,FAMILY,1.7,1172,5.6,10000,Free,0.0,Everyone,Education,"October 9, 2017",1.1.2,4.1 and up,,,,,Unknown,,,,
EB Events,TRAVEL_AND_LOCAL,3.3,97,16.0,10000,Free,0.0,Everyone,Travel & Local,"January 27, 2016",1.6,4.0 and up,,,,,Unknown,,,,
i am EB,PHOTOGRAPHY,5.0,1,5.4,10,Free,0.0,Teen,Photography,"February 1, 2017",1.0,4.1 and up,,,,,Unknown,,,,
EB-Link,BUSINESS,4.8,6,11.0,100,Free,0.0,Everyone,Business,"June 7, 2018",1.2.7,4.2 and up,,,,,Unknown,,,,
Exchange Bank - EB Mobile,FINANCE,4.6,8,31.0,1000,Free,0.0,Everyone,Finance,"May 2, 2018",18.1.79,5.0 and up,,,,,Unknown,,,,
TANGEDCO Mobile App (Official),BUSINESS,3.3,2915,3.3,500000,Free,0.0,Everyone,Business,"November 3, 2017",1.0.2,4.4 and up,,,,,Unknown,,,,
Free E B Garamond Cool Font,PERSONALIZATION,4.2,410,6.1,100000,Free,0.0,Everyone,Personalization,"April 20, 2018",33.0,4.0.3 and up,,,,,Unknown,,,,
Epson iProjection,PRODUCTIVITY,3.5,3930,18.0,1000000,Free,0.0,Everyone,Productivity,"March 22, 2018",3.0.0,4.0 and up,,,,,Unknown,,,,
TN e Sevai TN EB Bill Patta Citta EC Birth All Hub,SOCIAL,3.7,23,16.0,5000,Free,0.0,Everyone,Social,"April 26, 2018",1.0,4.1 and up,,,,,Unknown,,,,
EB Scanner,PRODUCTIVITY,5.0,9,25.0,50,Free,0.0,Everyone,Productivity,"February 11, 2018",1.7.8,4.0.3 and up,,,,,Unknown,,,,
Mental Hospital:EB 2 Lite,GAME,4.1,5341,8.8,100000,Free,0.0,Teen,Action,"April 30, 2014",1.0,4.0 and up,,,,,Unknown,,,,
EB Annual Meetings,BOOKS_AND_REFERENCE,3.5,11,15.0,1000,Free,0.0,Everyone,Books & Reference,"April 13, 2018",9.4.7.6,4.0 and up,,,,,Unknown,,,,
UP EB Bill Payment & Details,SOCIAL,5.0,3,2.4,50,Free,0.0,Teen,Social,"July 11, 2018",2.0,4.0 and up,,,,,Unknown,,,,
Tamilnadu EB Online Payment,FINANCE,3.7,155,3.9,100000,Free,0.0,Everyone,Finance,"July 30, 2018",1.0.0,4.0.3 and up,,,,,Unknown,,,,
Online Kerala EB Bill Pay,FINANCE,4.0,37,3.9,5000,Free,0.0,Everyone,Finance,"November 16, 2017",1.0.0,4.0.3 and up,,,,,Unknown,,,,
বাংলাflix,FAMILY,4.2,1111,7.3,100000,Free,0.0,Everyone,Entertainment,"June 5, 2018",3.6.1,4.1 and up,,,,,Unknown,,,,
TNEB Quick Pay Easy,FINANCE,4.5,28,1.4,10000,Free,0.0,Teen,Finance,"January 29, 2018",1,3.0 and up,,,,,Unknown,,,,
TNEB,BUSINESS,3.8,1777,0.948,100000,Free,0.0,Everyone,Business,"May 18, 2014",1.0,2.2 and up,,,,,Unknown,,,,
TNEB Bill Checker / TNEB Bill Status,FINANCE,2.5,2,5.0,1000,Free,0.0,Everyone,Finance,"March 3, 2018",2.0,4.0.3 and up,,,,,Unknown,,,,
Skin Disease,BEAUTY,4.0,1,2.2,100,Free,0.0,Everyone,Beauty,"August 30, 2017",1.0,2.2 and up,,,,,Unknown,,,,
Bihar Land Records - RoR and EB Quick Pay,TOOLS,4.0,8,2.2,1000,Free,0.0,Everyone,Tools,"August 7, 2018",1.0.1,5.0 and up,,,,,Unknown,,,,
TNEB Reading,TOOLS,4.1,28,2.5,10000,Free,0.0,Everyone,Tools,"October 19, 2017",1.3,4.1 and up,,,,,Unknown,,,,
RPG ブレイジング ソウルズ アクセレイト,FAMILY,3.4,159,3.1,1000,Paid,10.99,Teen,Role Playing,"April 26, 2018",2.12,2.3 and up,,,,,Unknown,,,,
Tamilnadu Electricity Info,TOOLS,3.6,216,0.811,10000,Free,0.0,Everyone,Tools,"November 9, 2014",2.0,1.0 and up,,,,,Unknown,,,,
Punjab Online - Land Records • EB Bill Pay • RC/DL,TOOLS,3.4,16,4.0,5000,Free,0.0,Everyone,Tools,"August 7, 2018",1.0,5.0 and up,,,,,Unknown,,,,
"energyly (TNEB,BESCOM,MH,DL..)",TOOLS,3.9,627,4.1,10000,Free,0.0,Everyone,Tools,"February 21, 2017",6.0,4.0 and up,,,,,Unknown,,,,
Paraglider Dashboard,SPORTS,4.6,549,2.8,50000,Free,0.0,Everyone,Sports,"March 3, 2018",2.1.4,4.0 and up,,,,,Unknown,,,,
Exército Brasileiro,PRODUCTIVITY,4.7,1730,16.0,100000,Free,0.0,Everyone,Productivity,"February 1, 2018",1.5,4.1 and up,,,,,Unknown,,,,
EB Cash Collections,BUSINESS,5.0,1,4.3,5,Free,0.0,Everyone,Business,"July 31, 2018",1.10,4.4 and up,,,,,Unknown,,,,
TN Electricity (TNEB),LIFESTYLE,3.9,73,3.8,10000,Free,0.0,Everyone,Lifestyle,"December 21, 2016",8.0,2.3 and up,,,,,Unknown,,,,
Electrician Calculator Pro,TOOLS,3.9,47,0.27,1000,Paid,14.99,Everyone,Tools,"June 3, 2014",3.1,1.6 and up,,,,,Unknown,,,,
"Call Blocker - Blacklist, SMS Blocker",COMMUNICATION,4.2,30350,3.7,1000000,Free,0.0,Everyone,Communication,"January 16, 2018",10.0.0,4.1 and up,,,,,Unknown,,,,
EC - AP & Telangana,BOOKS_AND_REFERENCE,3.5,10,3.0,5000,Free,0.0,Everyone,Books & Reference,"November 10, 2017",1.0,4.0.3 and up,,,,,Unknown,,,,
"TN Patta, Chitta, EC",TOOLS,4.1,633,3.8,100000,Free,0.0,Everyone,Tools,"October 21, 2016",6.7,2.3 and up,,,,,Unknown,,,,
TN Patta Chitta EC Info,TOOLS,4.2,1611,2.7,100000,Free,0.0,Everyone,Tools,"August 6, 2018",5.0,4.4 and up,,,,,Unknown,,,,
EC music dictionary,TOOLS,4.4,20,2.2,500,Paid,1.99,Everyone,Tools,"December 29, 2014",2.1,3.0 and up,,,,,Unknown,,,,
EC Security,LIFESTYLE,4.5,13,28.0,1000,Free,0.0,Everyone,Lifestyle,"May 9, 2017",1.17.0.0,2.3.3 and up,,,,,Unknown,,,,
TN Patta Citta & EC,BOOKS_AND_REFERENCE,3.8,48,1.5,10000,Free,0.0,Everyone,Books & Reference,"March 27, 2018",1.0,3.0 and up,,,,,Unknown,,,,
EC - Encumbrance Search - telangana state,BUSINESS,3.4,45,5.5,10000,Free,0.0,Everyone,Business,"June 18, 2017",1.0,2.3 and up,,,,,Unknown,,,,
Encumbrance Certificate - (Obsolete),BUSINESS,3.9,184,0.048,50000,Free,0.0,Everyone,Business,"August 12, 2014",1.1,2.3 and up,,,,,Unknown,,,,
"My Handbook : EE, EC, EI, E&T, EEE, EECS",FAMILY,4.5,3776,7.7,100000,Free,0.0,Everyone,Education,"July 24, 2017",8.07.021,4.0 and up,,,,,Unknown,,,,
EC-HRV test,SPORTS,3.0,9,4.3,1000,Free,0.0,Everyone,Sports,"July 26, 2018",3.9.13,4.4 and up,,,,,Unknown,,,,
Barry EC,TOOLS,4.1,14,3.8,1000,Free,0.0,Everyone,Tools,"December 18, 2017",1.278.0037,2.3.3 and up,,,,,Unknown,,,,
New Holland Agriculture T5 EC,PRODUCTIVITY,4.6,12,15.0,1000,Free,0.0,Everyone,Productivity,"February 24, 2017",1.2,4.0.3 and up,,,,,Unknown,,,,
EC Taximeter,PRODUCTIVITY,3.9,162,5.0,10000,Free,0.0,Everyone,Productivity,"May 14, 2018",3.0.21,4.0 and up,,,,,Unknown,,,,
Walk Freely (Ec Shlire),TOOLS,4.7,62,2.3,1000,Free,0.0,Everyone,Tools,"November 13, 2017",1.1.3,4.1 and up,,,,,Unknown,,,,
EC Apps List,TOOLS,4.5,2,1.6,100,Free,0.0,Everyone,Tools,"February 12, 2015",1.3,4.0 and up,,,,,Unknown,,,,
AP Stamps and Registration,BOOKS_AND_REFERENCE,3.4,82,2.7,10000,Free,0.0,Everyone,Books & Reference,"March 27, 2018",2.0,3.0 and up,,,,,Unknown,,,,
EC Calgary,FAMILY,5.0,6,8.1,100,Free,0.0,Teen,Education,"June 26, 2018",3.8.0,4.1 and up,,,,,Unknown,,,,
Victoria EC,TOOLS,5.0,5,3.8,500,Free,0.0,Everyone,Tools,"March 30, 2018",1.283.0037,2.3.3 and up,,,,,Unknown,,,,
EC SPORTS,SPORTS,5.0,1,6.3,10,Free,0.0,Everyone,Sports,"May 26, 2015",4.1.1,2.3.3 and up,,,,,Unknown,,,,
ECナビ×シュフー,LIFESTYLE,4.0,576,7.4,50000,Free,0.0,Everyone,Lifestyle,"June 7, 2018",1.0.2,4.0 and up,,,,,Unknown,,,,
EC Reps,BUSINESS,4.0,1,5.4,100,Free,0.0,Everyone,Business,"March 15, 2017",1.10,4.0 and up,,,,,Unknown,,,,
EC Tax,FINANCE,4.9,8,3.1,500,Free,0.0,Everyone,Finance,"February 9, 2018",1.2,4.0.3 and up,,,,,Unknown,,,,
EC Fairgrounds,FAMILY,5.0,3,5.5,500,Free,0.0,Everyone,Entertainment,"July 13, 2018",erie1.3.23.42-release,4.4 and up,,,,,Unknown,,,,
Kiamichi EC,TOOLS,4.6,7,3.9,1000,Free,0.0,Everyone,Tools,"February 23, 2018",1.283.0037,2.3.3 and up,,,,,Unknown,,,,
TN Patta /Chitta /EC New,SOCIAL,4.8,5,3.0,100,Free,0.0,Teen,Social,"July 20, 2018",1.0,4.0 and up,,,,,Unknown,,,,
HOLSTON EC,TOOLS,4.1,7,4.2,1000,Free,0.0,Everyone,Tools,"January 23, 2018",1.278.0037,2.3.3 and up,,,,,Unknown,,,,
FILL EC,BUSINESS,4.1,13,3.8,100,Free,0.0,Everyone,Business,"April 23, 2018",1.0,4.0.3 and up,,,,,Unknown,,,,
GATE Syllabus for EC 2018 & Notifications,FAMILY,4.7,23,4.3,1000,Free,0.0,Everyone,Education,"August 28, 2017",1.3,4.4 and up,,,,,Unknown,,,,
EC Mover,GAME,5.0,5,4.6,10,Free,0.0,Everyone,Racing,"August 1, 2018",1.11,4.0.3 and up,,,,,Unknown,,,,
SCS eC,PRODUCTIVITY,4.4,7,17.0,100,Free,0.0,Everyone,Productivity,"October 21, 2016",1.0.1,4.1 and up,,,,,Unknown,,,,
My EF,FAMILY,3.3,4114,14.0,100000,Free,0.0,Everyone,Education,"July 10, 2018",3.29,4.2 and up,,,,,Unknown,,,,
EF Mentor: Words,FAMILY,4.0,403,39.0,50000,Free,0.0,Teen,Education,"July 30, 2018",1.7.0.00115,4.1 and up,,,,,Unknown,,,,
EF Smart English for Phone,FAMILY,3.5,208,13.0,10000,Free,0.0,Everyone,Education,"June 29, 2018",1.2.1,4.4 and up,,,,,Unknown,,,,
My EF Center,FAMILY,2.8,89,35.0,10000,Free,0.0,Everyone,Education,"July 23, 2018",1.10.0,4.4 and up,,,,,Unknown,,,,
EF English Live Business,FAMILY,3.6,496,14.0,100000,Free,0.0,Everyone,Education,"May 4, 2018",2.0.1,4.4 and up,,,,,Unknown,,,,
EF Classroom,FAMILY,3.2,190,23.0,50000,Free,0.0,Everyone,Education,"July 23, 2018",3.0.0.2927,5.0 and up,,,,,Unknown,,,,
EF English Live for phone,FAMILY,3.6,2210,15.0,100000,Free,0.0,Everyone,Education,"July 24, 2018",3.1.0,5.0 and up,,,,,Unknown,,,,
EF Smart English,FAMILY,3.7,150,11.0,5000,Free,0.0,Everyone,Education,"June 11, 2018",1.6.0,4.4 and up,,,,,Unknown,,,,
EF English Live Business Tablet,FAMILY,3.3,279,14.0,10000,Free,0.0,Everyone,Education,"December 25, 2017",1.6.6,4.4 and up,,,,,Unknown,,,,
EF English Live for tablets,FAMILY,3.1,1242,14.0,50000,Free,0.0,Everyone,Education,"April 24, 2018",1.7.0,4.4 and up,,,,,Unknown,,,,
EF Parеnts,FAMILY,4.1,435,17.0,50000,Free,0.0,Everyone,Education,"June 21, 2018",3.1.0,4.1 and up,,,,,Unknown,,,,
EF Teacher,FAMILY,3.1,16,17.0,1000,Free,0.0,Everyone,Education,"April 19, 2018",1.6,4.1 and up,,,,,Unknown,,,,
English Bite,FAMILY,3.5,268,9.8,10000,Free,0.0,Everyone,Education,"January 25, 2016",1.3.0,4.0 and up,,,,,Unknown,,,,
EF/VR – VR Tours of EF Schools,FAMILY,3.6,17,15.0,1000,Free,0.0,Teen,Education,"September 15, 2015",1.0.05,4.0 and up,,,,,Unknown,,,,
EF Events,EVENTS,5.0,7,4.4,100,Free,0.0,Teen,Events,"October 5, 2017",Varies with device,Varies with device,,,,,Unknown,,,,
EF Go Ahead Tour Companion,TRAVEL_AND_LOCAL,2.3,23,43.0,1000,Free,0.0,Everyone,Travel & Local,"June 18, 2018",3.0.7,4.4 and up,,,,,Unknown,,,,
EF-myHR,FINANCE,2.9,26,36.0,1000,Free,0.0,Everyone,Finance,"February 21, 2018",1.0.38,4.0 and up,,,,,Unknown,,,,
EF Spelling Bee,FAMILY,3.0,2,9.4,500,Free,0.0,Everyone,Education;Education,"October 12, 2017",1.2.2,4.3 and up,,,,,Unknown,,,,
Education First FCU Mobile,FINANCE,2.9,204,29.0,10000,Free,0.0,Everyone,Finance,"May 9, 2018",18.1.79,5.0 and up,,,,,Unknown,,,,
Travelmoji,FAMILY,3.9,13,10.0,500,Free,0.0,Everyone,Education,"June 24, 2016",2.0,4.3 and up,,,,,Unknown,,,,
EF Forms,BUSINESS,5.0,2,23.0,50,Free,0.0,Everyone,Business,"July 24, 2018",1.29,4.4 and up,,,,,Unknown,,,,
Agenda EF,FAMILY,3.4,79,33.0,5000,Free,0.0,Everyone,Education,"May 27, 2015",1.03,3.0 and up,,,,,Unknown,,,,
EF App,BUSINESS,5.0,8,20.0,100,Free,0.0,Everyone,Business,"January 23, 2017",1.0.5,4.4 and up,,,,,Unknown,,,,
EF Coach,HEALTH_AND_FITNESS,4.8,17,14.0,500,Free,0.0,Everyone,Health & Fitness,"March 12, 2018",1.1.1,4.4 and up,,,,,Unknown,,,,
EF Universe: Endless Battle,FAMILY,4.2,5,54.0,50,Free,0.0,Teen,Role Playing,"July 31, 2018",4541.25.51,4.1 and up,,,,,Unknown,,,,
EF Academy,HEALTH_AND_FITNESS,5.0,4,15.0,50,Free,0.0,Everyone,Health & Fitness,"March 23, 2018",7.7.3,4.1 and up,,,,,Unknown,,,,
Financial Calculator Pro EF,FINANCE,4.3,634,2.0,50000,Free,0.0,Everyone,Finance,"October 4, 2013",2.1.0.9,2.1 and up,,,,,Unknown,,,,
Carrier Landings Pro,FAMILY,4.6,5969,31.0,10000,Paid,12.99,Everyone,Simulation,"June 29, 2018",4.2.4,4.1 and up,,,,,Unknown,,,,
EF Financial Control Free,FINANCE,4.4,58,3.7,10000,Free,0.0,Everyone,Finance,"May 6, 2018",1.9.0,4.0.3 and up,,,,,Unknown,,,,
أحداث وحقائق | خبر عاجل في اخبار العالم,NEWS_AND_MAGAZINES,4.8,311,14.0,5000,Free,0.0,Everyone 10+,News & Magazines,"July 15, 2018",2.9.19a,4.2 and up,,,,,Unknown,,,,
StudyLock - Education First,PARENTING,4.1,27,4.6,1000,Free,0.0,Everyone,Parenting,"October 12, 2017",1.13,4.1 and up,,,,,Unknown,,,,
English Conversation Courses,FAMILY,4.6,22165,6.8,1000000,Free,0.0,Everyone,Education,"June 28, 2018",4.1806.3,4.0 and up,,,,,Unknown,,,,
eG Monitor,PRODUCTIVITY,4.6,8,7.5,100,Free,0.0,Everyone,Productivity,"July 27, 2018",2.0.7,4.1 and up,,,,,Unknown,,,,
E.G. Chess Free,GAME,4.0,505,23.0,10000,Free,0.0,Everyone,Board,"December 6, 2014",1.0.28,2.3 and up,,,,,Unknown,,,,
"EG SIM CARD (EGSIMCARD, 이지심카드)",BUSINESS,2.9,322,1.5,50000,Free,0.0,Everyone,Business,"March 28, 2017",2.13,2.2 and up,,,,,Unknown,,,,
EG-Boost,BUSINESS,4.1,25,2.4,1000,Free,0.0,Everyone,Business,"November 27, 2017",7.0,2.3.3 and up,,,,,Unknown,,,,
Bee Mobile EG,FINANCE,4.2,883,6.5,100000,Free,0.0,Everyone,Finance,"May 5, 2018",3.1.9,4.0 and up,,,,,Unknown,,,,
E.G. Chess,GAME,4.3,56,23.0,1000,Paid,0.99,Everyone,Board,"December 6, 2014",1.0.28,2.3 and up,,,,,Unknown,,,,
EG SIM CARD (EGSIMCARD),TRAVEL_AND_LOCAL,4.4,105,5.0,10000,Free,0.0,Everyone,Travel & Local,"May 2, 2018",2.5,2.3 and up,,,,,Unknown,,,,
EG Retail,BUSINESS,2.4,29,16.0,500,Free,0.0,Everyone,Business,"July 5, 2018",2.2.1335,4.1 and up,,,,,Unknown,,,,
EG Movi,TOOLS,4.2,40,7.4,1000,Free,0.0,Everyone,Tools,"May 12, 2017",0.9.1,3.2 and up,,,,,Unknown,,,,
Energenie EG-PM1W Setup Wizard,TOOLS,3.1,17,0.523,1000,Free,0.0,Everyone,Tools,"October 10, 2014",1.8 (2014-10-10 11:10:51 +0400),2.2 and up,,,,,Unknown,,,,
EG Classroom Decimals™,FAMILY,3.0,2,18.0,50,Paid,2.99,Everyone,Education;Education,"June 12, 2017",2.2.2,2.2 and up,,,,,Unknown,,,,
EGW Writings 2,BOOKS_AND_REFERENCE,4.7,6547,16.0,100000,Free,0.0,Everyone,Books & Reference,"December 8, 2017",4.0.3,4.0.3 and up,,,,,Unknown,,,,
Alipay,FINANCE,3.4,42497,61.0,1000000,Free,0.0,Teen,Finance,"July 2, 2018",10.1.28.560,4.3 and up,,,,,Unknown,,,,
EGW Writings,BOOKS_AND_REFERENCE,4.7,24278,3.1,1000000,Free,0.0,Everyone,Books & Reference,"December 27, 2017",2.1.2,2.2 and up,,,,,Unknown,,,,
Bible with EGW Comments,BOOKS_AND_REFERENCE,4.7,3776,12.0,100000,Free,0.0,Everyone,Books & Reference,"February 7, 2018",2.12.0,4.1 and up,,,,,Unknown,,,,
Eg Call,COMMUNICATION,4.2,91,6.0,10000,Free,0.0,Everyone,Communication,"February 26, 2017",3.8.6,2.2 and up,,,,,Unknown,,,,
EG India,LIFESTYLE,5.0,3,4.0,100,Free,0.0,Everyone,Lifestyle,"July 29, 2018",1.1.3,4.0.3 and up,,,,,Unknown,,,,
Fashion Pony Girls Dress Up Makeup Game,FAMILY,4.5,256,30.0,10000,Free,0.0,Everyone,Simulation,"July 13, 2018",1.7,4.0 and up,,,,,Unknown,,,,
My Little Pony AR Guide,BOOKS_AND_REFERENCE,3.3,7993,51.0,1000000,Free,0.0,Everyone,Books & Reference,"November 3, 2017",1.0.6,4.0 and up,,,,,Unknown,,,,
L.A. Crime Stories 2 Mad City Crime,GAME,4.2,3946,42.0,100000,Free,0.0,Teen,Racing,"March 30, 2017",1.04,2.3 and up,,,,,Unknown,,,,
LA Stories 4 New Order Sandbox 2018,GAME,4.2,17453,99.0,1000000,Free,0.0,Mature 17+,Racing,"June 1, 2018",1.06,2.3 and up,,,,,Unknown,,,,
SDA Sabbath School Quarterly,BOOKS_AND_REFERENCE,4.7,14773,6.4,500000,Free,0.0,Everyone,Books & Reference,"October 9, 2017",4.1.92,3.0 and up,,,,,Unknown,,,,
Sirens Fashion Style Game,FAMILY,4.3,2282,22.0,500000,Free,0.0,Everyone,Simulation,"February 20, 2018",1.0,4.0 and up,,,,,Unknown,,,,
Equestria Amino for MLP,SOCIAL,4.8,8369,63.0,50000,Free,0.0,Teen,Social,"July 13, 2018",1.8.19106,4.0.3 and up,,,,,Unknown,,,,
Propertyfinder,LIFESTYLE,4.2,1506,11.0,100000,Free,0.0,Everyone,Lifestyle,"August 7, 2018",6.5.2,4.4 and up,,,,,Unknown,,,,
L.A. Crime Stories Mad City Crime,GAME,4.0,30008,99.0,1000000,Free,0.0,Mature 17+,Racing,"March 30, 2017",1.26,2.3 and up,,,,,Unknown,,,,
My Little Pony: Story Creator,FAMILY,4.2,11002,21.0,1000000,Free,0.0,Everyone,Education;Action & Adventure,"May 11, 2017",1.0,4.0.3 and up,,,,,Unknown,,,,
Pocket Little Pony,FAMILY,4.1,47576,14.0,1000000,Free,0.0,Everyone 10+,Simulation,"March 1, 2017",1.95,4.0 and up,,,,,Unknown,,,,
Dance Magic Fashion Style Games,FAMILY,4.6,2533,46.0,100000,Free,0.0,Everyone,Simulation,"February 27, 2018",1.0,4.0 and up,,,,,Unknown,,,,
Inventory & Barcode scanner & WIFI scanner,PRODUCTIVITY,4.6,1880,18.0,50000,Paid,1.49,Everyone,Productivity,"July 1, 2018",6.08,4.3 and up,,,,,Unknown,,,,
MLP Colouring Adventures,FAMILY,3.8,7379,61.0,1000000,Free,0.0,Everyone,Entertainment,"March 28, 2017",1.0,4.4 and up,,,,,Unknown,,,,
Fashion Girls Dress up Makeup,FAMILY,4.4,115,31.0,10000,Free,0.0,Everyone,Simulation,"July 13, 2018",1.0,4.0 and up,,,,,Unknown,,,,
Home Pony 2,FAMILY,4.0,20977,26.0,1000000,Free,0.0,Everyone,Simulation,"June 18, 2018",1.4.5,4.0 and up,,,,,Unknown,,,,
Eh Volevi!,FAMILY,3.9,1619,7.0,100000,Free,0.0,Everyone,Entertainment,"October 7, 2017",1.2.1,4.0 and up,,,,,Unknown,,,,
VITEK EH DVR Viewer (Pro),TOOLS,3.5,78,3.3,10000,Free,0.0,Everyone,Tools,"October 11, 2013",1.2.10,2.2 and up,,,,,Unknown,,,,
Eh Bee Wallpapers HD,PERSONALIZATION,5.0,4,3.9,100,Free,0.0,Everyone,Personalization,"April 24, 2018",1.0,4.1 and up,,,,,Unknown,,,,
EH!,LIFESTYLE,4.6,10,8.7,1000,Free,0.0,Everyone,Lifestyle,"July 18, 2018",7.2.2,4.1 and up,,,,,Unknown,,,,
Arogyam EH,MEDICAL,3.6,18,3.5,1000,Free,0.0,Everyone,Medical,"May 12, 2018",1.9,4.0.3 and up,,,,,Unknown,,,,
Betul Ke Bohong Eh?,GAME,4.2,601,6.4,100000,Free,0.0,Everyone,Trivia,"April 3, 2015",1.0.1,2.3 and up,,,,,Unknown,,,,
Eh Amego!,GAME,3.8,13388,7.1,500000,Free,0.0,Everyone,Arcade,"August 24, 2015",2.0.5,2.2 and up,,,,,Unknown,,,,
EH kontrollrakendus,TOOLS,3.4,43,2.3,5000,Free,0.0,Everyone,Tools,"October 10, 2017",3.1.8,4.1 and up,,,,,Unknown,,,,
Fit the Fat 2,SPORTS,3.8,35746,55.0,5000000,Free,0.0,Everyone,Sports,"December 15, 2017",1.4.3,4.0.3 and up,,,,,Unknown,,,,
My Theme Park: RollerCoaster & Water Park Tycoon,FAMILY,4.2,128,41.0,10000,Free,0.0,Everyone 10+,Strategy,"June 12, 2018",1.50,4.2 and up,,,,,Unknown,,,,
Doomsday Preppers™,FAMILY,4.2,137167,52.0,1000000,Free,0.0,Everyone,Strategy,"January 17, 2017",130.48.08,4.0.3 and up,,,,,Unknown,,,,
TAXI DRIVER,FAMILY,3.7,7203,32.0,1000000,Free,0.0,Everyone,Simulation,"January 11, 2016",1.0,4.0 and up,,,,,Unknown,,,,
Crazy Doctor,FAMILY,4.0,267636,13.0,10000000,Free,0.0,Teen,Role Playing,"March 3, 2014",1.5,2.1 and up,,,,,Unknown,,,,
MazeMilitia Classic Multiplayer Shooting Game,GAME,4.4,1294,44.0,50000,Free,0.0,Mature 17+,Action,"March 8, 2018",1.2,4.1 and up,,,,,Unknown,,,,
Endress+Hauser Operations,BUSINESS,4.5,234,3.4,10000,Free,0.0,Everyone,Business,"April 16, 2018",2.4.3.1523,4.0 and up,,,,,Unknown,,,,
ZOMBIE RIPPER,GAME,3.7,16073,94.0,500000,Free,0.0,Mature 17+,Action,"November 14, 2017",1.4,4.0 and up,,,,,Unknown,,,,
Soldiers of Glory: Modern War,FAMILY,4.2,64815,23.0,5000000,Free,0.0,Teen,Strategy,"June 1, 2018",1.7.5,2.3 and up,,,,,Unknown,,,,
Driving School 3D 2017,FAMILY,3.9,5075,48.0,500000,Free,0.0,Everyone,Simulation,"April 4, 2017",2.1.5,3.0 and up,,,,,Unknown,,,,
Horror Hospital,GAME,3.7,63986,26.0,1000000,Free,0.0,Teen,Action,"October 10, 2017",6.0,2.3 and up,,,,,Unknown,,,,
Ludo Family Dice Game,FAMILY,4.2,3593,19.0,500000,Free,0.0,Everyone,Board;Brain Games,"March 7, 2018",1.4,4.1 and up,,,,,Unknown,,,,
Mad Skills Motocross,GAME,4.0,32522,44.0,1000000,Free,0.0,Everyone,Racing,"January 25, 2016",1.2.0,2.0 and up,,,,,Unknown,,,,
Masterchef Cooking Games: Fun Restaurant & Kitchen,FAMILY,3.9,1036,33.0,100000,Free,0.0,Everyone,Casual,"July 6, 2018",2.6,2.3 and up,,,,,Unknown,,,,
US Army Training Courses Game,FAMILY,4.1,27130,35.0,5000000,Free,0.0,Everyone,Simulation,"December 8, 2017",1.4,2.3 and up,,,,,Unknown,,,,
Pineapple Pen,GAME,4.3,157264,65.0,10000000,Free,0.0,Everyone,Arcade,"December 30, 2016",1.31,4.0.3 and up,,,,,Unknown,,,,
Instant Buttons: The Best Soundboard,FAMILY,4.5,157322,9.2,5000000,Free,0.0,Teen,Entertainment,"January 5, 2018",1.0.15,4.1 and up,,,,,Unknown,,,,
Guess The Emoji,GAME,4.5,76627,23.0,5000000,Free,0.0,Everyone,Word,"July 3, 2018",8.16g,4.2 and up,,,,,Unknown,,,,
Camping RV Caravan Parking 3D,GAME,3.3,5290,48.0,500000,Free,0.0,Everyone,Racing,"December 18, 2014",1.3,2.3 and up,,,,,Unknown,,,,
Grand Bat Superhero Flying Assault Rescue Mission,GAME,4.4,1094,37.0,500000,Free,0.0,Teen,Action,"July 9, 2018",1.1,4.1 and up,,,,,Unknown,,,,
Zombie Frontier,GAME,4.2,326689,20.0,10000000,Free,0.0,Teen,Action,"May 30, 2018",1.31,4.2 and up,,,,,Unknown,,,,
eHub,BUSINESS,4.2,6969,4.8,100000,Free,0.0,Everyone,Business,"June 29, 2018",3.9.11,4.4 and up,,,,,Unknown,,,,
Voice Changer,FAMILY,4.1,138050,5.7,10000000,Free,0.0,Everyone,Entertainment;Music & Video,"April 19, 2018",2.4,4.0.3 and up,,,,,Unknown,,,,
Heart Surgery Emergency Doctor,FAMILY,4.1,2248,29.0,100000,Free,0.0,Teen,Educational,"April 28, 2017",1.3,4.0 and up,,,,,Unknown,,,,
RUN JUMP RUN-fun games for free,GAME,4.4,661,42.0,100000,Free,0.0,Everyone,Action,"April 20, 2018",1.5.2,3.0 and up,,,,,Unknown,,,,
100 Doors of Revenge,FAMILY,4.1,105766,48.0,10000000,Free,0.0,Teen,Puzzle,"May 24, 2018",2.2.2,4.4 and up,,,,,Unknown,,,,
Lie Detector Prank,FAMILY,3.9,80313,3.7,10000000,Free,0.0,Everyone,Casual,"November 22, 2017",1.7,2.3 and up,,,,,Unknown,,,,
Virtual Mother Surgery Doctor : Emergency Hospital,FAMILY,3.9,70,61.0,10000,Free,0.0,Teen,Educational,"May 30, 2018",1.1,4.0 and up,,,,,Unknown,,,,
Princess Palace: Royal Pony,FAMILY,4.4,11442,66.0,1000000,Free,0.0,Everyone,Educational;Creativity,"June 30, 2016",1.4,2.3 and up,,,,,Unknown,,,,
EI Mobile,FINANCE,3.8,4231,82.0,100000,Free,0.0,Everyone,Finance,"July 19, 2018",4.3.0,4.2 and up,,,,,Unknown,,,,
TAMAGO,FAMILY,3.0,42515,1.6,5000000,Free,0.0,Everyone,Casual,"May 23, 2018",1.0.3,2.3.3 and up,,,,,Unknown,,,,
Ei Electronics AudioLINK,TOOLS,3.4,59,1.8,10000,Free,0.0,Everyone,Tools,"October 19, 2017",2.3.1,4.0 and up,,,,,Unknown,,,,
NEMA ei,BUSINESS,5.0,4,12.0,100,Free,0.0,Everyone,Business,"November 6, 2017",1.0.4,4.4 and up,,,,,Unknown,,,,
the Egg - crack the egg,FAMILY,4.1,211,14.0,10000,Free,0.0,Everyone,Casual,"November 21, 2016",1.1.0,2.3 and up,,,,,Unknown,,,,
EI SmartMiles,FINANCE,2.4,9,3.8,1000,Free,0.0,Everyone,Finance,"January 21, 2018",1.0.0,4.0 and up,,,,,Unknown,,,,
Code on the egg,TOOLS,3.9,146,0.784,10000,Free,0.0,Everyone,Tools,"April 10, 2017",1.15,2.2 and up,,,,,Unknown,,,,
EI Calculator,TOOLS,4.0,8,1.5,100,Free,0.0,Everyone,Tools,"May 23, 2016",1.3,1.6 and up,,,,,Unknown,,,,
Tamago egg,GAME,3.0,49,7.1,5000,Free,0.0,Everyone,Trivia,"October 31, 2017",1.0.1,2.3.3 and up,,,,,Unknown,,,,
Esporte Interativo - Notícias e Resultados Ao Vivo,SPORTS,4.4,4600,21.0,500000,Free,0.0,Everyone,Sports,"January 14, 2018",6.2.6,4.1 and up,,,,,Unknown,,,,
Let's Poke The Egg,GAME,3.4,9051,23.0,1000000,Free,0.0,Everyone,Arcade,"February 4, 2017",1.2,2.3 and up,,,,,Unknown,,,,
Egg,FAMILY,2.9,72,27.0,5000,Free,0.0,Mature 17+,Simulation,"June 9, 2018",1.2.2,2.3 and up,,,,,Unknown,,,,
ei Calc,TOOLS,5.0,2,19.0,10,Free,0.0,Everyone,Tools,"October 12, 2015",1.2.2,2.3 and up,,,,,Unknown,,,,
Disaster Will Strike,FAMILY,4.5,14692,45.0,1000000,Free,0.0,Everyone,Puzzle,"July 19, 2018",1.173.126,4.1 and up,,,,,Unknown,,,,
Egg: clicker,FAMILY,3.7,40678,15.0,1000000,Free,0.0,Everyone,Casual,"May 22, 2017",2.1.3,4.0 and up,,,,,Unknown,,,,
Survival: Prison Escape,GAME,4.0,127810,33.0,10000000,Free,0.0,Mature 17+,Action,"August 1, 2018",1.8.8,4.4 and up,,,,,Unknown,,,,
Crack the blue angry birds egg,FAMILY,3.2,85,2.1,10000,Free,0.0,Everyone,Puzzle,"April 22, 2016",1.0.0,2.1 and up,,,,,Unknown,,,,
Tamago Tap Clicker Egg,FAMILY,3.6,209,16.0,50000,Free,0.0,Everyone,Casual,"October 19, 2016",1.1,2.3 and up,,,,,Unknown,,,,
Tap The Easter Egg!,FAMILY,3.2,111,3.3,5000,Free,0.0,Everyone,Casual,"March 18, 2016",1.7,2.3 and up,,,,,Unknown,,,,
Esporte Interativo Plus,SPORTS,3.7,27179,20.0,1000000,Free,0.0,Everyone,Sports,"July 30, 2018",5.12.1,4.1 and up,,,,,Unknown,,,,
EI国际,FAMILY,4.7,15,5.2,1000,Free,0.0,Everyone,Education,"September 9, 2016",1.0.4,4.0 and up,,,,,Unknown,,,,
Egg Baby,FAMILY,4.4,351607,8.7,5000000,Free,0.0,Everyone 10+,Casual,"June 29, 2016",1.26.03,2.3.3 and up,,,,,Unknown,,,,
Crack Attack,FAMILY,4.3,31970,77.0,1000000,Free,0.0,Everyone,Puzzle,"June 7, 2017",1.8,Varies with device,,,,,Unknown,,,,
Aaj Bangla: ei samay er khobor,NEWS_AND_MAGAZINES,4.9,34,3.8,1000,Free,0.0,Everyone,News & Magazines,"January 15, 2017",6.7,2.3 and up,,,,,Unknown,,,,
Break the Egg,FAMILY,2.6,366,6.0,50000,Free,0.0,Everyone,Entertainment,"January 5, 2018",1.0,4.0 and up,,,,,Unknown,,,,
"Kolkata News:Anandbazar Patrika,ei samay&AllRating",NEWS_AND_MAGAZINES,5.0,10,5.0,100,Free,0.0,Everyone,News & Magazines,"July 14, 2018",1.0,4.0.3 and up,,,,,Unknown,,,,
PJ Masks: HQ,FAMILY,4.1,13731,55.0,1000000,Free,0.0,Everyone,Entertainment;Action & Adventure,"June 22, 2018",1.2.1,4.0 and up,,,,,Unknown,,,,
Ei Somoy & Dainik Sangbad & Statesman (PDF),NEWS_AND_MAGAZINES,4.0,4,5.3,100,Free,0.0,Everyone,News & Magazines,"July 25, 2018",25072018,4.0 and up,,,,,Unknown,,,,
TAMAGO Monsters Returns,GAME,4.1,104583,37.0,1000000,Free,0.0,Everyone,Arcade,"August 18, 2016",3.45,2.3 and up,,,,,Unknown,,,,
EJ Elite Prospects League,SPORTS,3.3,3,12.0,1000,Free,0.0,Everyone,Sports,"February 23, 2018",5.5.4,4.1 and up,,,,,Unknown,,,,
Super Sport Car Simulator,FAMILY,4.2,58553,50.0,1000000,Free,0.0,Everyone,Simulation,"December 25, 2016",3.1,2.3.3 and up,,,,,Unknown,,,,
EJ Insight,NEWS_AND_MAGAZINES,4.0,33,0.28,1000,Free,0.0,Everyone,News & Magazines,"September 30, 2014",1.0,4.0 and up,,,,,Unknown,,,,
Ambulance Rescue Simulator 17,FAMILY,4.3,6669,31.0,1000000,Free,0.0,Everyone,Simulation,"March 1, 2018",1.0.8,2.3 and up,,,,,Unknown,,,,
Bad Piggies HD,FAMILY,4.4,764967,69.0,10000000,Free,0.0,Everyone,Puzzle,"July 5, 2018",2.3.4,4.1 and up,,,,,Unknown,,,,
EJ messenger,COMMUNICATION,5.0,1,25.0,10,Free,0.0,Teen,Communication,"October 18, 2017",1.0,4.0 and up,,,,,Unknown,,,,
Traffic Sniper Counter Attack,GAME,4.3,5339,38.0,1000000,Free,0.0,Teen,Action,"December 5, 2017",1.0,2.3 and up,,,,,Unknown,,,,
Rope Superhero Unlimited,GAME,4.4,6735,26.0,1000000,Free,0.0,Mature 17+,Action,"May 10, 2017",1.1,2.3 and up,,,,,Unknown,,,,
Extreme Super Car Driving 3D,GAME,3.9,23104,48.0,1000000,Free,0.0,Everyone,Racing,"August 5, 2015",2.2,2.3.3 and up,,,,,Unknown,,,,
Sport Car Simulator,FAMILY,4.0,48731,68.0,5000000,Free,0.0,Everyone,Simulation,"April 19, 2018",4.0.5,4.1 and up,,,,,Unknown,,,,
Fast Racing Car Simulator,GAME,3.8,8482,45.0,1000000,Free,0.0,Everyone,Racing,"August 10, 2015",1.3,2.3.3 and up,,,,,Unknown,,,,
Beach Head Shooting Assault,GAME,3.8,555,44.0,100000,Free,0.0,Teen,Action,"March 2, 2018",1.0,4.0 and up,,,,,Unknown,,,,
Stickman Warriors Heroes 2,GAME,4.4,13714,41.0,1000000,Free,0.0,Everyone 10+,Action,"April 15, 2017",1.0.4,4.0.3 and up,,,,,Unknown,,,,
Dead Target Zombie Shooting US Sniper Killer Squad,GAME,4.3,240,65.0,50000,Free,0.0,Teen,Action,"October 3, 2017",1.0.2,4.0 and up,,,,,Unknown,,,,
Learn Music Notes,FAMILY,4.7,143,4.4,1000,Paid,1.99,Everyone,Music;Music & Video,"June 17, 2018",1.2.1,2.2 and up,,,,,Unknown,,,,
Luxury Car Simulator,FAMILY,3.9,35989,46.0,1000000,Free,0.0,Everyone,Simulation,"August 7, 2015",2.3,2.3.3 and up,,,,,Unknown,,,,
Dubai Racing,GAME,4.2,16237,23.0,500000,Free,0.0,Everyone,Racing,"December 23, 2015",1.9.1,2.3 and up,,,,,Unknown,,,,
Office Bike Racing Simulator,FAMILY,3.8,21149,30.0,1000000,Free,0.0,Everyone,Simulation,"October 9, 2015",2.1,2.3 and up,,,,,Unknown,,,,
Pregnant Mom Surgery Newborn Twins Baby Birth Care,FAMILY,4.3,95,28.0,10000,Free,0.0,Teen,Educational,"February 24, 2018",1.0,4.1 and up,,,,,Unknown,,,,
Pet Beauty Salon,FAMILY,3.8,20292,47.0,1000000,Free,0.0,Everyone,Educational;Creativity,"May 24, 2015",1.2,2.3 and up,,,,,Unknown,,,,
Booking Revolution,SPORTS,4.2,140883,59.0,5000000,Free,0.0,Teen,Sports,"July 21, 2018",1.932,4.0 and up,,,,,Unknown,,,,
Nights Keeper (do not disturb),LIFESTYLE,4.5,16426,1.6,500000,Free,0.0,Everyone,Lifestyle,"February 26, 2017",2.7.8,2.2 and up,,,,,Unknown,,,,
Farming Simulator 16,FAMILY,4.2,32812,14.0,500000,Paid,2.99,Everyone,Simulation;Education,"April 10, 2018",1.1.1.6,4.0.3 and up,,,,,Unknown,,,,
Lily & Leo - Crazy Circus Day,FAMILY,3.6,8091,43.0,1000000,Free,0.0,Everyone,Casual;Pretend Play,"June 5, 2018",1.0.8,4.1 and up,,,,,Unknown,,,,
WIZARD Card Game,GAME,4.0,48,4.1,1000,Paid,1.99,Everyone,Card,"December 15, 2014",1.0.141215,2.1 and up,,,,,Unknown,,,,
Fake Call From Wengie Prank,FAMILY,3.5,352,3.8,50000,Free,0.0,Everyone,Entertainment,"July 23, 2017",1.0,3.0 and up,,,,,Unknown,,,,
Robot Fighting Games™ - Real Boxing Champions 3D,GAME,4.4,30,47.0,5000,Free,0.0,Everyone,Action,"July 2, 2018",1.1,4.1 and up,,,,,Unknown,,,,
Ghost Hunting camera,GAME,3.5,3048,24.0,500000,Free,0.0,Teen,Action,"March 6, 2017",1.1,2.3 and up,,,,,Unknown,,,,
Santa Panda Bubble Christmas,GAME,4.1,101,31.0,10000,Free,0.0,Everyone,Arcade,"March 14, 2017",1.5,4.0 and up,,,,,Unknown,,,,
TeamWard – live help for LoL,FAMILY,4.8,3136,2.7,100000,Free,0.0,Everyone,Entertainment,"June 27, 2018",2.19.6,4.0.3 and up,,,,,Unknown,,,,
3D Metal Piano Keys Keyboard Theme,FOOD_AND_DRINK,4.4,467,7.3,100000,Free,0.0,Everyone,Food & Drink,"July 1, 2018",6.7.1,4.0.3 and up,,,,,Unknown,,,,
OffRoad US Army Train Driving Simulator,FAMILY,4.3,1216,59.0,500000,Free,0.0,Everyone 10+,Simulation,"June 11, 2018",1.3,4.1 and up,,,,,Unknown,,,,
Do Not Disturb! 2 - Challenge Your Prank Skills!,FAMILY,4.0,34417,48.0,1000000,Free,0.0,Everyone,Educational,"August 6, 2018",1.0.9,4.1 and up,,,,,Unknown,,,,
WiFi Tether Router,COMMUNICATION,4.2,5599,1.3,100000,Paid,2.9,Everyone,Communication,"July 2, 2018",6.2.7,1.6 and up,,,,,Unknown,,,,
Local weather Forecast,WEATHER,4.4,5482,12.0,1000000,Free,0.0,Everyone,Weather,"August 7, 2018",2.42,4.0.3 and up,,,,,Unknown,,,,
Kiss Me! Lip Kissing Test,FAMILY,3.5,191,5.0,50000,Free,0.0,Everyone,Entertainment,"May 18, 2018",5.0,4.1 and up,,,,,Unknown,,,,
Smoke Effect Name Art Maker-Avatar Text Art Editor,PERSONALIZATION,4.3,1961,6.6,100000,Free,0.0,Everyone,Personalization,"June 29, 2018",1.0,4.1 and up,,,,,Unknown,,,,
ek tuhi,VIDEO_PLAYERS,4.7,316,2.8,10000,Free,0.0,Everyone,Video Players & Editors,"July 4, 2014",1.0,4.0 and up,,,,,Unknown,,,,
EK Platinum,LIFESTYLE,3.8,52,10.0,10000,Free,0.0,Everyone,Lifestyle,"December 26, 2017",1.0.6®,4.0 and up,,,,,Unknown,,,,
EK Bailey Preaching Conference,EVENTS,5.0,3,30.0,500,Free,0.0,Everyone,Events,"July 2, 2018",5.30.01,5.1 and up,,,,,Unknown,,,,
Ek Maratha,SOCIAL,4.8,725,3.7,10000,Free,0.0,Teen,Social,"October 12, 2016",7.5.3,2.2 and up,,,,,Unknown,,,,
Ek Onkar,FAMILY,4.9,107,18.0,10000,Free,0.0,Everyone,Entertainment,"April 3, 2016",1.3,4.0 and up,,,,,Unknown,,,,
Racing Moto,GAME,4.3,697805,7.4,50000000,Free,0.0,Everyone,Racing,"July 3, 2018",1.2.13,3.0 and up,,,,,Unknown,,,,
Pyaar Ek Dhoka,FAMILY,5.0,18,1.3,50,Free,0.0,Everyone,Casual,"February 13, 2018",1.0,4.3 and up,,,,,Unknown,,,,
Duaa Ek Ibaadat,BOOKS_AND_REFERENCE,4.9,122,26.0,5000,Free,0.0,Everyone,Books & Reference,"April 10, 2016",1.5,2.2 and up,,,,,Unknown,,,,
Ek Onkar Mantras,LIFESTYLE,4.9,82,5.0,5000,Free,0.0,Everyone,Lifestyle,"August 7, 2016",1.0,4.1 and up,,,,,Unknown,,,,
Alex Fuel Calculator for EK,TOOLS,4.9,19,3.3,500,Free,0.0,Everyone,Tools,"June 15, 2018",1.8,2.1 and up,,,,,Unknown,,,,
Ringtones Of Ek Onkar,FAMILY,4.5,6,3.9,1000,Free,0.0,Everyone,Entertainment,"May 31, 2017",1.0,4.0.3 and up,,,,,Unknown,,,,
Ek Kahani Aisi Bhi Season 2 - The Horror Story,FAMILY,4.5,28,5.6,1000,Free,0.0,Teen,Entertainment,"July 20, 2018",1.3,5.0 and up,,,,,Unknown,,,,
Ek Bander Ne Kholi Dukan,FAMILY,5.0,10,3.0,10000,Free,0.0,Everyone,Entertainment,"June 26, 2017",1.0.9,4.0 and up,,,,,Unknown,,,,
Hum Ek Hain 2.02,SOCIAL,5.0,2,1.8,10,Free,0.0,Teen,Social,"March 18, 2018",1.0,5.0 and up,,,,,Unknown,,,,
Ek Kahani Aisi Bhi Season 3 - The Horror Story,FAMILY,3.0,1,5.8,100,Free,0.0,Teen,Entertainment,"July 21, 2018",1.1,5.0 and up,,,,,Unknown,,,,
Sai Baba - Sabka Malik Ek,PRODUCTIVITY,4.9,42,38.0,1000,Free,0.0,Everyone,Productivity,"May 26, 2018",1.4,4.0 and up,,,,,Unknown,,,,
Ek Vote,PRODUCTIVITY,5.0,43,6.2,500,Free,0.0,Everyone,Productivity,"November 7, 2017",1.1,4.0.3 and up,,,,,Unknown,,,,
Asha Ek Hope - ALS/ MND,MEDICAL,5.0,2,11.0,100,Free,0.0,Everyone,Medical,"May 23, 2018",1.1.0,4.1 and up,,,,,Unknown,,,,
Airplane Pilot Car Transporter,FAMILY,4.1,182363,62.0,10000000,Free,0.0,Everyone,Simulation,"July 27, 2018",2.1.8,4.1 and up,,,,,Unknown,,,,
Ek Kauwa Pyasa Tha,FAMILY,4.1,35,3.1,50000,Free,0.0,Everyone,Entertainment,"June 25, 2017",1.3.6,4.0 and up,,,,,Unknown,,,,
Train Racing Games 3D 2 Player,GAME,4.3,192374,56.0,10000000,Free,0.0,Everyone,Racing,"January 9, 2018",Varies with device,5.0 and up,,,,,Unknown,,,,
Video Maker with Photo and Music,PHOTOGRAPHY,4.3,4871,30.0,1000000,Free,0.0,Everyone,Photography,"March 19, 2018",1.0.2,4.1 and up,,,,,Unknown,,,,
SIM Card Info,TOOLS,4.1,4234,1.9,1000000,Free,0.0,Everyone,Tools,"May 25, 2018",5.3.9,4.0 and up,,,,,Unknown,,,,
Toilet Ek Prem Katha Songs Lyrics in Hindi,FAMILY,4.7,3,2.0,1000,Free,0.0,Everyone,Entertainment,"August 10, 2017",1.0,4.1 and up,,,,,Unknown,,,,
Sanu Ek Pal Chain Song Videos - RAID Movie Songs,FAMILY,4.9,11,4.3,5000,Free,0.0,Everyone,Entertainment,"March 8, 2018",1.2.8,4.0.3 and up,,,,,Unknown,,,,
Ek Qissa He Quran Se (Qurani Waqiyat),FAMILY,5.0,4,2.0,100,Free,0.0,Everyone,Entertainment,"October 30, 2017",1.0,4.0 and up,,,,,Unknown,,,,
Lyrics of Ek Paheli Leela,FAMILY,5.0,4,2.3,500,Free,0.0,Everyone,Entertainment,"April 23, 2016",1.0,4.0 and up,,,,,Unknown,,,,
Exiled Kingdoms RPG,FAMILY,4.6,49210,99.0,1000000,Free,0.0,Everyone 10+,Role Playing,"July 5, 2018",1.2.1107,4.1 and up,,,,,Unknown,,,,
Sabka Malik Ek Sai,SOCIAL,4.2,17,5.1,1000,Free,0.0,Teen,Social,"May 25, 2013",1.3,2.2 and up,,,,,Unknown,,,,
Voice Lock Screen,LIFESTYLE,3.7,6667,2.7,1000000,Free,0.0,Everyone,Lifestyle,"April 2, 2018",2.4.2,4.0 and up,,,,,Unknown,,,,
Shabad Gurubani Punjabi mp3 free - Ek Onkar Satnam,FAMILY,5.0,5,64.0,100,Free,0.0,Everyone,Entertainment,"January 19, 2018",1.1,4.4 and up,,,,,Unknown,,,,
Bus Driver 3D: Hill Station,FAMILY,4.3,31705,49.0,5000000,Free,0.0,Everyone,Simulation,"November 6, 2017",1.7,4.1 and up,,,,,Unknown,,,,
Extreme Motorbike Jump 3D,FAMILY,4.0,94308,79.0,10000000,Free,0.0,Everyone,Simulation,"December 25, 2016",4.2,2.3.3 and up,,,,,Unknown,,,,
el,FAMILY,4.3,32405,47.0,1000000,Free,0.0,Everyone,Casual,"December 18, 2014",1.2.1,4.2 and up,,,,,Unknown,,,,
El Pollo Loco - Loco Rewards,FOOD_AND_DRINK,4.0,848,25.0,100000,Free,0.0,Everyone,Food & Drink,"February 23, 2018",2.1,4.1 and up,,,,,Unknown,,,,
El Chavo,FAMILY,4.0,751,49.0,10000,Paid,0.99,Everyone,Casual,"November 4, 2014",1.2.9,2.3 and up,,,,,Unknown,,,,
EL AL Flights,TRAVEL_AND_LOCAL,3.1,1563,36.0,100000,Free,0.0,Everyone,Travel & Local,"May 24, 2018",4.3,4.2 and up,,,,,Unknown,,,,
DreamStream By EL AL,TRAVEL_AND_LOCAL,3.4,595,22.0,100000,Free,0.0,Everyone,Travel & Local,"January 18, 2016",3.4.20.6 / BuyDRM Labgency 4.8.22 / PED,4.0 and up,,,,,Unknown,,,,
Learn English with El Chavo.,FAMILY,4.2,6133,7.0,100000,Free,0.0,Everyone,Education,"October 1, 2015",6.2,2.3.3 and up,,,,,Unknown,,,,
Learn Math with el Chavo,FAMILY,4.2,840,60.0,100000,Free,0.0,Everyone,Education,"June 28, 2018",1.1,4.1 and up,,,,,Unknown,,,,
El Nuevo Día,NEWS_AND_MAGAZINES,4.1,8011,13.0,500000,Free,0.0,Everyone 10+,News & Magazines,"June 13, 2018",4.11.2,4.1 and up,,,,,Unknown,,,,
El Laberinto del Demonio 3D,FAMILY,4.0,20421,31.0,1000000,Free,0.0,Teen,Puzzle,"August 20, 2015",1.5,2.3 and up,,,,,Unknown,,,,
Learn to code with el Chavo,FAMILY,3.9,5933,60.0,1000000,Free,0.0,Everyone,Educational,"March 27, 2018",2.6,4.1 and up,,,,,Unknown,,,,
El Falı,FAMILY,4.8,36968,16.0,1000000,Free,0.0,Everyone,Entertainment,"November 3, 2017",1.2.9,2.3 and up,,,,,Unknown,,,,
El Laberinto del Demonio 2,FAMILY,4.1,3654,25.0,100000,Free,0.0,Teen,Puzzle,"April 14, 2017",1.0.1,4.0 and up,,,,,Unknown,,,,
TV Local El Salvador,FAMILY,4.3,323,3.6,10000,Free,0.0,Everyone,Entertainment,"May 8, 2018",1,4.0.3 and up,,,,,Unknown,,,,
Tigo Money El Salvador,FINANCE,4.3,4642,3.5,100000,Free,0.0,Everyone,Finance,"July 23, 2018",5.0.0,4.2 and up,,,,,Unknown,,,,
Hangman,FAMILY,4.4,23302,12.0,5000000,Free,0.0,Everyone,Puzzle,"March 24, 2018",1.0.6,4.0 and up,,,,,Unknown,,,,
El Dorado App,TRAVEL_AND_LOCAL,4.4,221,33.0,10000,Free,0.0,Everyone,Travel & Local,"April 6, 2018",2.4,4.1 and up,,,,,Unknown,,,,
Adivina el cantante de Trap y Reggaeton,GAME,4.5,1914,24.0,100000,Free,0.0,Everyone,Trivia,"June 29, 2018",3.6.7z,4.0.3 and up,,,,,Unknown,,,,
The translator,TOOLS,4.5,23805,4.1,1000000,Free,0.0,Everyone,Tools,"August 13, 2017",2.0.4,4.0.3 and up,,,,,Unknown,,,,
Fernanfloo,GAME,4.8,526595,49.0,10000000,Free,0.0,Everyone 10+,Arcade,"June 26, 2018",2.9,4.0.3 and up,,,,,Unknown,,,,
The dollar in mexico,FINANCE,4.5,4254,3.2,100000,Free,0.0,Everyone,Finance,"August 29, 2017",2.5,4.0 and up,,,,,Unknown,,,,
Real Madrid App,SPORTS,4.6,161423,73.0,5000000,Free,0.0,Everyone,Sports,"August 1, 2018",6.5.3,5.0 and up,,,,,Unknown,,,,
OWLIE BOO,FAMILY,4.6,834,22.0,100000,Free,0.0,Everyone,Puzzle;Education,"March 15, 2018",1.8.11,4.0 and up,,,,,Unknown,,,,
Trazado de tuberia El Tubero,TOOLS,4.5,313,4.4,10000,Paid,1.97,Everyone,Tools,"March 29, 2015",4.1,1.5 and up,,,,,Unknown,,,,
The Holy Rosary,LIFESTYLE,4.7,56197,15.0,1000000,Free,0.0,Everyone,Lifestyle,"August 6, 2018",1.6.17,1.6 and up,,,,,Unknown,,,,
Western Union US - Send Money Transfers Quickly,FINANCE,4.5,80904,16.0,5000000,Free,0.0,Everyone,Finance,"July 5, 2018",5.7,4.1 and up,,,,,Unknown,,,,
"Maps, GPS Navigation & Directions, Street View",MAPS_AND_NAVIGATION,4.2,207440,6.4,10000000,Free,0.0,Everyone,Maps & Navigation,"July 23, 2018",7.0.3,4.0 and up,,,,,Unknown,,,,
Narcos: Cartel Wars,FAMILY,4.7,244797,52.0,5000000,Free,0.0,Teen,Strategy,"July 30, 2018",1.24.09,4.0.3 and up,,,,,Unknown,,,,
Get 'Em,GAME,4.1,7904,21.0,500000,Free,0.0,Everyone 10+,Action,"October 26, 2016",1.6.7,4.0.3 and up,,,,,Unknown,,,,
EM Launcher for EMUI,PERSONALIZATION,4.1,3175,2.3,500000,Free,0.0,Everyone,Personalization,"April 6, 2018",1.0.6,4.1 and up,,,,,Unknown,,,,
Beach Shoot Em Up: Head Hunter,GAME,4.4,1218,15.0,500000,Free,0.0,Everyone 10+,Action,"March 6, 2018",1.0.9,2.3 and up,,,,,Unknown,,,,
Connect'Em,FAMILY,4.5,49381,6.8,1000000,Free,0.0,Everyone,Puzzle,"June 25, 2018",1.0.17,2.0 and up,,,,,Unknown,,,,
Stick 'Em Up 2 Starter Edition,GAME,3.8,2102,40.0,100000,Free,0.0,Everyone 10+,Action,"September 11, 2015",1.1.3,4.0.3 and up,,,,,Unknown,,,,
Shoot`Em Down: Shooting game,GAME,3.9,7972,88.0,500000,Free,0.0,Teen,Action,"August 12, 2017",56,4.1 and up,,,,,Unknown,,,,
Texas Hold’em Poker + | Social,GAME,3.5,4416,59.0,500000,Free,0.0,Teen,Casino,"January 18, 2017",2.1.7,4.0.3 and up,,,,,Unknown,,,,
EM Launcher Pro,PERSONALIZATION,4.2,35,0.024,1000,Paid,3.99,Everyone,Personalization,"April 2, 2016",1.0,4.1 and up,,,,,Unknown,,,,
HAWK – Force of an Arcade Shooter. Shoot 'em up,GAME,4.6,190274,46.0,5000000,Free,0.0,Everyone,Arcade,"July 9, 2018",Varies with device,4.1 and up,,,,,Unknown,,,,
Shoot Em Down Free,FAMILY,3.7,2850,39.0,500000,Free,0.0,Everyone,Puzzle,"February 9, 2018",23,2.3 and up,,,,,Unknown,,,,
Texas Hold'em Poker,GAME,3.6,12846,14.0,1000000,Free,0.0,Teen,Casino,"December 29, 2017",3.3,4.1 and up,,,,,Unknown,,,,
Nuke Em All,FAMILY,3.4,2714,52.0,500000,Free,0.0,Mature 17+,Casual,"November 19, 2017",1.1.8,4.1 and up,,,,,Unknown,,,,
Poker Equity Calculator Pro for No Limit Hold'em,GAME,4.0,21,14.0,5000,Paid,0.99,Everyone,Card,"September 10, 2017",1.3,5.0 and up,,,,,Unknown,,,,
Poker Live! 3D Texas Hold'em,GAME,4.3,6143,37.0,100000,Free,0.0,Teen,Casino,"July 25, 2018",Varies with device,4.0.3 and up,,,,,Unknown,,,,
Fun Texas Hold'em Poker,GAME,4.5,32831,24.0,500000,Free,0.0,Teen,Casino,"May 12, 2017",17.05.11,4.0.3 and up,,,,,Unknown,,,,
Elevator Simulator Lift EM ALL,FAMILY,4.4,2941,28.0,100000,Free,0.0,Teen,Simulation,"July 31, 2018",2.4.1343-prod,4.0.3 and up,,,,,Unknown,,,,
Punch em,GAME,4.1,2208,4.4,500000,Free,0.0,Everyone,Arcade,"May 24, 2018",2.0.8,4.1 and up,,,,,Unknown,,,,
Zynga Poker – Texas Holdem,GAME,4.4,1986068,52.0,50000000,Free,0.0,Teen,Casino,"July 25, 2018",21.54,4.1 and up,,,,,Unknown,,,,
Boyaa Poker (En) – Social Texas Hold’em,GAME,4.3,71468,51.0,1000000,Free,0.0,Teen,Card,"June 12, 2018",5.8.0,4.1 and up,,,,,Unknown,,,,
World Series of Poker – WSOP Free Texas Holdem,GAME,4.5,910051,76.0,10000000,Free,0.0,Teen,Card,"August 2, 2018",5.11.0,4.1 and up,,,,,Unknown,,,,
Connect'Em Halloween,FAMILY,4.5,6673,4.4,500000,Free,0.0,Everyone,Puzzle,"September 23, 2016",1.0.7,2.0 and up,,,,,Unknown,,,,
Texas Holdem Poker Pro,GAME,4.5,114479,26.0,5000000,Free,0.0,Teen,Card,"December 20, 2017",4.7.0,3.0 and up,,,,,Unknown,,,,
Rage Fight of Streets - Beat Em Up Game,GAME,4.3,1489,67.0,100000,Free,0.0,Teen,Action,"May 13, 2018",Varies with device,4.1 and up,,,,,Unknown,,,,
HANGAME Casino - Baccarat & Texas Hold'em,GAME,4.1,8608,46.0,500000,Free,0.0,Teen,Casino,"May 17, 2018",1.4.5,4.1 and up,,,,,Unknown,,,,
PokerStars Play: Free Texas Holdem Poker Game,GAME,4.6,14989,78.0,500000,Free,0.0,Teen,Card,"July 6, 2018",1.9.2,4.0.3 and up,,,,,Unknown,,,,
Yoong: Kick 'Em Up!,SPORTS,4.3,7107,33.0,100000,Free,0.0,Everyone,Sports,"December 16, 2015",1.1.1,4.0.3 and up,,,,,Unknown,,,,
Texas Holdem Poker,GAME,4.0,127831,26.0,10000000,Free,0.0,Teen,Card,"December 20, 2017",4.7.0,3.0 and up,,,,,Unknown,,,,
LocaToWeb - Live GPS tracking,SPORTS,4.6,200,3.0,1000,Paid,2.49,Everyone,Sports,"August 2, 2018",3.9.1,5.0 and up,,,,,Unknown,,,,
TRANSFORMERS: Forged to Fight,GAME,4.6,291941,90.0,10000000,Free,0.0,Everyone 10+,Action,"July 27, 2018",6.3.2,4.0.3 and up,,,,,Unknown,,,,
Texas Holdem & Omaha Poker: Pokerist,GAME,4.3,187200,28.0,10000000,Free,0.0,Teen,Card,"July 31, 2018",18.4.0,4.1 and up,,,,,Unknown,,,,
Governor of Poker 2 - OFFLINE POKER GAME,GAME,4.3,246538,60.0,5000000,Free,0.0,Teen,Card,"March 6, 2018",3.0.8,2.3 and up,,,,,Unknown,,,,
Squadron - Bullet Hell Shooter,GAME,4.2,177542,40.0,10000000,Free,0.0,Everyone,Arcade,"May 2, 2016",1.0.7,2.3 and up,,,,,Unknown,,,,
Telemundo Deportes - En Vivo,SPORTS,4.5,36255,25.0,1000000,Free,0.0,Everyone,Sports,"August 1, 2018",5.10.5,4.1 and up,,,,,Unknown,,,,
Holy Knight EN,FAMILY,4.0,26202,41.0,1000000,Free,0.0,Teen,Role Playing,"May 5, 2018",1.1.700,2.3 and up,,,,,Unknown,,,,
English in a Month Free,FAMILY,3.8,6577,13.0,1000000,Free,0.0,Everyone,Education,"July 23, 2017",1.28,4.1 and up,,,,,Unknown,,,,
Learn Body Parts in English,FAMILY,4.0,7243,42.0,1000000,Free,0.0,Everyone,Education,"December 6, 2016",5.13,2.3 and up,,,,,Unknown,,,,
ai.type keyboard Plus + Emoji,TOOLS,4.5,57076,35.0,100000,Paid,4.49,Everyone,Tools,"July 24, 2018",Paid-9.4.1.3,4.1 and up,,,,,Unknown,,,,
Learn English Daily,FAMILY,4.5,7881,53.0,500000,Free,0.0,Everyone,Education,"May 6, 2018",7.0,4.0 and up,,,,,Unknown,,,,
Orfox: Tor Browser for Android,COMMUNICATION,4.2,44233,31.0,10000000,Free,0.0,Everyone,Communication,"July 2, 2018",Fennec-52.9.0esr/TorBrowser-7.5-1/Orfox-1.5.4-RC-1,4.0.3 and up,,,,,Unknown,,,,
"NewsDog - Latest News, Breaking News, Local News",NEWS_AND_MAGAZINES,4.4,291901,4.3,10000000,Free,0.0,Mature 17+,News & Magazines,"July 20, 2018",2.6.0,4.1 and up,,,,,Unknown,,,,
RightNow English Conversation,FAMILY,4.0,5118,11.0,1000000,Free,0.0,Everyone,Education,"March 2, 2018",1.4.1,2.3 and up,,,,,Unknown,,,,
HTC Sense Input - EN,TOOLS,4.3,24175,8.5,5000000,Free,0.0,Everyone,Tools,"October 30, 2015",1.0.612931,5.0 and up,,,,,Unknown,,,,
"Ginger Keyboard - Emoji, GIFs, Themes & Games",PRODUCTIVITY,4.4,162831,43.0,5000000,Free,0.0,Everyone,Productivity,"August 1, 2018",8.1.01,4.1 and up,,,,,Unknown,,,,
English Audio Books - Librivox,FAMILY,4.0,10773,10.0,1000000,Free,0.0,Everyone,Education,"November 29, 2017",8.02,4.1 and up,,,,,Unknown,,,,
Learn Top 300 English Words,FAMILY,4.7,61600,3.4,1000000,Free,0.0,Everyone,Education,"February 24, 2018",3.1,2.3 and up,,,,,Unknown,,,,
English to Hindi Dictionary,BOOKS_AND_REFERENCE,4.1,71328,11.0,5000000,Free,0.0,Everyone,Books & Reference,"June 11, 2017",BlueOrange,4.0.3 and up,,,,,Unknown,,,,
EO.TRADE - Coin sale,FINANCE,4.3,95,1.5,10000,Free,0.0,Everyone,Finance,"June 5, 2018",0.3,4.0.3 and up,,,,,Unknown,,,,
EO Network,BUSINESS,3.5,13,21.0,1000,Free,0.0,Teen,Business,"September 20, 2017",1.0.3,4.4 and up,,,,,Unknown,,,,
The EO Bar,HEALTH_AND_FITNESS,4.7,416,34.0,10000,Paid,6.99,Everyone,Health & Fitness,"July 2, 2018",1.3.7,4.1 and up,,,,,Unknown,,,,
EO Global,BUSINESS,2.6,13,8.9,1000,Free,0.0,Everyone,Business,"October 20, 2016",3.2,4.1 and up,,,,,Unknown,,,,
EO SouthAsia,BUSINESS,4.2,8,19.0,100,Free,0.0,Teen,Business,"April 25, 2018",1.0.23,4.1 and up,,,,,Unknown,,,,
EO Bijbel Open,LIFESTYLE,4.3,102,41.0,10000,Free,0.0,Everyone,Lifestyle,"November 24, 2016",2.0.0,4.0.3 and up,,,,,Unknown,,,,
Masha and the Bear,FAMILY,4.4,15105,36.0,1000000,Free,0.0,Everyone,Education,"June 11, 2018",3.1.8,4.3 and up,,,,,Unknown,,,,
Free games: Masha and the Bear,FAMILY,4.3,34514,60.0,5000000,Free,0.0,Everyone,Puzzle;Brain Games,"July 20, 2018",1.2.8,4.1 and up,,,,,Unknown,,,,
Masha and Bear: Cooking Dash,FAMILY,4.3,151374,54.0,10000000,Free,0.0,Everyone,Role Playing;Brain Games,"June 5, 2018",1.2.7,4.1 and up,,,,,Unknown,,,,
Masha and the Bear: Evolution,FAMILY,4.5,2062,42.0,500000,Free,0.0,Everyone,Strategy;Education,"June 14, 2018",1.0.9,4.0 and up,,,,,Unknown,,,,
Masha and the Bear. Games for kids,FAMILY,4.6,6231,31.0,1000000,Free,0.0,Everyone,Educational;Pretend Play,"July 13, 2018",2.6,4.0.3 and up,,,,,Unknown,,,,
Masha and The Bear Jam Day Match 3 games for kids,FAMILY,4.6,50060,98.0,1000000,Free,0.0,Everyone,Puzzle;Brain Games,"August 7, 2018",1.4.83,4.1 and up,,,,,Unknown,,,,
Where's My Water?,FAMILY,4.7,188740,69.0,1000000,Paid,1.99,Everyone,Puzzle;Brain Games,"July 5, 2018",1.16.0,4.2 and up,,,,,Unknown,,,,
Urban Car Simulator,FAMILY,4.2,23292,20.0,1000000,Free,0.0,Everyone,Simulation,"September 19, 2017",1.4,2.3 and up,,,,,Unknown,,,,
Masha and the Bear: House Cleaning Games for Girls,FAMILY,4.5,43852,77.0,10000000,Free,0.0,Everyone,Role Playing;Pretend Play,"July 19, 2018",1.9.10,4.1 and up,,,,,Unknown,,,,
Masha and The Bear Puzzle Game,FAMILY,4.3,13330,73.0,1000000,Free,0.0,Everyone,Puzzle;Brain Games,"May 24, 2018",2.0,4.1 and up,,,,,Unknown,,,,
Masha and the Bear. Educational Games,FAMILY,4.5,46369,33.0,10000000,Free,0.0,Everyone,Educational;Brain Games,"July 13, 2018",2.3,4.0.3 and up,,,,,Unknown,,,,
Bluetooth Pair,TOOLS,3.5,1960,2.7,1000000,Free,0.0,Everyone,Tools,"August 4, 2018",2.5,4.1 and up,,,,,Unknown,,,,
Sports Car Driving Simulator 2018,GAME,4.3,2178,57.0,500000,Free,0.0,Everyone,Racing,"March 28, 2018",1.1,4.1 and up,,,,,Unknown,,,,
Masha and the Bear: Good Night!,FAMILY,4.6,29155,83.0,1000000,Free,0.0,Everyone,Educational;Pretend Play,"July 26, 2018",1.0.4,4.1 and up,,,,,Unknown,,,,
Masha and the Bear: Climb Racing and Car Games,FAMILY,4.5,2200,73.0,1000000,Free,0.0,Everyone,Racing;Pretend Play,"July 23, 2018",1.1.0,4.1 and up,,,,,Unknown,,,,
Out There Chronicles - Ep. 1,FAMILY,4.4,1516,44.0,50000,Paid,2.99,Everyone,Role Playing,"November 27, 2017",1.0.4,4.2 and up,,,,,Unknown,,,,
EP Spotter,FAMILY,3.4,9,28.0,500,Free,0.0,Everyone,Entertainment,"September 28, 2016",314007,4.3 and up,,,,,Unknown,,,,
EP Mobile,MEDICAL,4.3,267,2.3,50000,Free,0.0,Everyone,Medical,"July 8, 2018",2.18,4.0 and up,,,,,Unknown,,,,
EP RSS Reader,COMMUNICATION,3.8,4,0.892,100,Free,0.0,Everyone,Communication,"July 16, 2018",0.99,4.0.3 and up,,,,,Unknown,,,,
Out There Chronicles - Ep. 2,FAMILY,4.5,144,70.0,1000,Paid,2.99,Teen,Role Playing,"January 26, 2018",1.0.0,4.2 and up,,,,,Unknown,,,,
EP Church Annapolis,LIFESTYLE,5.0,2,8.8,100,Free,0.0,Everyone,Lifestyle,"January 14, 2017",1.0,4.1 and up,,,,,Unknown,,,,
EP Horlogerie,LIFESTYLE,4.9,18,24.0,1000,Free,0.0,Everyone,Lifestyle,"March 28, 2018",4.0.2,4.0.3 and up,,,,,Unknown,,,,
EP Radio,FAMILY,5.0,3,0.154,50,Free,0.0,Everyone,Entertainment,"March 26, 2018",1.0,3.0 and up,,,,,Unknown,,,,
The Great Wobo Escape Ep. 1,GAME,4.2,5449,20.0,500000,Free,0.0,Everyone 10+,Action,"September 13, 2016",1.0.3386,4.1 and up,,,,,Unknown,,,,
The Visitor: Ep.2 - Sleepover Slaughter,GAME,4.3,5731,31.0,1000000,Free,0.0,Mature 17+,Adventure,"January 2, 2018",1.1.5,4.1 and up,,,,,Unknown,,,,
Superbrothers Sword & Sworcery,GAME,4.4,11023,16.0,100000,Paid,3.99,Teen,Adventure,"January 26, 2018",1.0.20,2.3 and up,,,,,Unknown,,,,
EP Lab Digest,MEDICAL,2.3,11,12.0,500,Free,0.0,Everyone,Medical,"July 12, 2018",1000000.6,4.1 and up,,,,,Unknown,,,,
EP Research Service,BOOKS_AND_REFERENCE,4.7,14,27.0,1000,Free,0.0,Everyone,Books & Reference,"March 5, 2018",1.9,4.1 and up,,,,,Unknown,,,,
EP Kalkulator el. energije,TOOLS,4.4,13,1.5,100,Free,0.0,Everyone,Tools,"February 20, 2015",4.0,4.0 and up,,,,,Unknown,,,,
The Great Wobo Escape Ep.1,FAMILY,4.3,11,20.0,500,Paid,1.99,Everyone 10+,Action;Action & Adventure,"May 3, 2016",1.0.3289,4.1 and up,,,,,Unknown,,,,
The Visitor: Ep.1 - Kitty Cat Carnage,GAME,4.4,3017,39.0,500000,Free,0.0,Mature 17+,Adventure,"January 2, 2018",1.3.7,4.3 and up,,,,,Unknown,,,,
Dr.Slender Ep 1 Guide (Eng),GAME,4.0,454,27.0,10000,Free,0.0,Teen,Arcade,"December 2, 2014",1.0,2.3 and up,,,,,Unknown,,,,
Decay: The Mare - Ep.1 (Trial),GAME,3.6,5291,7.2,100000,Free,0.0,Teen,Adventure,"May 24, 2014",2.0,2.2 and up,,,,,Unknown,,,,
What's Your Story?™ ft Charmed,FAMILY,4.1,39661,47.0,1000000,Free,0.0,Teen,Role Playing,"August 2, 2018",1.10.4,5.0 and up,,,,,Unknown,,,,
EP Gem Hunter,GAME,4.6,79,31.0,1000,Free,0.0,Everyone 10+,Action,"January 17, 2016",1.1.0,2.3 and up,,,,,Unknown,,,,
EP Chain Reaction,FAMILY,3.9,249,21.0,10000,Free,0.0,Everyone,Casual;Brain Games,"April 10, 2016",1.2.2,2.3 and up,,,,,Unknown,,,,
Gate Of Death Ep: 1,GAME,4.4,7,34.0,100,Free,0.0,Everyone,Adventure,"October 7, 2016",1.1,2.3 and up,,,,,Unknown,,,,
Sonic 4™ Episode I,GAME,3.7,8014,37.0,100000,Paid,2.99,Everyone,Arcade,"April 4, 2016",1.5.0,2.2 and up,,,,,Unknown,,,,
Naruto Shippuden - Watch Free!,VIDEO_PLAYERS,3.9,141515,5.7,10000000,Free,0.0,Teen,Video Players & Editors,"April 23, 2014",0.6.0,2.3 and up,,,,,Unknown,,,,
Operate Now: Hospital,FAMILY,4.3,254861,52.0,10000000,Free,0.0,Teen,Simulation,"August 1, 2018",1.20.3,4.4 and up,,,,,Unknown,,,,
Multi Surgery ER Emergency Hospital : Doctor Game,FAMILY,4.1,227,69.0,10000,Free,0.0,Teen,Educational,"June 21, 2018",1.2,4.0 and up,,,,,Unknown,,,,
ER Surgery Simulator,FAMILY,3.6,19601,56.0,1000000,Free,0.0,Everyone 10+,Casual,"June 6, 2018",1.0.4,4.1 and up,,,,,Unknown,,,,
Dentist Surgery ER Emergency Doctor Hospital Games,FAMILY,3.5,2580,53.0,100000,Free,0.0,Everyone,Simulation,"July 6, 2018",10,4.1 and up,,,,,Unknown,,,,
Eye Transplant : ER Emergency Hospital,FAMILY,3.9,1938,62.0,1000000,Free,0.0,Teen,Educational,"May 25, 2018",1.6,4.1 and up,,,,,Unknown,,,,
Lifeguard Beach Rescue ER Emergency Hospital Games,FAMILY,3.9,519,76.0,100000,Free,0.0,Everyone,Simulation,"August 7, 2018",12,4.1 and up,,,,,Unknown,,,,
Hospital ER Emergency Heart Surgery: Doctor Games,FAMILY,3.8,1652,71.0,100000,Free,0.0,Everyone,Simulation,"July 11, 2018",10,4.1 and up,,,,,Unknown,,,,
Superhero Doctor 2 -ER Surgery,FAMILY,4.0,39647,72.0,10000000,Free,0.0,Everyone 10+,Casual,"September 30, 2017",1.7,4.0.3 and up,,,,,Unknown,,,,
Noot-Noot-er!,FAMILY,4.5,74,2.8,5000,Free,0.0,Everyone,Entertainment,"November 22, 2017",2.0,4.0.3 and up,,,,,Unknown,,,,
Doctor X - ER On Wheels,FAMILY,3.6,12781,51.0,1000000,Free,0.0,Everyone,Casual;Pretend Play,"June 6, 2018",1.0.9,4.1 and up,,,,,Unknown,,,,
Foot Surgery Hospital Simulator: ER Doctor Games,FAMILY,3.9,314,28.0,100000,Free,0.0,Everyone,Casual,"January 15, 2018",1.1,5.1 and up,,,,,Unknown,,,,
ER Heart Surgery - Emergency Simulator Game,FAMILY,4.3,429,40.0,100000,Free,0.0,Everyone,Educational,"July 19, 2018",2.0,4.1 and up,,,,,Unknown,,,,
Pregnant Mom ER Emergency Doctor Hospital Games,FAMILY,4.0,325,27.0,50000,Free,0.0,Everyone,Educational,"June 12, 2018",1.2,4.1 and up,,,,,Unknown,,,,
Plastic Surgery Surgeon Simulator Er Doctor Games,FAMILY,3.7,3482,37.0,500000,Free,0.0,Everyone,Casual,"August 7, 2018",1.6,4.4 and up,,,,,Unknown,,,,
Shoulder Surgery ER Emergency Doctor Game,FAMILY,3.9,55,46.0,10000,Free,0.0,Teen,Educational,"November 7, 2017",1.0.1,4.0 and up,,,,,Unknown,,,,
Superhero Doctor 3 ER Surgery,FAMILY,4.2,2801,50.0,500000,Free,0.0,Everyone,Casual,"March 22, 2017",1.0,4.0.3 and up,,,,,Unknown,,,,
Mom Doctor ER Emergency Family Game,FAMILY,3.5,173,49.0,10000,Free,0.0,Everyone,Educational,"January 26, 2018",1.0.0,4.1 and up,,,,,Unknown,,,,
ER Blood Draw Doctor & Surgeon,FAMILY,4.0,154,58.0,50000,Free,0.0,Teen,Educational,"June 13, 2018",1.8,4.0.3 and up,,,,,Unknown,,,,
"ER Emergency Hospital - Brain, Knee, Eye Surgery",FAMILY,3.8,25,41.0,1000,Free,0.0,Teen,Educational,"July 21, 2017",1.1,2.3 and up,,,,,Unknown,,,,
Super Doctor 1-Pregnant Mom ER Surgery Simulator,FAMILY,4.1,290,73.0,10000,Free,0.0,Teen,Role Playing,"May 23, 2018",1.0,4.3 and up,,,,,Unknown,,,,
Multi Surgery Hospital Pro: Virtual Doctor ER Game,FAMILY,4.2,23,33.0,1000,Free,0.0,Teen,Casual,"April 3, 2018",1.0,4.1 and up,,,,,Unknown,,,,
Clumsy Santa ER Surgery,FAMILY,4.1,214,46.0,100000,Free,0.0,Teen,Casual,"December 22, 2016",1.0,4.0.3 and up,,,,,Unknown,,,,
Little Eye Surgery Simulator - ER Doctor Game,FAMILY,4.4,12,19.0,1000,Free,0.0,Teen,Casual,"April 20, 2018",1.0,2.3 and up,,,,,Unknown,,,,
Spinal Cord Surgery Doctor: Operation ER surgery,FAMILY,3.7,52,32.0,10000,Free,0.0,Everyone 10+,Role Playing,"February 26, 2018",1.0,4.1 and up,,,,,Unknown,,,,
Super Doctor 2 - My Newborn Baby ER Injection,FAMILY,4.7,54,92.0,1000,Free,0.0,Teen,Role Playing,"June 25, 2018",1.0,4.3 and up,,,,,Unknown,,,,
Virtual Brain Surgery Simulator : Kid ER Emergency,FAMILY,3.8,20,55.0,5000,Free,0.0,Teen,Educational,"February 23, 2018",1.1,4.0 and up,,,,,Unknown,,,,
Crazy ER Open Heart Surgery Simulator,FAMILY,4.0,2936,45.0,500000,Free,0.0,Everyone,Simulation,"October 26, 2017",1.5,4.0 and up,,,,,Unknown,,,,
ER Injection Simulator: Blood Test Doctor Hospital,FAMILY,4.2,3263,47.0,1000000,Free,0.0,Everyone 10+,Role Playing,"May 29, 2018",2.6.4,4.1 and up,,,,,Unknown,,,,
Kids Doctor ER Emergency Rescue Kids Hospital Game,FAMILY,3.8,515,85.0,100000,Free,0.0,Everyone,Simulation,"July 20, 2018",7,4.1 and up,,,,,Unknown,,,,
Heart Surgery Doctor - ER Emergency Game,FAMILY,3.9,2510,48.0,500000,Free,0.0,Everyone 10+,Educational,"July 19, 2018",2.1,4.1 and up,,,,,Unknown,,,,
Virtual Mom Surgery Doctor : ER Emergency Hospital,FAMILY,4.0,1130,77.0,100000,Free,0.0,Teen,Educational,"May 15, 2018",1.4,4.0 and up,,,,,Unknown,,,,
ER Doctor Kids Emergency Room,FAMILY,3.1,4798,30.0,500000,Free,0.0,Teen,Casual,"June 13, 2018",1.9,4.0.3 and up,,,,,Unknown,,,,
ER Assist,PRODUCTIVITY,5.0,3,28.0,10,Free,0.0,Everyone,Productivity,"December 6, 2016",0.1.7,4.1 and up,,,,,Unknown,,,,
Blood Injection : ER Emergency Doctor ER injection,FAMILY,3.5,246,35.0,50000,Free,0.0,Teen,Casual,"September 23, 2016",1.0,2.3 and up,,,,,Unknown,,,,
Lead'er,FINANCE,4.1,54,5.8,5000,Free,0.0,Everyone,Finance,"March 20, 2018",1.5,4.0 and up,,,,,Unknown,,,,
Doctor Games For Girls - Hospital ER,FAMILY,4.5,51,39.0,5000,Free,0.0,Everyone,Casual,"April 16, 2018",2.1,4.1 and up,,,,,Unknown,,,,
Open Heart Surgery Hospital ER: Crazy Doctor Sim,FAMILY,4.7,7,25.0,1000,Free,0.0,Teen,Casual,"April 5, 2018",1.0,4.1 and up,,,,,Unknown,,,,
Hand Doctor Games ER Surgery Simulator,FAMILY,4.1,120,32.0,10000,Free,0.0,Everyone,Casual,"March 13, 2018",2.0,4.1 and up,,,,,Unknown,,,,
ER Doctor City Emergency - Surgery City Doc FREE,FAMILY,3.9,1909,84.0,100000,Free,0.0,Teen,Educational,"June 13, 2018",2.1,4.0.3 and up,,,,,Unknown,,,,
ER Hospital Simulator,FAMILY,4.0,286,60.0,100000,Free,0.0,Everyone,Simulation,"June 28, 2018",4.0,4.0.3 and up,,,,,Unknown,,,,
DMC ER Now,MEDICAL,4.3,6,5.3,1000,Free,0.0,Everyone,Medical,"March 16, 2017",1.4,2.3 and up,,,,,Unknown,,,,
Nose Surgery ER Simulator Lite,FAMILY,3.1,269,39.0,50000,Free,0.0,Teen,Educational,"June 3, 2017",1.0,4.0 and up,,,,,Unknown,,,,
Cardinal Glennon ER Reference,MEDICAL,4.2,19,20.0,1000,Free,0.0,Everyone 10+,Medical,"September 21, 2017",1.8.3,4.1 and up,,,,,Unknown,,,,
Fill 'er Up,TRAVEL_AND_LOCAL,3.2,58,0.018,5000,Free,0.0,Everyone,Travel & Local,"February 27, 2017",1.1,1.6 and up,,,,,Unknown,,,,
Ankle Surgery ER Emergency,FAMILY,3.3,10449,29.0,1000000,Free,0.0,Teen,Educational,"December 2, 2016",1.7,2.3 and up,,,,,Unknown,,,,
ES File Explorer/Manager PRO,PRODUCTIVITY,4.7,81614,6.6,500000,Paid,2.99,Everyone,Productivity,"July 11, 2018",Pro 1.1.4.1,4.0 and up,,,,,Unknown,,,,
ES Task Manager (Task Killer ),BUSINESS,4.3,171771,3.2,10000000,Free,0.0,Everyone,Business,"January 15, 2018",2.0.6.4,2.1 and up,,,,,Unknown,,,,
ES Audio Player ( Shortcut ),VIDEO_PLAYERS,4.2,1236,0.033,100000,Free,0.0,Everyone,Video Players & Editors,"July 17, 2013",1.1,2.2 and up,,,,,Unknown,,,,
ES Disk Analyzer - Storage Space,PRODUCTIVITY,4.7,5867,4.4,100000,Free,0.0,Everyone,Productivity,"October 31, 2017",1.0.2.9,4.0 and up,,,,,Unknown,,,,
ES App Locker,TOOLS,4.3,32207,3.4,1000000,Free,0.0,Everyone,Tools,"August 16, 2017",1.1.8.2,2.1 and up,,,,,Unknown,,,,
ES Chromecast plugin,LIBRARIES_AND_DEMO,4.2,23859,0.86,1000000,Free,0.0,Everyone,Libraries & Demo,"October 29, 2014",1.0,4.0 and up,,,,,Unknown,,,,
ES Material Theme for Pro,PRODUCTIVITY,4.2,14428,1.2,1000000,Free,0.0,Everyone,Productivity,"December 3, 2015",2.0.3,2.2 and up,,,,,Unknown,,,,
ES Holo Theme for Pro,PRODUCTIVITY,4.2,4737,1.7,500000,Free,0.0,Everyone,Productivity,"November 26, 2015",2.0.3,2.0 and up,,,,,Unknown,,,,
ES File Explorer,TOOLS,4.1,278,2.8,100000,Free,0.0,Everyone,Tools,"July 2, 2018",3.1.5,4.0 and up,,,,,Unknown,,,,
ES Dark Theme for free,TOOLS,4.2,7851,0.364,1000000,Free,0.0,Everyone,Tools,"August 22, 2017",2.0.7,4.0 and up,,,,,Unknown,,,,
ES Classic Theme,TOOLS,4.3,20865,2.2,1000000,Free,0.0,Everyone,Tools,"October 30, 2015",2.0.3,2.1 and up,,,,,Unknown,,,,
ES Themes -- Classic Theme,PERSONALIZATION,4.4,77609,1.9,1000000,Free,0.0,Everyone,Personalization,"April 24, 2015",1.14,1.6 and up,,,,,Unknown,,,,
ES Holo Theme,TOOLS,4.3,11449,1.7,500000,Free,0.0,Everyone,Tools,"February 2, 2016",2.0.4,2.0 and up,,,,,Unknown,,,,
"ES File Explorer & Manager, Locker Xplorer 2018",TOOLS,3.5,11,3.0,1000,Free,0.0,Everyone,Tools,"March 17, 2018",1.2,4.2 and up,,,,,Unknown,,,,
ES Summer Chill Theme for Free,TOOLS,4.3,940,0.387,100000,Free,0.0,Everyone,Tools,"August 24, 2017",2.0.7,4.0 and up,,,,,Unknown,,,,
Furrion ES Control,VIDEO_PLAYERS,1.8,26,2.7,5000,Free,0.0,Everyone,Video Players & Editors,"September 29, 2016",1.0,4.2 and up,,,,,Unknown,,,,
OpenGL ES Extensions - The OpenGL Utility,TOOLS,4.2,513,2.0,50000,Free,0.0,Everyone,Tools,"May 6, 2018",5.0.5,4.0 and up,,,,,Unknown,,,,
File Ex - ES File Explorer,TOOLS,4.2,24,5.0,1000,Free,0.0,Everyone,Tools,"December 27, 2017",1.1.6,4.2 and up,,,,,Unknown,,,,
OpenGL ES CapsViewer,TOOLS,4.6,78,0.375,10000,Free,0.0,Everyone,Tools,"April 1, 2018",0.6,4.3 and up,,,,,Unknown,,,,
ES-IPTV,VIDEO_PLAYERS,4.0,944,11.0,50000,Free,0.0,Everyone,Video Players & Editors,"October 15, 2017",4.2.1,4.1 and up,,,,,Unknown,,,,
OpenGL-ES Info,TOOLS,4.3,249,0.626,10000,Free,0.0,Everyone,Tools,"August 8, 2013",1.4,1.6 and up,,,,,Unknown,,,,
Dr. ES PV Calculator,TOOLS,5.0,19,11.0,500,Free,0.0,Everyone,Tools,"March 11, 2018",3.4.7.2.16,4.1 and up,,,,,Unknown,,,,
ES File Explorer & File Manager 2018,TOOLS,3.8,24,2.9,5000,Free,0.0,Everyone,Tools,"March 17, 2018",1.1,4.2 and up,,,,,Unknown,,,,
HTC Sense Input - ES,TOOLS,4.3,3509,6.5,1000000,Free,0.0,Everyone,Tools,"October 30, 2015",1.0.612919,5.0 and up,,,,,Unknown,,,,
2019 Tricks Es File Explores,TOOLS,3.0,4,2.0,1000,Free,0.0,Everyone,Tools,"March 16, 2016",1.0,2.2 and up,,,,,Unknown,,,,
ES Billing System (Offline App),PRODUCTIVITY,5.0,1,4.2,100,Free,0.0,Everyone,Productivity,"May 17, 2018",1.0,4.1 and up,,,,,Unknown,,,,
YEBIS OpenGL ES 3.0 Tech Demo,FAMILY,4.6,380,6.7,10000,Free,0.0,Everyone,Entertainment,"March 11, 2014",1.0,4.3 and up,,,,,Unknown,,,,
Advanced calculator fx 991 es plus & 991 ms plus,FAMILY,4.7,7252,9.2,500000,Free,0.0,Everyone,Education,"August 2, 2018",3.3.1-build-02-08-2018-19-release,4.0 and up,,,,,Unknown,,,,
ES Solar,BUSINESS,5.0,3,4.7,100,Free,0.0,Everyone,Business,"May 17, 2018",1.2,4.1 and up,,,,,Unknown,,,,
File Manager by Xiaomi: release file storage space,TOOLS,4.8,337532,15.0,10000000,Free,0.0,Everyone,Tools,"July 11, 2018",V1-180703,4.4 and up,,,,,Unknown,,,,
ESLock File Recovery Lite,PRODUCTIVITY,3.0,460,0.161,50000,Free,0.0,Everyone,Productivity,"January 5, 2016",1.5.9,4.0.3 and up,,,,,Unknown,,,,
Castle Clash: Epic Empire ES,FAMILY,4.6,584070,24.0,5000000,Free,0.0,Everyone 10+,Strategy,"July 18, 2018",1.4.1,4.1 and up,,,,,Unknown,,,,
¿Es Vegan?,FOOD_AND_DRINK,4.6,438,1.7,10000,Free,0.0,Everyone,Food & Drink,"August 1, 2017",2.2.3,3.0 and up,,,,,Unknown,,,,
School scientific calculator fx 500 es plus 500 ms,FAMILY,4.6,1553,9.2,100000,Free,0.0,Everyone,Education,"August 2, 2018",3.3.1-build-02-08-2018-19-release,4.0 and up,,,,,Unknown,,,,
Esto Es Guerra TVN,FAMILY,4.5,1303,13.0,100000,Free,0.0,Everyone,Entertainment,"July 24, 2018",1.7.2,4.1 and up,,,,,Unknown,,,,
ET Markets : NSE & BSE India,FINANCE,4.2,24980,9.2,1000000,Free,0.0,Everyone,Finance,"July 16, 2018",2.1.3,4.1 and up,,,,,Unknown,,,,
ET Telecom from Economic Times,NEWS_AND_MAGAZINES,4.7,273,6.3,10000,Free,0.0,Everyone,News & Magazines,"August 7, 2018",2.9.0,4.1 and up,,,,,Unknown,,,,
Égalité et Réconciliation,NEWS_AND_MAGAZINES,4.9,58,3.8,500,Paid,2.99,Everyone,News & Magazines,"May 26, 2018",1.1.1,5.0 and up,,,,,Unknown,,,,
Economic Times : Market News Go Edition,NEWS_AND_MAGAZINES,4.3,39,4.2,5000,Free,0.0,Everyone,News & Magazines,"April 18, 2018",1.0.4,4.1 and up,,,,,Unknown,,,,
Hymnes et Louanges,BOOKS_AND_REFERENCE,4.4,1877,5.7,100000,Free,0.0,Everyone,Books & Reference,"March 21, 2017",2.4.1,4.1 and up,,,,,Unknown,,,,
Lire avec Sami et Julie,FAMILY,3.6,569,18.0,100000,Free,0.0,Everyone,Educational;Education,"June 13, 2014",1.2,2.2 and up,,,,,Unknown,,,,
Lettre et demande d'emploi,FAMILY,4.6,302,9.9,100000,Free,0.0,Everyone,Education,"January 2, 2018",1.0,4.0 and up,,,,,Unknown,,,,
Blagues et Histoires Drôles,FAMILY,3.9,859,5.3,100000,Free,0.0,Teen,Entertainment,"February 18, 2017",0.0.2,4.1 and up,,,,,Unknown,,,,
Lettre de motivation et CV,FAMILY,4.3,979,9.9,100000,Free,0.0,Everyone,Education,"July 30, 2018",2.0,4.0 and up,,,,,Unknown,,,,
Anime et Manga Amino en Français,SOCIAL,4.8,3782,63.0,50000,Free,0.0,Teen,Social,"July 13, 2018",1.8.19106,4.0.3 and up,,,,,Unknown,,,,
Beauty and the Beast,FAMILY,4.4,70883,31.0,1000000,Free,0.0,Everyone,Puzzle;Creativity,"August 7, 2018",1.7.6,4.2 and up,,,,,Unknown,,,,
iTranslate Translator & Dictionary,PRODUCTIVITY,4.3,201718,35.0,10000000,Free,0.0,Everyone,Productivity,"July 11, 2018",4.6.15,4.1 and up,,,,,Unknown,,,,
Oggy,GAME,4.5,49971,61.0,5000000,Free,0.0,Everyone,Arcade,"August 29, 2017",1.3.1,4.0.3 and up,,,,,Unknown,,,,
Pocket Mortys,FAMILY,4.5,174215,93.0,10000000,Free,0.0,Everyone,Simulation,"August 3, 2018",2.5.2,4.1 and up,,,,,Unknown,,,,
"Ideal Weight, BMI Calculator",HEALTH_AND_FITNESS,4.2,112384,5.0,5000000,Free,0.0,Everyone,Health & Fitness,"February 23, 2018",2.1.0,4.1 and up,,,,,Unknown,,,,
Voice changer with effects,FAMILY,4.2,1260903,8.7,50000000,Free,0.0,Everyone,Entertainment,"August 2, 2018",3.4.8,4.1 and up,,,,,Unknown,,,,
Fitness & Bodybuilding,HEALTH_AND_FITNESS,4.6,95201,61.0,5000000,Free,0.0,Everyone,Health & Fitness,"July 9, 2018",2.4.1,4.1 and up,,,,,Unknown,,,,
EU Mobile Money,FINANCE,3.9,460,6.1,100000,Free,0.0,Everyone,Finance,"July 16, 2018",1.6,4.0 and up,,,,,Unknown,,,,
European Union Simulator,FAMILY,3.6,688,26.0,50000,Free,0.0,Everyone,Simulation,"September 20, 2016",1.2,4.0.3 and up,,,,,Unknown,,,,
EU Charter,BOOKS_AND_REFERENCE,4.6,33,37.0,1000,Free,0.0,Everyone,Books & Reference,"January 16, 2017",1.0.3,4.0 and up,,,,,Unknown,,,,
EU Flags Free Live Wallpaper,PERSONALIZATION,3.4,730,2.3,100000,Free,0.0,Everyone,Personalization,"November 18, 2013",1.95,2.1 and up,,,,,Unknown,,,,
myLPG.eu,TRAVEL_AND_LOCAL,4.2,556,4.4,50000,Free,0.0,Everyone,Travel & Local,"July 25, 2018",1.95,4.0 and up,,,,,Unknown,,,,
YouCamp EU,TRAVEL_AND_LOCAL,3.4,39,32.0,1000,Paid,2.56,Everyone,Travel & Local,"July 20, 2013",1.3.1,2.2 and up,,,,,Unknown,,,,
EU Economy,PRODUCTIVITY,3.6,47,0.879,5000,Free,0.0,Everyone,Productivity,"December 19, 2017",9.0,4.2 and up,,,,,Unknown,,,,
Flag of European Union,PERSONALIZATION,4.2,36,5.3,1000,Free,0.0,Everyone,Personalization,"December 10, 2016",2.0,2.3.3 and up,,,,,Unknown,,,,
EU Data Protection,BOOKS_AND_REFERENCE,3.5,29,17.0,1000,Free,0.0,Everyone,Books & Reference,"July 15, 2016",2.0,4.0.3 and up,,,,,Unknown,,,,
Flag Of European Union LWP,PERSONALIZATION,4.3,88,4.2,1000,Free,0.0,Everyone,Personalization,"January 24, 2018",7.0,4.0.3 and up,,,,,Unknown,,,,
Council Voting Calculator,COMMUNICATION,3.9,33,3.4,5000,Free,0.0,Everyone,Communication,"January 6, 2017",2.3.0,4.1 and up,,,,,Unknown,,,,
EU Flags Live Wallpaper,PERSONALIZATION,4.3,444,12.0,10000,Paid,0.99,Everyone,Personalization,"November 18, 2013",1.95,2.1 and up,,,,,Unknown,,,,
EU FTL Calculator,BUSINESS,3.6,60,1.8,10000,Free,0.0,Everyone,Business,"June 1, 2018",1.5.1,4.1 and up,,,,,Unknown,,,,
Passenger rights,TRAVEL_AND_LOCAL,3.9,442,2.5,50000,Free,0.0,Everyone,Travel & Local,"January 16, 2018",1.1.3,4.0.3 and up,,,,,Unknown,,,,
EU Mobile Money Partenaire Commercial,FINANCE,4.3,70,3.9,10000,Free,0.0,Everyone,Finance,"May 14, 2018",1.3,4.0.3 and up,,,,,Unknown,,,,
Eurostat Country Profiles,PRODUCTIVITY,3.7,87,2.0,10000,Free,0.0,Everyone,Productivity,"April 12, 2018",37.0,4.0.3 and up,,,,,Unknown,,,,
My EU,FAMILY,3.8,4,13.0,100,Free,0.0,Everyone,Education,"May 15, 2017",3.2.1,4.1 and up,,,,,Unknown,,,,
R-EU-READY,GAME,4.1,13,16.0,500,Free,0.0,Everyone,Trivia,"March 2, 2016",1.5,2.2 and up,,,,,Unknown,,,,
taxi.eu,TRAVEL_AND_LOCAL,4.1,1865,22.0,100000,Free,0.0,Everyone,Travel & Local,"June 28, 2018",10.7.1388,4.4 and up,,,,,Unknown,,,,
CVRIA,BUSINESS,4.7,68,3.5,10000,Free,0.0,Everyone,Business,"May 11, 2017",1.1.10,4.4 and up,,,,,Unknown,,,,
TAXLANDIA,FAMILY,1.9,141,65.0,1000,Free,0.0,Everyone,Educational,"March 6, 2018",1.8.2,4.3 and up,,,,,Unknown,,,,
European Solidarity Corps,SOCIAL,3.6,9,21.0,1000,Free,0.0,Teen,Social,"July 5, 2018",1.2.0,4.4 and up,,,,,Unknown,,,,
Have your say on Europe,COMMUNICATION,3.8,19,21.0,500,Free,0.0,Everyone,Communication,"April 19, 2018",1.1.0,4.1 and up,,,,,Unknown,,,,
Doorstep EU,NEWS_AND_MAGAZINES,4.5,67,12.0,1000,Free,0.0,Everyone,News & Magazines,"June 26, 2018",1.8,4.1 and up,,,,,Unknown,,,,
EURES - Your Job in Europe,BUSINESS,2.7,358,2.0,50000,Free,0.0,Everyone,Business,"September 18, 2017",1.4.1,2.3.3 and up,,,,,Unknown,,,,
Invasive Alien Species Europe,FAMILY,4.5,13,13.0,1000,Free,0.0,Everyone,Education,"November 20, 2017",1.0.6,4.4 and up,,,,,Unknown,,,,
EU Exit poll,LIFESTYLE,5.0,10,9.4,100,Free,0.0,Everyone,Lifestyle,"July 15, 2016",1.6,4.1 and up,,,,,Unknown,,,,
Schengen/EU App,TOOLS,4.0,24,11.0,1000,Free,0.0,Everyone,Tools,"February 27, 2018",1.0,4.1 and up,,,,,Unknown,,,,
Brexit EU,FAMILY,4.4,7,7.5,500,Free,0.0,Everyone,Casual,"March 10, 2016",1.0,2.3 and up,,,,,Unknown,,,,
EU Life Explorer,NEWS_AND_MAGAZINES,4.0,2,12.0,50,Free,0.0,Everyone,News & Magazines,"May 8, 2017",1.1,4.1 and up,,,,,Unknown,,,,
EU VAT Checker,BUSINESS,3.1,7,0.039,1000,Free,0.0,Everyone,Business,"October 12, 2011",1,1.6 and up,,,,,Unknown,,,,
daskal.eu,FAMILY,5.0,5,15.0,50,Free,0.0,Everyone,Education,"October 6, 2017",2.3.3,4.4 and up,,,,,Unknown,,,,
Inbox.eu,COMMUNICATION,3.7,98,9.7,10000,Free,0.0,Everyone,Communication,"July 11, 2018",6.4.7,4.3 and up,,,,,Unknown,,,,
CALIOPE EU: Air Quality,HEALTH_AND_FITNESS,3.9,21,2.2,1000,Free,0.0,Everyone,Health & Fitness,"October 30, 2015",1.1.2,4.0 and up,,,,,Unknown,,,,
Going Abroad,FAMILY,3.0,606,42.0,50000,Free,0.0,Everyone 10+,Educational,"August 16, 2016",1.2,4.0 and up,,,,,Unknown,,,,
Campervan.Guide Pro,TRAVEL_AND_LOCAL,4.2,238,67.0,10000,Paid,5.99,Everyone,Travel & Local,"June 22, 2018",4.6.2,4.1 and up,,,,,Unknown,,,,
Qserve EU MDR First Aid,BUSINESS,3.0,2,17.0,100,Free,0.0,Everyone,Business,"May 11, 2017",1.2.22,4.1 and up,,,,,Unknown,,,,
Rail Planner Eurail/Interrail,MAPS_AND_NAVIGATION,4.2,3596,31.0,1000000,Free,0.0,Everyone,Maps & Navigation,"June 15, 2018",3.0.1 (70),4.0 and up,,,,,Unknown,,,,
eu sou franky,BUSINESS,3.7,195,4.0,10000,Free,0.0,Everyone,Business,"November 21, 2016",1.0.1,4.0 and up,,,,,Unknown,,,,
efootwear.eu - online store,SHOPPING,4.5,928,8.6,100000,Free,0.0,Everyone,Shopping,"August 2, 2018",1.7.0,4.4 and up,,,,,Unknown,,,,
ChargeHub - Find EV & Tesla Charging Stations,MAPS_AND_NAVIGATION,4.6,796,25.0,50000,Free,0.0,Everyone,Maps & Navigation,"May 18, 2018",6.7.0,4.0.3 and up,,,,,Unknown,,,,
PlugShare,MAPS_AND_NAVIGATION,4.7,4501,26.0,100000,Free,0.0,Teen,Maps & Navigation,"July 25, 2018",3.5.1,4.0.3 and up,,,,,Unknown,,,,
NEXTCHARGE - Charging Stations,MAPS_AND_NAVIGATION,4.3,891,6.4,50000,Free,0.0,Everyone,Maps & Navigation,"July 26, 2018",4.5.1,4.1 and up,,,,,Unknown,,,,
NissanConnect® EV & Services,LIFESTYLE,2.3,853,88.0,50000,Free,0.0,Everyone,Lifestyle,"July 20, 2018",6.2.0,4.4 and up,,,,,Unknown,,,,
EV Connect,MAPS_AND_NAVIGATION,2.8,25,5.8,1000,Free,0.0,Everyone,Maps & Navigation,"August 6, 2018",2.10.0,5.0 and up,,,,,Unknown,,,,
HondaLink EV,TOOLS,2.8,44,41.0,10000,Free,0.0,Everyone,Tools,"June 20, 2018",3.8,2.3 and up,,,,,Unknown,,,,
EV Stations Hawaii,MAPS_AND_NAVIGATION,3.6,7,2.5,1000,Free,0.0,Everyone,Maps & Navigation,"May 30, 2017",3.0.6,4.1 and up,,,,,Unknown,,,,
EV Trip Optimizer for Tesla,AUTO_AND_VEHICLES,3.2,46,6.6,1000,Free,0.0,Everyone,Auto & Vehicles,"June 26, 2018",3.4,4.1 and up,,,,,Unknown,,,,
JuiceNet - Smart EV Charging,MAPS_AND_NAVIGATION,3.5,106,24.0,5000,Free,0.0,Everyone,Maps & Navigation,"July 9, 2018",2.1.223,4.0 and up,,,,,Unknown,,,,
Zap-Map: EV charging points UK,MAPS_AND_NAVIGATION,3.8,181,9.8,10000,Free,0.0,Everyone,Maps & Navigation,"July 6, 2018",4.0.4,4.1 and up,,,,,Unknown,,,,
EV Charging,MAPS_AND_NAVIGATION,3.5,8,32.0,1000,Free,0.0,Everyone,Maps & Navigation,"August 1, 2017",2.0.0,4.1 and up,,,,,Unknown,,,,
Simple EV Calc,PRODUCTIVITY,4.2,105,72.0,1000,Free,0.0,Everyone,Productivity,"October 16, 2017",2.2.2,4.4 and up,,,,,Unknown,,,,
Electric Car Charging Points: Ev charger Stations,MAPS_AND_NAVIGATION,4.5,8,8.1,100,Free,0.0,Everyone,Maps & Navigation,"August 3, 2018",1.3,4.1 and up,,,,,Unknown,,,,
ELMO EV Charging,MAPS_AND_NAVIGATION,3.4,14,6.2,1000,Free,0.0,Everyone,Maps & Navigation,"January 25, 2018",2.1.05,4.0.3 and up,,,,,Unknown,,,,
Bolt - EV Charging Service,AUTO_AND_VEHICLES,3.0,9,8.4,100,Free,0.0,Everyone,Auto & Vehicles,"March 23, 2018",2.2.0,5.0 and up,,,,,Unknown,,,,
To-U - free EV public charging,TRAVEL_AND_LOCAL,4.4,75,19.0,1000,Free,0.0,Everyone,Travel & Local,"May 23, 2018",2.9.0,4.1 and up,,,,,Unknown,,,,
Light Meter - EV,PHOTOGRAPHY,4.0,26,8.5,1000,Free,0.0,Everyone,Photography,"August 2, 2018",4.1.1,4.4 and up,,,,,Unknown,,,,
EV Finder,TOOLS,4.3,29,23.0,1000,Free,0.0,Everyone,Tools,"February 7, 2017",2.7,2.3 and up,,,,,Unknown,,,,
EV Real Estate Search,LIFESTYLE,4.1,88,20.0,5000,Free,0.0,Everyone,Lifestyle,"July 13, 2018",5.600.49,4.0.3 and up,,,,,Unknown,,,,
Ev Dizayn,LIFESTYLE,3.6,30,5.2,5000,Free,0.0,Everyone,Lifestyle,"March 4, 2015",1.0,4.0 and up,,,,,Unknown,,,,
Power Plug EV charger,MAPS_AND_NAVIGATION,3.7,13,3.9,1000,Free,0.0,Everyone,Maps & Navigation,"December 22, 2014",1.1,2.3.3 and up,,,,,Unknown,,,,
Builder Craft: House Building & Exploration,FAMILY,4.2,20807,52.0,1000000,Free,0.0,Everyone 10+,Simulation,"August 2, 2017",1.3,4.1 and up,,,,,Unknown,,,,
Texas Hold'em EV Calculator,TOOLS,3.7,6,1.3,1000,Free,0.0,Everyone,Tools,"November 8, 2015",1.0,2.3 and up,,,,,Unknown,,,,
Bird - Enjoy The Ride,TRAVEL_AND_LOCAL,4.3,2649,25.0,500000,Free,0.0,Everyone,Travel & Local,"August 3, 2018",4.1.1,4.4 and up,,,,,Unknown,,,,
German Vocabulary Trainer,FAMILY,3.3,1218,1.0,100000,Free,0.0,Everyone,Education,"August 24, 2012",1.0,2.1 and up,,,,,Unknown,,,,
REV Robotic Enhance Vehicles,FAMILY,4.4,2558,61.0,100000,Free,0.0,Everyone,Entertainment,"January 16, 2018",2.0.11,4.4 and up,,,,,Unknown,,,,
Electric Car Taxi Driver: NY City Cab Taxi Games,FAMILY,4.0,5886,54.0,1000000,Free,0.0,Everyone,Simulation,"May 28, 2018",1.2,4.0 and up,,,,,Unknown,,,,
EV Calculator,TOOLS,4.9,85,19.0,1000,Free,0.0,Everyone,Tools,"July 5, 2018",1.20,4.1 and up,,,,,Unknown,,,,
Home Decoration Game,FAMILY,4.0,17543,19.0,5000000,Free,0.0,Everyone,Casual,"January 25, 2018",3.0.1,4.0 and up,,,,,Unknown,,,,
PokeType - Dex,FAMILY,4.6,36813,33.0,500000,Free,0.0,Everyone,Entertainment,"May 1, 2018",4.2.0,4.1 and up,,,,,Unknown,,,,
Survival Forest : Survivor Home Builder,FAMILY,3.6,9389,64.0,1000000,Free,0.0,Teen,Simulation,"May 31, 2018",1.3.4,4.0 and up,,,,,Unknown,,,,
Room Creator Interior Design,HOUSE_AND_HOME,3.9,59660,72.0,1000000,Free,0.0,Everyone,House & Home,"March 14, 2017",3.4,2.3 and up,,,,,Unknown,,,,
Doll House Design & Decoration 2: Girls House Game,FAMILY,3.9,2338,45.0,100000,Free,0.0,Everyone,Simulation,"May 29, 2018",1.1,4.1 and up,,,,,Unknown,,,,
eCooltra: scooter sharing. Share electric scooters,TRAVEL_AND_LOCAL,4.2,2822,27.0,100000,Free,0.0,Everyone,Travel & Local,"July 27, 2018",1.21.2,4.1 and up,,,,,Unknown,,,,
Design Home,FAMILY,4.4,539931,69.0,10000000,Free,0.0,Everyone,Simulation,"August 6, 2018",1.11.01,4.2 and up,,,,,Unknown,,,,
PeopleTV - Watch Celebrity News,FAMILY,4.3,2223,8.6,100000,Free,0.0,Teen,Entertainment,"March 28, 2018",1.2.0.8,4.1 and up,,,,,Unknown,,,,
Water Surfer Racing In Moto,GAME,4.3,2233,36.0,1000000,Free,0.0,Everyone,Racing,"February 28, 2018",1.1,2.3 and up,,,,,Unknown,,,,
EW Widgets for Zooper,TOOLS,3.4,5,1.9,100,Free,0.0,Everyone,Tools,"December 3, 2016",1.0.2,4.0.3 and up,,,,,Unknown,,,,
The List,NEWS_AND_MAGAZINES,3.5,66,12.0,10000,Free,0.0,Everyone,News & Magazines,"June 1, 2017",6.11,4.1 and up,,,,,Unknown,,,,
European War 6: 1804,FAMILY,4.2,1330,96.0,10000,Paid,0.99,Teen,Strategy,"July 18, 2018",1.1.0,4.4 and up,,,,,Unknown,,,,
XCOM®: Enemy Within,FAMILY,4.2,13752,21.0,100000,Paid,9.99,Mature 17+,Strategy,"October 24, 2017",1.7.0,4.0 and up,,,,,Unknown,,,,
European War 5:Empire,FAMILY,3.8,9513,82.0,100000,Free,0.0,Everyone 10+,Strategy,"June 8, 2018",1.2.6,4.0.3 and up,,,,,Unknown,,,,
Rescue Robots Survival Games,GAME,4.0,27557,69.0,5000000,Free,0.0,Teen,Action,"July 6, 2018",F2i,4.1 and up,,,,,Unknown,,,,
Raytheon F-16 EW 360 VR,FAMILY,4.5,6,22.0,500,Free,0.0,Everyone,Entertainment,"June 9, 2017",1.0.01,4.4 and up,,,,,Unknown,,,,
Pregnant Emergency Surgery,FAMILY,3.8,127229,34.0,10000000,Free,0.0,Everyone,Casual,"September 7, 2017",1.1.14,4.0 and up,,,,,Unknown,,,,
Eddsworld Amino,SOCIAL,4.9,3071,63.0,10000,Free,0.0,Teen,Social,"July 13, 2018",1.8.19106,4.0.3 and up,,,,,Unknown,,,,
Storm Shield,WEATHER,3.5,2000,14.0,100000,Free,0.0,Everyone,Weather,"July 31, 2018",4.1.12,5.0 and up,,,,,Unknown,,,,
EdiRange,TOOLS,3.0,736,1.8,100000,Free,0.0,Everyone,Tools,"July 5, 2017",1.11,4.0.3 and up,,,,,Unknown,,,,
TRANSFORMERS: Earth Wars,FAMILY,4.5,256219,95.0,10000000,Free,0.0,Everyone,Strategy,"July 31, 2018",1.64.0.21247,4.2 and up,,,,,Unknown,,,,
Beard Live Camera Photo Editor,BEAUTY,4.7,900,30.0,5000,Free,0.0,Everyone,Beauty,"March 25, 2018",1.1,4.0.3 and up,,,,,Unknown,,,,
No Pimple - Fun games,FAMILY,3.3,24091,16.0,5000000,Free,0.0,Teen,Casual,"August 4, 2016",1.1.0,2.3 and up,,,,,Unknown,,,,
OMG Gross Zit - Date Nightmare,FAMILY,3.7,70105,67.0,10000000,Free,0.0,Everyone,Casual,"June 6, 2018",1.0.3,4.1 and up,,,,,Unknown,,,,
Garden Fever - Free!,FAMILY,3.9,13253,12.0,1000000,Free,0.0,Everyone,Puzzle,"August 9, 2016",2.1.080,2.3 and up,,,,,Unknown,,,,
GO SMS PRO EMOJI PLUGIN,PERSONALIZATION,3.5,84779,8.5,5000000,Free,0.0,Everyone,Personalization,"June 4, 2018",2.4,4.0 and up,,,,,Unknown,,,,
Bike Race - Bike Blast Rush,GAME,4.4,83891,48.0,10000000,Free,0.0,Everyone,Action,"July 19, 2018",3.1,4.0 and up,,,,,Unknown,,,,
Subway Simulator 3D,FAMILY,4.0,25489,62.0,1000000,Free,0.0,Everyone,Simulation,"August 6, 2018",2.9.0,4.1 and up,,,,,Unknown,,,,
XCOM: TBG,FAMILY,4.0,2294,95.0,100000,Free,0.0,Everyone,Entertainment,"January 9, 2017",1.2.1,2.3 and up,,,,,Unknown,,,,
ETERNITY WARRIORS 2,GAME,4.6,568391,5.2,5000000,Free,0.0,Teen,Action,"July 1, 2014",4.3.1,2.1 and up,,,,,Unknown,,,,
Deus Ex GO,FAMILY,4.5,9699,23.0,100000,Paid,0.99,Teen,Puzzle,"July 23, 2018",2.1.111374,4.2 and up,,,,,Unknown,,,,
ADWLauncher 1 EX,PERSONALIZATION,4.3,28728,2.8,500000,Paid,2.49,Everyone,Personalization,"July 27, 2013",1.3.3.9,1.6 and up,,,,,Unknown,,,,
GO Launcher EX UI5.0 theme,PERSONALIZATION,4.3,111634,13.0,5000000,Free,0.0,Everyone,Personalization,"May 26, 2014",2.08,2.0 and up,,,,,Unknown,,,,
Device Info Ex Live Wallpaper,PERSONALIZATION,4.1,2645,1.1,50000,Paid,0.99,Everyone,Personalization,"December 20, 2015",11.0.0,2.1 and up,,,,,Unknown,,,,
GO Weather EX Theme White,WEATHER,4.2,8723,4.6,500000,Free,0.0,Everyone,Weather,"August 27, 2014",1.0,2.2 and up,,,,,Unknown,,,,
Advanced EX for HYUNDAI,TOOLS,2.7,168,0.17,5000,Paid,4.99,Everyone,Tools,"March 14, 2015",1.10,1.6 and up,,,,,Unknown,,,,
MIUI Style GO Weather EX,WEATHER,4.2,2115,1.1,500000,Free,0.0,Everyone,Weather,"July 4, 2014",1.3,1.6 and up,,,,,Unknown,,,,
Remote EX for NISSAN,COMMUNICATION,2.3,223,1.0,5000,Paid,1.49,Everyone,Communication,"July 26, 2014",1.3,3.0 and up,,,,,Unknown,,,,
Get Over Your Ex,DATING,4.1,10,11.0,5000,Free,0.0,Everyone,Dating,"April 12, 2017",1.1,4.0.3 and up,,,,,Unknown,,,,
Advanced EX for MITSUBISHI,TOOLS,2.9,33,0.141,1000,Paid,4.99,Everyone,Tools,"August 21, 2015",1.1,1.6 and up,,,,,Unknown,,,,
Advanced EX for KIA,TOOLS,3.3,257,0.16,5000,Paid,4.99,Everyone,Tools,"March 14, 2015",1.4,1.6 and up,,,,,Unknown,,,,
Advanced EX for NISSAN,TOOLS,2.9,164,0.144,5000,Paid,4.99,Everyone,Tools,"March 14, 2015",1.3,1.6 and up,,,,,Unknown,,,,
Advanced EX for FIAT,TOOLS,3.5,138,0.141,5000,Paid,4.99,Everyone,Tools,"March 5, 2015",1.6,1.6 and up,,,,,Unknown,,,,
Advanced EX for RENAULT,TOOLS,2.8,130,0.143,5000,Paid,4.99,Everyone,Tools,"March 14, 2015",1.1,1.6 and up,,,,,Unknown,,,,
Aurum Blade EX,FAMILY,4.3,28151,17.0,1000000,Free,0.0,Everyone 10+,Role Playing,"June 4, 2015",1.0.2,2.2 and up,,,,,Unknown,,,,
SCI-Ex,HEALTH_AND_FITNESS,3.5,8,7.9,1000,Free,0.0,Everyone,Health & Fitness,"June 28, 2018",1.0060.b0060,5.0 and up,,,,,Unknown,,,,
Papyrus Ex,TOOLS,4.6,1092,0.19,100000,Free,0.0,Everyone,Tools,"June 27, 2012",2.3.3,2.1 and up,,,,,Unknown,,,,
GLASS GO Launcher EX Theme,PERSONALIZATION,4.2,18280,6.0,1000000,Free,0.0,Everyone,Personalization,"January 8, 2015",1.28,1.6 and up,,,,,Unknown,,,,
Moonlight GO Weather EX,WEATHER,4.2,11510,3.5,1000000,Free,0.0,Everyone,Weather,"August 28, 2014",1.4,2.2 and up,,,,,Unknown,,,,
My Ex Girlfriend Comes Back,FAMILY,3.7,3258,26.0,500000,Free,0.0,Everyone,Casual,"March 4, 2016",1.0.0,2.3 and up,,,,,Unknown,,,,
An Elite Warrior Ex,GAME,4.7,15,93.0,100,Paid,0.99,Everyone,Adventure,"November 21, 2016",1.59,4.0.3 and up,,,,,Unknown,,,,
Gods Wars Ex : Vampire,FAMILY,3.9,1550,21.0,100000,Free,0.0,Teen,Role Playing,"October 28, 2017",1.0.6,3.0 and up,,,,,Unknown,,,,
BakaReader EX,BOOKS_AND_REFERENCE,4.3,8894,2.3,100000,Free,0.0,Everyone,Books & Reference,"July 23, 2018",1.1.51,4.0 and up,,,,,Unknown,,,,
X your Ex - Break Up Treatment,HEALTH_AND_FITNESS,4.0,32,64.0,5000,Free,0.0,Everyone,Health & Fitness,"May 20, 2017",3.9,4.1 and up,,,,,Unknown,,,,
Ex Quotes,LIFESTYLE,4.4,129,8.1,50000,Free,0.0,Everyone 10+,Lifestyle,"June 16, 2018",3.0.1,4.1 and up,,,,,Unknown,,,,
GO Contacts EX Black & Grey,PERSONALIZATION,3.7,21,0.376,500,Paid,0.99,Everyone,Personalization,"September 24, 2013",1.0,1.6 and up,,,,,Unknown,,,,
CYANOGEN GO Launcher EX Theme,PERSONALIZATION,4.3,60298,13.0,5000000,Free,0.0,Everyone,Personalization,"January 8, 2015",1.38,1.6 and up,,,,,Unknown,,,,
Ex Service Taxis,BUSINESS,3.5,15,8.0,1000,Free,0.0,Everyone,Business,"October 21, 2015",20.7.9.2,2.3 and up,,,,,Unknown,,,,
S.O.L : Stone of Life EX,FAMILY,4.3,171220,42.0,5000000,Free,0.0,Everyone 10+,Role Playing,"July 28, 2015",1.2.6,2.3.3 and up,,,,,Unknown,,,,
How To Get Your Ex Back Fast,LIFESTYLE,4.0,22,19.0,5000,Free,0.0,Everyone,Lifestyle,"February 7, 2018",15.0,4.0.3 and up,,,,,Unknown,,,,
ExDialer PRO Key,COMMUNICATION,4.5,5474,0.017,100000,Paid,3.99,Everyone,Communication,"January 15, 2014",81,2.1 and up,,,,,Unknown,,,,
Volume Control Ex,TOOLS,4.2,5,2.5,100,Paid,1.49,Everyone,Tools,"July 30, 2018",1.6.2,4.0 and up,,,,,Unknown,,,,
Virtual Dice EX,GAME,4.3,40,3.6,5000,Free,0.0,Everyone,Board,"March 15, 2016",2.8,3.0 and up,,,,,Unknown,,,,
Black Theme Go Launcher EX,PERSONALIZATION,4.1,285,3.9,50000,Free,0.0,Teen,Personalization,"October 3, 2017",5.0,2.3 and up,,,,,Unknown,,,,
EY Events,BUSINESS,2.5,31,54.0,10000,Free,0.0,Everyone,Business,"April 4, 2018",2.6,4.1 and up,,,,,Unknown,,,,
EY GlobalOne,BUSINESS,2.7,11,6.8,1000,Free,0.0,Everyone,Business,"November 27, 2017",3.1.0,2.2 and up,,,,,Unknown,,,,
EY TaxChat,FINANCE,1.2,44,27.0,1000,Free,0.0,Everyone,Finance,"April 9, 2018",3.24.0,6.0 and up,,,,,Unknown,,,,
EY India Tax Insights,BUSINESS,4.7,87,5.1,10000,Free,0.0,Everyone,Business,"July 15, 2017",0.0.1,4.1 and up,,,,,Unknown,,,,
EY Forensics,FINANCE,4.9,7,3.4,1000,Free,0.0,Everyone,Finance,"June 17, 2016",1.0.1,4.0.3 and up,,,,,Unknown,,,,
EY India CFO Insights,BUSINESS,4.7,37,10.0,5000,Free,0.0,Everyone,Business,"June 29, 2018",1.5,4.1 and up,,,,,Unknown,,,,
EY ATL Fuel Calculator,PRODUCTIVITY,4.4,15,3.1,500,Free,0.0,Everyone,Productivity,"July 21, 2018",12,2.1 and up,,,,,Unknown,,,,
Fuel Calculator for EY,TOOLS,4.7,32,2.7,1000,Free,0.0,Everyone,Tools,"June 15, 2018",1.11,2.1 and up,,,,,Unknown,,,,
EY Digi India Personal Tax,BUSINESS,4.0,2,1.7,100,Free,0.0,Everyone,Business,"May 24, 2018",5.0,4.0.3 and up,,,,,Unknown,,,,
Pink Guy - Ey B0ss,FAMILY,4.7,13,1.2,500,Free,0.0,Everyone,Entertainment,"May 4, 2016",1.0,4.0.3 and up,,,,,Unknown,,,,
EY Staff ENTERTAINER,LIFESTYLE,4.3,218,19.0,10000,Free,0.0,Everyone,Lifestyle,"January 16, 2017",1.0.3,2.3 and up,,,,,Unknown,,,,
Ey Sey Storytime រឿងនិទានតាឥសី,FAMILY,4.7,1327,44.0,10000,Free,0.0,Everyone,Education;Education,"May 18, 2017",1.2.2,4.0.3 and up,,,,,Unknown,,,,
Eyes - The Scary Horror Game Adventure,GAME,4.4,499483,99.0,10000000,Free,0.0,Teen,Adventure,"August 2, 2018",5.6.14,4.1 and up,,,,,Unknown,,,,
EY Oil & Gas,BUSINESS,4.6,20,15.0,1000,Free,0.0,Everyone,Business,"October 12, 2017",1.4.36,4.0.3 and up,,,,,Unknown,,,,
Third Eye,TOOLS,4.4,19877,4.5,1000000,Free,0.0,Everyone,Tools,"January 7, 2018",1.1.6,4.0 and up,,,,,Unknown,,,,
Sudoku Master,GAME,4.4,58387,3.3,1000000,Free,0.0,Everyone,Word,"December 13, 2013",1.1.2,2.1 and up,,,,,Unknown,,,,
Jungle Monkey Run,GAME,4.4,54082,21.0,10000000,Free,0.0,Everyone,Adventure,"July 11, 2018",1.6.8,4.0.3 and up,,,,,Unknown,,,,
Hey That's Pretty Good!,TOOLS,4.6,222,10.0,10000,Free,0.0,Everyone,Tools,"July 29, 2016",4.2.0,2.3 and up,,,,,Unknown,,,,
Everbridge,COMMUNICATION,3.1,497,36.0,100000,Free,0.0,Everyone,Communication,"July 17, 2018",8.6.2,4.4 and up,,,,,Unknown,,,,
I am Dentist - Save my Teeth,FAMILY,4.3,7443,33.0,100000,Free,0.0,Everyone,Casual,"September 29, 2016",1.0.11,3.0 and up,,,,,Unknown,,,,
Best Auto Call Recorder Free,COMMUNICATION,3.7,7,4.3,500,Free,0.0,Everyone,Communication,"October 2, 2017",2.1,4.1 and up,,,,,Unknown,,,,
Etihad Airways,TRAVEL_AND_LOCAL,4.1,3674,61.0,500000,Free,0.0,Everyone,Travel & Local,"July 9, 2018",1.8.1 (41),5.0 and up,,,,,Unknown,,,,
Beach Volleyball 3D,SPORTS,4.2,43191,14.0,5000000,Free,0.0,Everyone,Sports,"January 10, 2018",1.0.3,2.1 and up,,,,,Unknown,,,,
Organizer,PRODUCTIVITY,4.4,936,5.4,50000,Paid,2.99,Everyone,Productivity,"June 17, 2018",2.96,4.0 and up,,,,,Unknown,,,,
EZ Video Download for Facebook,SOCIAL,4.1,34079,1.3,1000000,Free,0.0,Teen,Social,"March 14, 2017",2.001,4.0.3 and up,,,,,Unknown,,,,
EZ Cleaner - Booster Optimizer,TOOLS,4.4,6801,2.8,500000,Free,0.0,Everyone,Tools,"January 8, 2018",1.3.1,4.0.3 and up,,,,,Unknown,,,,
EZ PZ RPG,FAMILY,3.8,70903,47.0,1000000,Free,0.0,Everyone 10+,Role Playing,"October 27, 2016",2.164.4,2.3 and up,,,,,Unknown,,,,
EZ Inspections,PRODUCTIVITY,2.8,160,7.6,10000,Free,0.0,Everyone,Productivity,"July 27, 2018",4.5.24,4.2 and up,,,,,Unknown,,,,
EZ-ELD Update,AUTO_AND_VEHICLES,3.1,14,4.6,1000,Free,0.0,Everyone,Auto & Vehicles,"February 9, 2018",16.00,4.3 and up,,,,,Unknown,,,,
EZ Display,PRODUCTIVITY,2.9,280,10.0,50000,Free,0.0,Everyone,Productivity,"November 14, 2014",1.0.0.457,4.0 and up,,,,,Unknown,,,,
EZ Web Video Cast | Chromecast,VIDEO_PLAYERS,4.1,1276,4.6,100000,Free,0.0,Everyone,Video Players & Editors,"December 14, 2017",1.0,4.4 and up,,,,,Unknown,,,,
ez Share Android app,PHOTOGRAPHY,3.3,1461,13.0,100000,Free,0.0,Everyone,Photography,"August 31, 2017",3.2.6,2.3 and up,,,,,Unknown,,,,
EZ File Manager(Root Explorer),PRODUCTIVITY,3.5,626,1.2,100000,Free,0.0,Everyone,Productivity,"June 23, 2015",1.1,3.2 and up,,,,,Unknown,,,,
EZ Launcher,PERSONALIZATION,4.2,18926,2.9,1000000,Free,0.0,Everyone,Personalization,"September 28, 2013",0.5.2 beta,2.2 and up,,,,,Unknown,,,,
EZ-SEE,VIDEO_PLAYERS,2.8,71,10.0,10000,Free,0.0,Everyone,Video Players & Editors,"July 18, 2018",3.08,5.0 and up,,,,,Unknown,,,,
EZ-ELD Driver App (Free),AUTO_AND_VEHICLES,2.1,83,4.8,5000,Free,0.0,Everyone,Auto & Vehicles,"July 29, 2018",1.0.12,4.3 and up,,,,,Unknown,,,,
Ez Mirror Match,GAME,4.4,3344,36.0,500000,Free,0.0,Everyone,Arcade,"January 3, 2018",2.1,4.0 and up,,,,,Unknown,,,,
EZ Notes Lite,PRODUCTIVITY,4.4,69,3.5,1000,Free,0.0,Everyone,Productivity,"July 8, 2016",2.79,4.0 and up,,,,,Unknown,,,,
Dream EZ,HEALTH_AND_FITNESS,4.1,107,50.0,10000,Free,0.0,Everyone,Health & Fitness,"March 24, 2016",1.0.0,3.0 and up,,,,,Unknown,,,,
Ez Texting,BUSINESS,3.3,49,0.051,10000,Free,0.0,Everyone,Business,"January 18, 2012",0.59,2.1 and up,,,,,Unknown,,,,
EZ TV Player,VIDEO_PLAYERS,3.5,51,11.0,10000,Free,0.0,Everyone,Video Players & Editors,"June 26, 2018",8.0.9,5.0 and up,,,,,Unknown,,,,
EZ-GUI Ground Station,TOOLS,4.7,3696,29.0,50000,Free,0.0,Everyone,Tools,"August 10, 2017",4.5,4.3 and up,,,,,Unknown,,,,
Ez iCam,PHOTOGRAPHY,3.1,7300,46.0,1000000,Free,0.0,Teen,Photography,"January 12, 2018",V4.1.0,5.0 and up,,,,,Unknown,,,,
E-Z App™ Train Control,TOOLS,4.3,33,46.0,1000,Free,0.0,Everyone,Tools,"December 6, 2016",1.0,4.3 and up,,,,,Unknown,,,,
EZ App Installer,TOOLS,4.1,533,1.4,100000,Free,0.0,Everyone,Tools,"July 22, 2017",1.4.13,4.0 and up,,,,,Unknown,,,,
EZ Clock & Weather Widget,WEATHER,4.2,6849,1.2,1000000,Free,0.0,Everyone,Weather,"March 5, 2014",v1.9.6 beta 1,2.1 and up,,,,,Unknown,,,,
EZ Pass,TOOLS,2.5,15,0.228,5000,Free,0.0,Everyone,Tools,"September 10, 2016",1.3,2.3 and up,,,,,Unknown,,,,
EZ View,BUSINESS,3.0,287,9.8,50000,Free,0.0,Everyone,Business,"October 26, 2015",1.0.0.32,4.0 and up,,,,,Unknown,,,,
EZ TAG Express,TRAVEL_AND_LOCAL,3.2,86,39.0,10000,Free,0.0,Everyone,Travel & Local,"May 17, 2018",2.5.186032,4.4 and up,,,,,Unknown,,,,
EZ Wifi Notification,COMMUNICATION,4.3,260,0.193,10000,Free,0.0,Everyone,Communication,"August 11, 2014",1.8,2.2 and up,,,,,Unknown,,,,
EZ-VPNGate,TOOLS,4.3,36,12.0,5000,Free,0.0,Everyone,Tools,"August 21, 2017",1.0.7,4.0.3 and up,,,,,Unknown,,,,
EZ Switch Widget,PRODUCTIVITY,4.2,2412,0.192,100000,Free,0.0,Everyone,Productivity,"September 27, 2012",0.1.8 beta,2.2 and up,,,,,Unknown,,,,
EZ-Builder Mobile,FAMILY,4.3,51,57.0,5000,Free,0.0,Everyone,Education,"April 2, 2018",2018.04.02.00,3.0 and up,,,,,Unknown,,,,
EZ LED,TOOLS,2.2,19,2.1,1000,Free,0.0,Everyone,Tools,"September 5, 2017",1.1,4.3 and up,,,,,Unknown,,,,
F&M Bank - EZ Banking,FINANCE,3.9,49,3.9,10000,Free,0.0,Everyone,Finance,"February 24, 2017",3.34.0+1702241319.a,4.1 and up,,,,,Unknown,,,,
My EZ-Link Mobile,LIFESTYLE,2.8,3187,11.0,100000,Free,0.0,Everyone,Lifestyle,"January 27, 2017",1.0.11,4.0 and up,,,,,Unknown,,,,
EZ Financial Calculator,FINANCE,4.4,32,2.3,1000,Free,0.0,Everyone,Finance,"January 13, 2018",2.3,4.4 and up,,,,,Unknown,,,,
EZ Quran,BOOKS_AND_REFERENCE,4.6,595,8.5,50000,Free,0.0,Everyone,Books & Reference,"June 28, 2016",6.0,4.1 and up,,,,,Unknown,,,,
EZ Screenshot,TOOLS,4.4,55,1.4,5000,Free,0.0,Everyone,Tools,"September 12, 2017",1.1.4,5.0 and up,,,,,Unknown,,,,
EZ Utilities Extension,TOOLS,3.9,33,0.473,5000,Free,0.0,Everyone,Tools,"May 5, 2016",9.0,6.0 and up,,,,,Unknown,,,,
EZ-Placard - Free Placard Calculator,TOOLS,2.9,7,2.4,1000,Free,0.0,Everyone,Tools,"October 26, 2017",2,4.1 and up,,,,,Unknown,,,,
EZ game screen recorder with audio 1080P,VIDEO_PLAYERS,4.1,40,3.9,1000,Free,0.0,Everyone,Video Players & Editors,"July 13, 2017",1.0.0,5.0 and up,,,,,Unknown,,,,
FA Player Essentials,SPORTS,5.0,7,68.0,100,Free,0.0,Everyone,Sports,"July 23, 2018",1.6.0,4.0.3 and up,,,,,Unknown,,,,
HTC Sense Input - FA,TOOLS,4.6,1420,1.6,100000,Free,0.0,Everyone,Tools,"November 9, 2015",1.0.606863,5.0 and up,,,,,Unknown,,,,
Facebook Face to Face Events,BUSINESS,4.4,4518,26.0,1000000,Free,0.0,Everyone,Business,"March 1, 2018",1.5,4.1 and up,,,,,Unknown,,,,
FA Part 1 & 2 Past Papers Solved Free – Offline,BOOKS_AND_REFERENCE,3.9,46,3.0,5000,Free,0.0,Everyone,Books & Reference,"April 30, 2018",1.1,4.0 and up,,,,,Unknown,,,,
CNY Slots : Gong Xi Fa Cai 发财机,GAME,3.6,33,71.0,5000,Free,0.0,Teen,Casino,"June 6, 2017",1.2,4.0.3 and up,,,,,Unknown,,,,
Il Coccodrillo Come Fa,FAMILY,3.4,17,0.246,1000,Free,0.0,Everyone,Entertainment,"November 21, 2014",1.0,4.0 and up,,,,,Unknown,,,,
Farsi Keyboard,TOOLS,4.3,9716,1.3,1000000,Free,0.0,Everyone,Tools,"April 10, 2018",4.7,4.0 and up,,,,,Unknown,,,,
Golden HoYeah Slots - Real Casino Slots,GAME,4.4,201537,68.0,5000000,Free,0.0,Teen,Casino,"August 1, 2018",2.1.7,4.0.3 and up,,,,,Unknown,,,,
FaFaFa™ Gold Casino: Free slot machines,GAME,4.3,11051,44.0,1000000,Free,0.0,Teen,Casino,"June 25, 2018",1.9.58,4.0.3 and up,,,,,Unknown,,,,
Messenger Messenger,SOCIAL,4.3,38826,7.0,10000000,Free,0.0,Everyone,Social,"August 7, 2018",1.6,4.1 and up,,,,,Unknown,,,,
Heart of Vegas™ Slots – Free Slot Casino Games,GAME,4.5,264282,48.0,10000000,Free,0.0,Teen,Casino,"July 12, 2018",3.10.43,4.0.3 and up,,,,,Unknown,,,,
Authy 2-Factor Authentication,TOOLS,4.3,15070,6.3,1000000,Free,0.0,Everyone,Tools,"July 30, 2018",23.2.7,4.0.3 and up,,,,,Unknown,,,,
Facejjang,PHOTOGRAPHY,4.1,100179,96.0,10000000,Free,0.0,Everyone,Photography,"May 17, 2018",2.52,4.0.3 and up,,,,,Unknown,,,,
Block Puzzle - Wood Legend,FAMILY,4.4,318867,10.0,10000000,Free,0.0,Everyone,Puzzle,"July 6, 2018",26.0,4.0.3 and up,,,,,Unknown,,,,
Soccer 2018,SPORTS,3.5,172373,47.0,10000000,Free,0.0,Everyone,Sports,"July 12, 2018",1.3,4.3 and up,,,,,Unknown,,,,
Flash Light on Call & SMS,TOOLS,4.1,25438,3.2,1000000,Free,0.0,Everyone,Tools,"April 24, 2018",1.2.3,4.0.3 and up,,,,,Unknown,,,,
Swift for Facebook Lite,SOCIAL,4.3,9562,5.8,500000,Free,0.0,Teen,Social,"May 31, 2018",4.1.0,Varies with device,,,,,Unknown,,,,
Friendly for Facebook,SOCIAL,4.5,42621,23.0,1000000,Free,0.0,Teen,Social,"August 7, 2018",2.1.05,4.4 and up,,,,,Unknown,,,,
Mini for fb lite,TOOLS,4.0,710,1.1,100000,Free,0.0,Everyone,Tools,"May 24, 2018",1.0,2.3 and up,,,,,Unknown,,,,
Faster for Facebook Lite,SOCIAL,4.3,24456,4.6,1000000,Free,0.0,Teen,Social,"May 29, 2018",4.7,4.1 and up,,,,,Unknown,,,,
Who Viewed My FB Profile,FAMILY,3.4,121,6.3,10000,Free,0.0,Everyone,Entertainment,"December 26, 2017",2.0,4.0.3 and up,,,,,Unknown,,,,
Lite for Facebook Messenger,COMMUNICATION,4.3,76498,4.3,1000000,Free,0.0,Teen,Communication,"June 20, 2018",6.3.2,Varies with device,,,,,Unknown,,,,
Profile Tracker - Who Viewed My Facebook Profile,SOCIAL,4.7,37090,4.8,500000,Free,0.0,Teen,Social,"August 1, 2018",5.4,4.1 and up,,,,,Unknown,,,,
Who viewed my fb profile pro★★,FAMILY,4.5,6396,4.2,100000,Free,0.0,Everyone,Entertainment,"August 17, 2017",24.4,4.1 and up,,,,,Unknown,,,,
Video Downloader For FB: Save FB Videos 2018,TOOLS,4.3,434,3.6,50000,Free,0.0,Everyone,Tools,"August 8, 2018",1.1.9,4.0.3 and up,,,,,Unknown,,,,
Pink Color for Facebook,SOCIAL,4.1,5285,4.0,500000,Free,0.0,Everyone,Social,"July 1, 2018",2.0.5,4.1 and up,,,,,Unknown,,,,
Messenger,SOCIAL,4.1,68025,3.9,10000000,Free,0.0,Everyone,Social,"April 16, 2018",1.0,4.1 and up,,,,,Unknown,,,,
"Stickers for Imo, fb, whatsapp",SOCIAL,4.4,214,8.7,10000,Free,0.0,Teen,Social,"October 23, 2016",1.0.0.2,2.3 and up,,,,,Unknown,,,,
Cover Camera for FB,PHOTOGRAPHY,3.8,742,1.8,100000,Free,0.0,Everyone,Photography,"March 9, 2014",3.0.0,2.2 and up,,,,,Unknown,,,,
MB Notifications for FB (Free),SOCIAL,3.9,3047,1.5,100000,Free,0.0,Teen,Social,"April 29, 2015",1.17.0,2.3 and up,,,,,Unknown,,,,
MultiMessage for FB Messenger,PRODUCTIVITY,4.2,182,7.0,50000,Free,0.0,Everyone,Productivity,"April 28, 2018",1.0.1,4.2 and up,,,,,Unknown,,,,
FB Live,BUSINESS,3.7,27,18.0,5000,Free,0.0,Everyone,Business,"May 17, 2018",1.2.0,5.0 and up,,,,,Unknown,,,,
Phoenix - Facebook & Messenger,SOCIAL,4.3,9606,3.4,100000,Free,0.0,Teen,Social,"July 18, 2018",2.2.0717,5.0 and up,,,,,Unknown,,,,
Faster Social for Facebook,SOCIAL,4.2,1236,3.3,100000,Free,0.0,Teen,Social,"August 2, 2018",1.8,4.3 and up,,,,,Unknown,,,,
Check Your Visitors on FB ?,SOCIAL,3.6,40,1.5,5000,Free,0.0,Everyone,Social,"February 17, 2017",4.4,4.2 and up,,,,,Unknown,,,,
Videos downloader for Facebook:fast fb video saver,VIDEO_PLAYERS,4.3,20,5.1,5000,Free,0.0,Everyone,Video Players & Editors,"April 27, 2018",1.0.0,4.0.3 and up,,,,,Unknown,,,,
Stickers for Facebook,SOCIAL,4.3,11066,10.0,1000000,Free,0.0,Everyone,Social,"March 13, 2018",1.4,4.4 and up,,,,,Unknown,,,,
Video Download For FB,TOOLS,4.3,444,1.6,100000,Free,0.0,Everyone,Tools,"July 14, 2017",1.0,3.0 and up,,,,,Unknown,,,,
Video Downloader for FB : Video Download with Link,VIDEO_PLAYERS,4.5,1060,3.2,100000,Free,0.0,Everyone,Video Players & Editors,"December 20, 2017",2.1,4.0 and up,,,,,Unknown,,,,
Video Downloader for FB,TOOLS,4.3,53,3.0,5000,Free,0.0,Everyone,Tools,"August 1, 2018",1.0.1,4.0.3 and up,,,,,Unknown,,,,
FB Photographie,PHOTOGRAPHY,4.7,37,10.0,1000,Free,0.0,Everyone,Photography,"May 22, 2016",2.0,4.0 and up,,,,,Unknown,,,,
Lite Messenger for Facebook Lite,SOCIAL,3.8,108,2.8,10000,Free,0.0,Teen,Social,"May 28, 2018",3.1,4.2 and up,,,,,Unknown,,,,
Download Facebook Photo Albums,TOOLS,4.0,3840,2.5,100000,Free,0.0,Everyone,Tools,"June 2, 2017",2.4,4.4 and up,,,,,Unknown,,,,
Mini for Facebook lite,SOCIAL,4.1,260,1.3,10000,Free,0.0,Teen,Social,"June 21, 2018",1.2,3.0 and up,,,,,Unknown,,,,
funny Image Comments for FB,SOCIAL,3.9,19,15.0,5000,Free,0.0,Teen,Social,"February 13, 2018",2.0,4.1 and up,,,,,Unknown,,,,
IDM for Facebook ★ Downloader,PRODUCTIVITY,4.3,1905,3.1,100000,Free,0.0,Everyone,Productivity,"October 17, 2015",7.95,2.3 and up,,,,,Unknown,,,,
"Unlimited Group Links - Whatsapp, FB, Telegram",SOCIAL,3.4,44,2.8,10000,Free,0.0,Mature 17+,Social,"July 3, 2018",4.0,4.0.3 and up,,,,,Unknown,,,,
HD VideoDownlaoder For Fb : XXVideo Downloader,VIDEO_PLAYERS,4.2,61,6.1,10000,Free,0.0,Everyone,Video Players & Editors,"July 30, 2018",1.0.3,4.0.3 and up,,,,,Unknown,,,,
Barca News - app for Barcelona FC Fans,SPORTS,4.5,207,4.5,10000,Free,0.0,Everyone,Sports,"November 13, 2017",2.6.0,4.0 and up,,,,,Unknown,,,,
FC Barcelona Fantasy Manager: Real football mobile,SPORTS,4.4,15221,30.0,1000000,Free,0.0,Everyone,Sports,"October 2, 2017",7.30.005,4.0.3 and up,,,,,Unknown,,,,
Classic FC 64 IN 1,FAMILY,4.2,1749,6.2,100000,Free,0.0,Everyone,Casual,"December 29, 2017",1.0.0,2.3 and up,,,,,Unknown,,,,
FC Barcelona Official Keyboard,SPORTS,4.7,5229,20.0,500000,Free,0.0,Everyone,Sports,"May 17, 2018",2.1.0.0.15734,4.1 and up,,,,,Unknown,,,,
Barcelona Live 2018—Goals & News for Barca FC Fans,SPORTS,4.6,342,38.0,10000,Free,0.0,Everyone,Sports,"August 6, 2018",2.22.0,4.2 and up,,,,,Unknown,,,,
Barcelona News - Sportfusion,SPORTS,4.4,382,20.0,10000,Free,0.0,Everyone,Sports,"March 6, 2018",3.953,4.1 and up,,,,,Unknown,,,,
Barcelona Calendar,SPORTS,4.4,670,3.1,10000,Free,0.0,Everyone,Sports,"November 17, 2017",2.2,4.0.3 and up,,,,,Unknown,,,,
"Barca News - FC Barcelona, World Foot & Transfers",SPORTS,4.8,160,6.4,10000,Free,0.0,Everyone,Sports,"August 4, 2018",4.0,4.1 and up,,,,,Unknown,,,,
FC Bayern Munich,SPORTS,4.6,37140,71.0,1000000,Free,0.0,Everyone,Sports,"August 1, 2018",1.3.11,4.1 and up,,,,,Unknown,,,,
FC BARCELONA EVENTS,SPORTS,4.3,6,11.0,100,Free,0.0,Everyone,Sports,"April 22, 2018",v2.7.11.16,4.1 and up,,,,,Unknown,,,,
Cambridge English FC,FAMILY,4.4,761,11.0,50000,Free,0.0,Everyone,Education,"October 6, 2016",2.1.0,4.0 and up,,,,,Unknown,,,,
Barcelona Live - Goal Score & News for Barca Fans,SPORTS,4.4,38,2.6,10000,Free,0.0,Everyone,Sports,"August 17, 2017",1.0,4.0 and up,,,,,Unknown,,,,
Seattle Sounders FC,SPORTS,3.3,974,33.0,10000,Free,0.0,Everyone,Sports,"August 1, 2018",2018.0.12,4.1 and up,,,,,Unknown,,,,
FCB Connect - FC Barcelona,SOCIAL,4.5,795,21.0,50000,Free,0.0,Teen,Social,"June 7, 2018",2.1.5,4.1 and up,,,,,Unknown,,,,
1. FC Köln App,SPORTS,4.6,2019,41.0,100000,Free,0.0,Everyone,Sports,"July 20, 2018",1.13.0,4.4 and up,,,,,Unknown,,,,
File Commander - File Manager/Explorer,BUSINESS,4.3,758590,12.0,100000000,Free,0.0,Everyone,Business,"August 2, 2018",Varies with device,4.1 and up,,,,,Unknown,,,,
FC Porto,SPORTS,4.9,15883,21.0,100000,Free,0.0,Everyone,Sports,"June 19, 2018",2.6.0,4.0.3 and up,,,,,Unknown,,,,
Fulham FC,SPORTS,4.3,401,2.8,10000,Free,0.0,Everyone,Sports,"August 9, 2017",5.0,2.3 and up,,,,,Unknown,,,,
Chelsea FC Official Keyboard,PRODUCTIVITY,4.5,91397,14.0,1000000,Free,0.0,Everyone,Productivity,"July 3, 2018",3.4.4,5.0 and up,,,,,Unknown,,,,
Burnley FC,SPORTS,4.9,195,29.0,5000,Free,0.0,Everyone,Sports,"August 1, 2018",2018.8.1,4.4 and up,,,,,Unknown,,,,
Atlanta United FC,SPORTS,3.7,215,76.0,10000,Free,0.0,Everyone,Sports,"June 28, 2018",2.10.5-prod-release,4.4 and up,,,,,Unknown,,,,
Barcelona Wallpaper HD,PERSONALIZATION,4.5,93,5.7,10000,Free,0.0,Everyone,Personalization,"February 28, 2018",1.10,4.1 and up,,,,,Unknown,,,,
Sydney FC Official App,SPORTS,4.6,57,17.0,5000,Free,0.0,Everyone,Sports,"June 26, 2018",3.0.0,4.1 and up,,,,,Unknown,,,,
Birmingham City FC,SPORTS,4.5,191,28.0,10000,Free,0.0,Everyone,Sports,"August 1, 2018",2018.8.1,4.4 and up,,,,,Unknown,,,,
FC Browser - Focus Privacy Browser,COMMUNICATION,4.1,26,4.6,1000,Free,0.0,Everyone,Communication,"November 24, 2017",1.0,5.0 and up,,,,,Unknown,,,,
Noticias FC Barcelona,NEWS_AND_MAGAZINES,5.0,4,3.1,100,Free,0.0,Everyone,News & Magazines,"June 15, 2018",1.3,4.4 and up,,,,,Unknown,,,,
Toronto FC,SPORTS,3.4,144,79.0,10000,Free,0.0,Teen,Sports,"May 11, 2018",4.2.5,4.3 and up,,,,,Unknown,,,,
Middlesbrough FC Official,SPORTS,4.5,152,36.0,10000,Free,0.0,Everyone,Sports,"May 29, 2018",2018.5.25,4.4 and up,,,,,Unknown,,,,
Galaxian(FC),GAME,4.5,2,7.8,100,Paid,1.99,Everyone,Arcade,"November 13, 2015",1.0,2.3 and up,,,,,Unknown,,,,
FC Red Bull Salzburg App,SPORTS,4.5,1526,89.0,50000,Free,0.0,Everyone,Sports,"August 7, 2018",4.0.4-R,5.0 and up,,,,,Unknown,,,,
FC Zenit official Android app,SPORTS,4.5,5675,49.0,100000,Free,0.0,Everyone,Sports,"April 18, 2018",3.0.10,4.1 and up,,,,,Unknown,,,,
Fan App for Portsmouth FC,SPORTS,4.5,53,12.0,1000,Free,0.0,Teen,Sports,"August 6, 2016",060816,4.2 and up,,,,,Unknown,,,,
Latest Barcelona News 24h,NEWS_AND_MAGAZINES,4.5,104,3.0,10000,Free,0.0,Everyone,News & Magazines,"January 6, 2018",1.3,4.0 and up,,,,,Unknown,,,,
Mobile FC,SPORTS,4.1,5015,57.0,100000,Free,0.0,Everyone,Sports,"May 25, 2018",125,4.0.3 and up,,,,,Unknown,,,,
"FirstCry Baby & Kids Shopping, Fashion & Parenting",SHOPPING,4.1,41074,16.0,5000000,Free,0.0,Everyone,Shopping,"June 27, 2018",68,4.1 and up,,,,,Unknown,,,,
Fan App for Reading FC,SPORTS,3.6,9,13.0,500,Free,0.0,Teen,Sports,"August 6, 2016",060816,4.2 and up,,,,,Unknown,,,,
Deportivo Toluca FC,SPORTS,4.7,2317,5.9,50000,Free,0.0,Everyone,Sports,"July 26, 2018",2.0.20,5.0 and up,,,,,Unknown,,,,
Underdog FC,SPORTS,4.6,216,40.0,10000,Free,0.0,Everyone,Sports,"August 2, 2018",23.17,4.1 and up,,,,,Unknown,,,,
Las Vegas Lights FC,SPORTS,4.9,10,14.0,500,Free,0.0,Everyone,Sports,"March 9, 2018",2.0.833.18,4.0.3 and up,,,,,Unknown,,,,
FD Shift Calendar Widget,TOOLS,4.1,981,0.073,100000,Free,0.0,Everyone,Tools,"March 16, 2011",1.2.4,1.6 and up,,,,,Unknown,,,,
Bank FD Interest Calculator,FINANCE,4.5,166,3.5,10000,Free,0.0,Everyone,Finance,"January 7, 2018",2.5,4.0.3 and up,,,,,Unknown,,,,
FD VR Video Player - (Stored),FAMILY,3.9,751,17.0,100000,Free,0.0,Everyone,Entertainment,"November 30, 2016",3.6.1,4.4 and up,,,,,Unknown,,,,
FD Mobile,FAMILY,3.9,53,7.9,5000,Free,0.0,Everyone,Entertainment,"September 20, 2017",2.1.2,4.0.3 and up,,,,,Unknown,,,,
Formula DRIFT,SPORTS,4.6,169,19.0,10000,Free,0.0,Everyone,Sports,"July 27, 2018",2.0.855.33,4.0.3 and up,,,,,Unknown,,,,
FD VR - Virtual 3D Web Browser,FAMILY,3.8,729,30.0,100000,Free,0.0,Everyone,Entertainment,"March 9, 2018",4.6.12c,4.4 and up,,,,,Unknown,,,,
FD Community FCU Mobile,FINANCE,4.7,175,12.0,1000,Free,0.0,Everyone,Finance,"June 12, 2018",5.9.1.0,5.0 and up,,,,,Unknown,,,,
Female Daily,BEAUTY,3.9,4354,42.0,100000,Free,0.0,Teen,Beauty,"August 6, 2018",2.5.1,4.0.3 and up,,,,,Unknown,,,,
FD VR - Virtual App Launcher,LIBRARIES_AND_DEMO,4.1,1463,7.4,100000,Free,0.0,Everyone,Libraries & Demo,"November 30, 2016",3.6.1,4.4 and up,,,,,Unknown,,,,
FD VR Player - for 360 Youtube,FAMILY,3.9,100,9.1,10000,Free,0.0,Everyone,Entertainment,"November 30, 2016",3.6.1,4.4 and up,,,,,Unknown,,,,
FD VR Store -VR Games and Apps,FAMILY,4.0,105,7.5,10000,Free,0.0,Everyone,Simulation,"November 30, 2016",3.6.1,4.4 and up,,,,,Unknown,,,,
Policy And FD Manager,FINANCE,4.3,20,4.8,500,Free,0.0,Everyone,Finance,"June 9, 2018",14,4.4 and up,,,,,Unknown,,,,
FD VR - Virtual Reality Camera,FAMILY,4.0,1007,7.4,100000,Free,0.0,Everyone,Entertainment,"November 30, 2016",3.6.1,4.4 and up,,,,,Unknown,,,,
Sports Lite,SPORTS,4.4,16,4.9,1000,Free,0.0,Everyone,Sports,"July 31, 2018",1.0,4.0.3 and up,,,,,Unknown,,,,
FD VR Theater - for Youtube VR,FAMILY,4.1,4585,9.1,1000000,Free,0.0,Everyone,Entertainment,"November 30, 2016",3.6.1,4.4 and up,,,,,Unknown,,,,
Story Time FD,FAMILY,5.0,2,4.2,10,Free,0.0,Everyone 10+,Simulation,"March 25, 2016",1.1,1.6 and up,,,,,Unknown,,,,
FD Calculator | Term Deposit | Fixed Deposit,FINANCE,4.8,12,2.7,1000,Free,0.0,Everyone,Finance,"June 13, 2018",2.1,5.0 and up,,,,,Unknown,,,,
Financial Calculator India,FINANCE,4.6,13819,3.9,1000000,Free,0.0,Everyone,Finance,"July 4, 2018",3.3,4.0 and up,,,,,Unknown,,,,
"FD Calculator (EMI, SIP, RD & Loan Eligilibility)",FINANCE,5.0,104,2.3,1000,Free,0.0,Everyone,Finance,"August 7, 2018",2.1.0,4.1 and up,,,,,Unknown,,,,
FD VR Cardboard Featured 360 Videos,FAMILY,4.2,76,35.0,10000,Free,0.0,Everyone,Entertainment,"December 19, 2017",4.5.1c,4.4 and up,,,,,Unknown,,,,
"EMI, FD, RD - Bank Calculator",FINANCE,4.7,42,3.5,5000,Free,0.0,Everyone,Finance,"April 2, 2017",2.3,4.1 and up,,,,,Unknown,,,,
FD VR Player - for Youtube 3D,FAMILY,4.0,2378,9.1,500000,Free,0.0,Everyone,Entertainment,"November 30, 2016",3.6.1,4.4 and up,,,,,Unknown,,,,
RD/FD Calculator,FINANCE,4.4,92,1.5,10000,Free,0.0,Everyone,Finance,"January 31, 2017",1.2.1,4.0.3 and up,,,,,Unknown,,,,
FD VR Music Videos - MTV Pop and Rap in 360,FAMILY,4.9,15,26.0,1000,Free,0.0,Everyone,Entertainment,"December 19, 2017",4.5.3c,4.4 and up,,,,,Unknown,,,,
FD VR - Virtual Photo Gallery,FAMILY,3.5,179,7.4,10000,Free,0.0,Everyone,Entertainment,"November 30, 2016",3.6.1,4.4 and up,,,,,Unknown,,,,
Fix Deposit Calculator (FD),FINANCE,4.1,7,2.1,1000,Free,0.0,Everyone,Finance,"February 6, 2018",1.0,4.0.3 and up,,,,,Unknown,,,,
FD Interest Calculator,FINANCE,4.2,17,4.7,5000,Free,0.0,Everyone,Finance,"January 18, 2015",2.7,3.0 and up,,,,,Unknown,,,,
Deposit Calculator FD & RD,FINANCE,4.4,18,3.4,10000,Free,0.0,Everyone,Finance,"January 21, 2017",1.1,3.0 and up,,,,,Unknown,,,,
Banking Calculator,FINANCE,4.5,3704,4.6,100000,Free,0.0,Everyone,Finance,"March 20, 2018",34,2.3 and up,,,,,Unknown,,,,
FD e-paper,NEWS_AND_MAGAZINES,3.1,183,7.1,10000,Free,0.0,Everyone,News & Magazines,"July 4, 2018",2.2.9,4.1 and up,,,,,Unknown,,,,
EMI/FD/RD/PV/IRR/BEP/EOQ Calc,FINANCE,4.5,58,2.7,10000,Free,0.0,Everyone,Finance,"December 9, 2015",1.6.3,3.0 and up,,,,,Unknown,,,,
EMI Calculator | FD Calculator | RD calculator,FINANCE,4.6,106,4.4,10000,Free,0.0,Everyone,Finance,"March 19, 2018",5.3,4.0.3 and up,,,,,Unknown,,,,
LineStar for FanDuel,SPORTS,4.3,1539,14.0,50000,Free,0.0,Teen,Sports,"June 6, 2018",3.0.3,4.0.3 and up,,,,,Unknown,,,,
HD Video Download for Facebook,VIDEO_PLAYERS,4.4,20755,17.0,1000000,Free,0.0,Everyone,Video Players & Editors,"March 16, 2018",4.0.3,4.1 and up,,,,,Unknown,,,,
Santa Fe FCU Mobile Banking,FINANCE,4.3,12,9.0,1000,Free,0.0,Everyone,Finance,"January 22, 2018",1.18.4,4.0 and up,,,,,Unknown,,,,
FE Connect,TOOLS,4.8,24,4.5,5000,Free,0.0,Everyone,Tools,"September 14, 2017",2.3.0,4.0.3 and up,,,,,Unknown,,,,
FE Civil Engineering Exam Prep,FAMILY,2.8,9,21.0,1000,Free,0.0,Everyone,Education,"July 27, 2018",5.33.3669,5.0 and up,,,,,Unknown,,,,
FE CREDIT - TET VUI,FINANCE,4.1,125,15.0,50000,Free,0.0,Everyone,Finance,"March 6, 2018",1.2.1,4.1 and up,,,,,Unknown,,,,
FE Mechanical Engineering Prep,FAMILY,1.0,2,21.0,1000,Free,0.0,Everyone,Education,"July 27, 2018",5.33.3669,5.0 and up,,,,,Unknown,,,,
FE Mobile,BUSINESS,3.0,2,8.0,10,Free,0.0,Everyone,Business,"July 10, 2018",1.4.5,4.1 and up,,,,,Unknown,,,,
Comunidad De Fe Minitries,LIFESTYLE,5.0,19,11.0,500,Free,0.0,Everyone,Lifestyle,"March 1, 2018",1.1,4.1 and up,,,,,Unknown,,,,
Safe Santa Fe,FAMILY,5.0,2,12.0,1000,Free,0.0,Everyone,Education,"July 4, 2016",1.0,4.0 and up,,,,,Unknown,,,,
Santa Fe New Mexican e-Edition,NEWS_AND_MAGAZINES,4.1,25,17.0,1000,Free,0.0,Everyone,News & Magazines,"June 21, 2018",4.7.4.18.0621,4.1 and up,,,,,Unknown,,,,
Note FE Theme And Launcher For Samsung Galaxy,PERSONALIZATION,4.4,7,9.8,1000,Free,0.0,Everyone,Personalization,"August 28, 2017",1.0,4.0 and up,,,,,Unknown,,,,
FE CPS,FINANCE,3.0,62,17.0,10000,Free,0.0,Everyone,Finance,"June 26, 2017",0.1.8,4.0 and up,,,,,Unknown,,,,
Santa Fe Indian Market,FAMILY,3.8,4,30.0,500,Free,0.0,Everyone,Entertainment,"July 23, 2018",5.11,5.0 and up,,,,,Unknown,,,,
Repair Hyundai Santa Fe,AUTO_AND_VEHICLES,3.9,22,97.0,1000,Free,0.0,Everyone,Auto & Vehicles,"January 31, 2018",1.0,4.0 and up,,,,,Unknown,,,,
Santa Fe Thrive,HEALTH_AND_FITNESS,5.0,2,8.3,50,Free,0.0,Everyone,Health & Fitness,"July 9, 2018",4.2.2,4.1 and up,,,,,Unknown,,,,
Theme for Samsung Galaxy Note FE,PERSONALIZATION,4.5,52,7.9,10000,Free,0.0,Everyone,Personalization,"July 4, 2017",1.0,2.3.3 and up,,,,,Unknown,,,,
Ríos de Fe,LIFESTYLE,5.0,141,15.0,1000,Free,0.0,Everyone,Lifestyle,"March 24, 2018",1.8,4.1 and up,,,,,Unknown,,,,
FG Mobile,FAMILY,3.3,130,13.0,5000,Free,0.0,Everyone,Education,"December 21, 2017",2.0.0,4.0 and up,,,,,Unknown,,,,
Burn Your Fat With Me! FG,HEALTH_AND_FITNESS,4.5,38487,60.0,1000000,Free,0.0,Teen,Health & Fitness,"July 3, 2018",5.1.0,4.1 and up,,,,,Unknown,,,,
FG On-The-Go,TOOLS,4.9,55,25.0,1000,Free,0.0,Everyone,Tools,"June 29, 2018",2.01.0.2,4.1 and up,,,,,Unknown,,,,
BROTHER IN WARS: GUNNER CITY WARLORDS,GAME,4.3,8649,39.0,1000000,Free,0.0,Teen,Action,"July 26, 2018",1.0.3,4.2 and up,,,,,Unknown,,,,
Angry Birds Space HD,GAME,4.5,43645,46.0,5000000,Free,0.0,Everyone,Arcade,"May 25, 2018",2.2.13,4.1 and up,,,,,Unknown,,,,
Survival Prison Escape v2: Free Action Game,FAMILY,4.1,44027,52.0,5000000,Free,0.0,Mature 17+,Strategy,"February 21, 2018",1.0.9,2.3 and up,,,,,Unknown,,,,
FG VOC,BUSINESS,4.8,6,7.7,1000,Free,0.0,Everyone,Business,"August 7, 2018",2.1.5,4.1 and up,,,,,Unknown,,,,
Police Car Driver,GAME,3.8,83671,30.0,10000000,Free,0.0,Everyone 10+,Racing,"May 4, 2018",9,4.1 and up,,,,,Unknown,,,,
Modern Sniper Strike: Best Commando Action 2k18,GAME,4.1,164,17.0,10000,Free,0.0,Everyone,Action,"August 23, 2017",1.0,2.3 and up,,,,,Unknown,,,,
Moto Fighter 3D,GAME,3.9,85410,39.0,10000000,Free,0.0,Everyone 10+,Racing,"September 20, 2017",20170920,4.1 and up,,,,,Unknown,,,,
BMX Boy,GAME,4.2,839206,12.0,50000000,Free,0.0,Everyone,Racing,"September 20, 2017",1.16.33,4.1 and up,,,,,Unknown,,,,
Crazy Bike attack Racing New: motorcycle racing,GAME,4.2,20364,45.0,5000000,Free,0.0,Everyone,Racing,"July 12, 2018",1.2.1,4.1 and up,,,,,Unknown,,,,
POLARIS 2MFG,FAMILY,4.8,1228,29.0,10000,Free,0.0,Everyone,Education,"March 28, 2018",1.7,4.1 and up,,,,,Unknown,,,,
Gun Disassembly 2,FAMILY,4.1,26347,48.0,1000000,Free,0.0,Everyone 10+,Entertainment,"September 15, 2017",14.0.1,2.2 and up,,,,,Unknown,,,,
Fields of Battle,GAME,4.1,71476,50.0,1000000,Free,0.0,Everyone 10+,Action,"April 21, 2018",2.14,4.0 and up,,,,,Unknown,,,,
Ambulance Simulator 3D,FAMILY,3.9,29415,66.0,1000000,Free,0.0,Mature 17+,Simulation,"December 11, 2016",2.0.1,2.3 and up,,,,,Unknown,,,,
Leghe Fantagazzetta,SPORTS,4.1,79464,27.0,1000000,Free,0.0,Everyone,Sports,"August 6, 2018",5.0.8,4.4 and up,,,,,Unknown,,,,
Police Car Driving Sim,FAMILY,4.1,72522,51.0,10000000,Free,0.0,Everyone,Simulation,"April 10, 2018",1.54,2.3.3 and up,,,,,Unknown,,,,
Toy Attack,GAME,4.2,3878,69.0,500000,Free,0.0,Everyone,Action,"April 4, 2018",1.9,4.0.3 and up,,,,,Unknown,,,,
Field Goal Tournament,SPORTS,3.7,2980,21.0,100000,Free,0.0,Everyone,Sports,"September 1, 2015",1.2.8,2.3 and up,,,,,Unknown,,,,
Ghost In Photo,PHOTOGRAPHY,3.9,28429,14.0,5000000,Free,0.0,Teen,Photography,"March 16, 2018",2.0,2.3 and up,,,,,Unknown,,,,
Disney Princess Palace Pets,FAMILY,3.9,60097,19.0,1000000,Free,0.0,Everyone,Entertainment;Pretend Play,"February 10, 2018",5.1,4.2 and up,,,,,Unknown,,,,
Police VAZ LADA Simulator,FAMILY,3.6,3502,61.0,500000,Free,0.0,Teen,Simulation,"September 11, 2016",1.3,2.3 and up,,,,,Unknown,,,,
Scary Video Maker,FAMILY,3.7,9296,28.0,500000,Free,0.0,Teen,Entertainment,"July 24, 2018",1.14,4.1 and up,,,,,Unknown,,,,
SnowMobile Parking Adventure,GAME,3.6,12257,49.0,1000000,Free,0.0,Everyone,Racing,"September 9, 2016",1.4,2.3 and up,,,,,Unknown,,,,
PBS KIDS Games,FAMILY,4.3,12919,94.0,1000000,Free,0.0,Everyone,Educational;Education,"June 6, 2018",1.15.2,4.4 and up,,,,,Unknown,,,,
Zombie Sniper 3D III,GAME,3.9,8122,23.0,500000,Free,0.0,Mature 17+,Action,"February 28, 2017",1.8,2.3 and up,,,,,Unknown,,,,
Family Guy- Another Freakin' Mobile Game,FAMILY,4.5,221691,94.0,5000000,Free,0.0,Teen,Puzzle,"August 6, 2018",1.20.22,4.0.3 and up,,,,,Unknown,,,,
FH WiFiCam,PHOTOGRAPHY,2.6,201,2.5,10000,Free,0.0,Everyone,Photography,"May 2, 2017",2.1,4.1 and up,,,,,Unknown,,,,
HD Themes Volvo FH Trucks,PERSONALIZATION,4.4,40,13.0,5000,Free,0.0,Teen,Personalization,"June 21, 2016",1.0,2.3.3 and up,,,,,Unknown,,,,
Familial Hypercholesterolaemia Handbook,MEDICAL,1.0,2,33.0,100,Free,0.0,Everyone,Medical,"July 2, 2018",2.0.1,4.1 and up,,,,,Unknown,,,,
Wallpapers Volvo FH 16 Trucks,PERSONALIZATION,4.2,13,15.0,1000,Free,0.0,Teen,Personalization,"June 18, 2016",1.0,2.3.3 and up,,,,,Unknown,,,,
Puzzles Volvo FH 16 Trucks,FAMILY,4.8,10,8.2,1000,Free,0.0,Teen,Puzzle,"December 2, 2016",1.0,4.0 and up,,,,,Unknown,,,,
Jigsaw Volvo FH 16 Trucks,FAMILY,5.0,5,8.1,1000,Free,0.0,Teen,Puzzle,"December 1, 2016",1.0,4.0 and up,,,,,Unknown,,,,
Shoot Hunter-Gun Killer,GAME,4.3,320334,27.0,50000000,Free,0.0,Teen,Action,"August 8, 2018",1.1.2,4.1 and up,,,,,Unknown,,,,
FH® Cost Lookup / FH® CCSalud,MEDICAL,4.5,30,4.1,1000,Free,0.0,Everyone,Medical,"June 21, 2017",4.1.0,4.0.3 and up,,,,,Unknown,,,,
FH App,BUSINESS,4.9,27,6.0,100,Free,0.0,Everyone,Business,"July 26, 2018",1.0.90,4.0 and up,,,,,Unknown,,,,
FH School,FAMILY,5.0,4,5.8,100,Free,0.0,Everyone,Education,"April 11, 2018",1.0.1,4.0.3 and up,,,,,Unknown,,,,
Fast Motorcycle Driver 2016,GAME,4.2,28151,49.0,1000000,Free,0.0,Everyone 10+,Racing,"December 25, 2016",1.2,2.3.3 and up,,,,,Unknown,,,,
Wallpapers Volvo FH Truck,PERSONALIZATION,4.2,4,14.0,100,Free,0.0,Teen,Personalization,"July 31, 2016",1.0,2.3.3 and up,,,,,Unknown,,,,
Angry Shark 2016,FAMILY,4.0,73185,46.0,5000000,Free,0.0,Teen,Simulation,"November 1, 2017",1.6,4.0 and up,,,,,Unknown,,,,
First Hawaiian Bank Mobile,FINANCE,2.1,232,29.0,10000,Free,0.0,Everyone,Finance,"May 9, 2018",18.1.79,5.0 and up,,,,,Unknown,,,,
Strike! Ten Pin Bowling,SPORTS,4.2,18584,49.0,5000000,Free,0.0,Everyone,Sports,"June 27, 2018",1.7.0,4.1 and up,,,,,Unknown,,,,
My Truck,TOOLS,2.5,247,8.2,10000,Free,0.0,Everyone,Tools,"March 15, 2017",1.0.6,4.2 and up,,,,,Unknown,,,,
Talking Tom Bubble Shooter,FAMILY,4.4,687136,54.0,50000000,Free,0.0,Everyone,Casual,"May 25, 2018",1.5.3.20,4.1 and up,,,,,Unknown,,,,
Forgotten Hill: Fall,GAME,4.4,1063,18.0,50000,Free,0.0,Teen,Adventure,"October 30, 2017",1.7,3.0 and up,,,,,Unknown,,,,
Forgotten Hill Mementoes,GAME,4.6,2027,56.0,100000,Free,0.0,Teen,Adventure,"March 19, 2018",1.5,4.1 and up,,,,,Unknown,,,,
Talking Husky Dog,FAMILY,4.4,26545,40.0,1000000,Free,0.0,Everyone,Casual,"July 20, 2018",2.08,4.1 and up,,,,,Unknown,,,,
Bubble Bird Rescue,FAMILY,4.2,70753,14.0,5000000,Free,0.0,Everyone,Puzzle,"August 7, 2018",1.8.6,4.0.3 and up,,,,,Unknown,,,,
Forgotten Hill: Surgery,GAME,4.5,2431,24.0,100000,Free,0.0,Teen,Adventure,"November 3, 2017",1.4,3.0 and up,,,,,Unknown,,,,
Real Airplane Flight Simulator: Pilot Games,FAMILY,3.3,21735,37.0,1000000,Free,0.0,Everyone,Simulation,"July 11, 2018",1.0.03,4.0 and up,,,,,Unknown,,,,
Forgotten Hill: Puppeteer,GAME,4.5,2917,22.0,100000,Free,0.0,Teen,Adventure,"October 30, 2017",2.6,2.3 and up,,,,,Unknown,,,,
Airplane Fly Hawaii,FAMILY,4.1,83427,16.0,1000000,Free,0.0,Everyone,Simulation,"January 30, 2015",2.6,4.1 and up,,,,,Unknown,,,,
FiSwitch,TOOLS,4.8,615,2.0,10000,Paid,1.99,Everyone,Tools,"July 24, 2018",5.2,5.0 and up,,,,,Unknown,,,,
Signal Info,TOOLS,4.6,424,3.5,10000,Free,0.0,Everyone,Tools,"December 19, 2017",0.11,6.0 and up,,,,,Unknown,,,,
Signal Spy - Monitor Signal Strength & Data Usage,TOOLS,4.4,875,8.5,100000,Free,0.0,Everyone,Tools,"December 31, 2017",1.9.9.5,5.1 and up,,,,,Unknown,,,,
Wi-Fi Auto-connect,COMMUNICATION,3.8,15036,0.253,1000000,Free,0.0,Everyone,Communication,"August 1, 2015",1.2.0,1.6 and up,,,,,Unknown,,,,
Smart Wi-Fi Hotspot PRO,COMMUNICATION,3.7,197,0.957,10000,Paid,2.99,Everyone,Communication,"February 10, 2016",1.0,2.2 and up,,,,,Unknown,,,,
Portable Wi-Fi hotspot Premium,COMMUNICATION,3.7,481,0.42,10000,Paid,0.99,Everyone,Communication,"December 16, 2015",1.4.0.2,2.3 and up,,,,,Unknown,,,,
Avast Wi-Fi Finder,PRODUCTIVITY,4.3,37277,13.0,1000000,Free,0.0,Everyone,Productivity,"February 26, 2018",2.3.1,4.0.3 and up,,,,,Unknown,,,,
Police Field Interview FI Card,PRODUCTIVITY,4.5,112,2.4,1000,Paid,7.99,Everyone,Productivity,"March 16, 2017",3.0,4.0.3 and up,,,,,Unknown,,,,
LG Hi-Fi Plus Manager,TOOLS,3.5,154,3.4,10000,Free,0.0,Everyone,Tools,"September 6, 2016",5.0.6,6.0 and up,,,,,Unknown,,,,
WeFi - Free Fast WiFi Connect & Find Wi-Fi Map,COMMUNICATION,4.0,13469,5.1,1000000,Free,0.0,Everyone,Communication,"June 5, 2018",4.7.0.2200000,4.0 and up,,,,,Unknown,,,,
Safe Wi-Fi,PRODUCTIVITY,2.9,32,9.7,1000,Free,0.0,Everyone,Productivity,"August 3, 2018",1.3.22,4.4 and up,,,,,Unknown,,,,
[root] Pry-Fi,TOOLS,3.9,6736,0.072,500000,Free,0.0,Everyone,Tools,"February 2, 2014",1.20,4.2 and up,,,,,Unknown,,,,
WiFi Monitor Pro - analyzer of Wi-Fi networks,TOOLS,4.6,85,2.4,1000,Paid,2.99,Everyone,Tools,"July 5, 2018",1.9,4.0 and up,,,,,Unknown,,,,
Candy simply-Fi,LIFESTYLE,2.1,2390,35.0,100000,Free,0.0,Everyone,Lifestyle,"July 17, 2018",1.8.4.7,4.4 and up,,,,,Unknown,,,,
SCI-FI UI,FAMILY,4.7,15,3.9,100,Paid,1.99,Everyone,Entertainment,"April 16, 2018",0.0.53,1.6 and up,,,,,Unknown,,,,
Wi-Fi Rabbit Unlock Key,TOOLS,4.5,142,0.026,5000,Paid,1.0,Everyone,Tools,"June 26, 2011",1.0.0,2.1 and up,,,,,Unknown,,,,
Wi-Fi settings shortcut,TOOLS,4.1,479,0.029,50000,Free,0.0,Everyone,Tools,"December 13, 2013",1.4,1.6 and up,,,,,Unknown,,,,
Wi-Fi Master,TOOLS,4.5,3673,5.8,500000,Free,0.0,Everyone,Tools,"July 24, 2018",1.2.1,4.1 and up,,,,,Unknown,,,,
Micro Fi,FAMILY,3.7,39,2.8,5000,Free,0.0,Everyone,Education,"February 12, 2014",2.4,2.3.3 and up,,,,,Unknown,,,,
fi,FAMILY,2.9,691,5.8,100000,Free,0.0,Everyone,Strategy,"June 8, 2016",1.0.3,4.0 and up,,,,,Unknown,,,,
Portable Wi-Fi hotspot Free,COMMUNICATION,4.0,1711,2.1,100000,Free,0.0,Everyone,Communication,"January 11, 2018",1.2.5.4-11,2.3 and up,,,,,Unknown,,,,
Wi-Fi Networks,PRODUCTIVITY,4.2,115,1.4,10000,Free,0.0,Everyone,Productivity,"October 5, 2015",1.4,4.1 and up,,,,,Unknown,,,,
FI CFL,FINANCE,3.7,112,3.9,10000,Free,0.0,Everyone,Finance,"July 5, 2018",1.1.1,5.0 and up,,,,,Unknown,,,,
Tassa.fi Finland,LIFESTYLE,3.6,346,7.5,50000,Free,0.0,Everyone,Lifestyle,"May 22, 2018",5.5,4.0 and up,,,,,Unknown,,,,
TownWiFi | Wi-Fi Everywhere,COMMUNICATION,3.9,2372,58.0,500000,Free,0.0,Everyone,Communication,"August 2, 2018",4.2.1,4.2 and up,,,,,Unknown,,,,
Jazz Wi-Fi,COMMUNICATION,3.4,49,4.0,10000,Free,0.0,Everyone,Communication,"February 10, 2017",0.1,2.3 and up,,,,,Unknown,,,,
Xposed Wi-Fi-Pwd,PERSONALIZATION,3.5,1042,0.404,100000,Free,0.0,Everyone,Personalization,"August 5, 2014",3.0.0,4.0.3 and up,,,,,Unknown,,,,
Sat-Fi Voice,COMMUNICATION,3.4,37,14.0,1000,Free,0.0,Everyone,Communication,"November 21, 2014",2.2.1.5,2.2 and up,,,,,Unknown,,,,
Wi-Fi Visualizer,TOOLS,3.9,132,2.6,50000,Free,0.0,Everyone,Tools,"May 17, 2017",0.0.9,2.3 and up,,,,,Unknown,,,,
Lennox iComfort Wi-Fi,LIFESTYLE,3.0,552,7.6,50000,Free,0.0,Everyone,Lifestyle,"March 22, 2017",2.0.15,2.3.3 and up,,,,,Unknown,,,,
Sci-Fi Sounds and Ringtones,PERSONALIZATION,3.6,128,11.0,10000,Free,0.0,Everyone,Personalization,"September 27, 2017",4.0,4.0 and up,,,,,Unknown,,,,
Sci Fi Sounds,FAMILY,3.2,4,8.0,1000,Free,0.0,Everyone,Entertainment,"November 2, 2017",1.0,4.0 and up,,,,,Unknown,,,,
Free Wi-fi HotspoT,COMMUNICATION,4.1,382,2.3,50000,Free,0.0,Everyone,Communication,"July 20, 2018",2.5,4.0 and up,,,,,Unknown,,,,
FJ 4x4 Cruiser Offroad Driving,FAMILY,4.1,3543,49.0,500000,Free,0.0,Everyone,Simulation,"January 4, 2017",1.1,2.3 and up,,,,,Unknown,,,,
FJ 4x4 Cruiser Snow Driving,FAMILY,4.2,1619,43.0,500000,Free,0.0,Everyone,Simulation,"June 4, 2018",1.3,4.0 and up,,,,,Unknown,,,,
Wallpapers Toyota FJ Cruiser,PERSONALIZATION,4.2,78,10.0,10000,Free,0.0,Everyone,Personalization,"June 20, 2016",1.0,2.3.3 and up,,,,,Unknown,,,,
"FJ Final Join , Circles Game",GAME,4.7,32,24.0,1000,Free,0.0,Teen,Arcade,"July 11, 2018",0.24,4.3 and up,,,,,Unknown,,,,
FJ Drive: Mercedes-Benz Lease,AUTO_AND_VEHICLES,4.6,107,27.0,10000,Free,0.0,Everyone,Auto & Vehicles,"November 6, 2017",2.0.0,4.1 and up,,,,,Unknown,,,,
Driving n Parking School 2017,FAMILY,4.5,15,46.0,1000,Free,0.0,Everyone,Simulation,"May 31, 2017",1.0,2.3 and up,,,,,Unknown,,,,
Offroad Cruiser,FAMILY,4.3,42432,36.0,1000000,Free,0.0,Everyone,Simulation,"July 13, 2016",1.3,2.3.3 and up,,,,,Unknown,,,,
HD Themes Toyota Cruiser 70,PERSONALIZATION,4.5,86,17.0,10000,Free,0.0,Teen,Personalization,"October 2, 2016",1.0,2.3.3 and up,,,,,Unknown,,,,
Toyota Cruisers & Trucks Mag,TRAVEL_AND_LOCAL,4.5,10,8.0,500,Free,0.0,Everyone,Travel & Local,"March 14, 2018",3.0.0,4.4 and up,,,,,Unknown,,,,
4 x4 Offroad SUV 3D Truck Simulator Driving 2017,FAMILY,4.4,32,37.0,1000,Free,0.0,Everyone,Simulation,"December 6, 2017",1.0,2.3 and up,,,,,Unknown,,,,
Cake Shop - Kids Cooking,FAMILY,4.3,30668,33.0,5000000,Free,0.0,Everyone,Casual;Pretend Play,"July 16, 2018",2.1.3181,4.0.3 and up,,,,,Unknown,,,,
OFF-ROAD SIMULATOR 4x4 : REAL,FAMILY,4.2,109,25.0,10000,Free,0.0,Everyone,Simulation,"April 15, 2017",1.4,2.3 and up,,,,,Unknown,,,,
HD Themes Toyota Cruiser 200,PERSONALIZATION,3.7,3,15.0,100,Free,0.0,Teen,Personalization,"October 1, 2016",1.0,2.3.3 and up,,,,,Unknown,,,,
Offroad 4x4 Car Driving,FAMILY,4.3,26224,43.0,1000000,Free,0.0,Everyone,Simulation,"April 29, 2017",1.0.4,2.3 and up,,,,,Unknown,,,,
Motocross Beach Jumping 3D,FAMILY,4.0,105954,43.0,10000000,Free,0.0,Teen,Simulation,"June 5, 2018",1.7.3,4.1 and up,,,,,Unknown,,,,
Offroad drive : 4x4 driving game,GAME,3.5,2071,36.0,100000,Free,0.0,Everyone,Racing,"June 29, 2018",1.0.3,4.1 and up,,,,,Unknown,,,,
Hair saloon - Spa salon,FAMILY,4.2,38473,23.0,10000000,Free,0.0,Everyone,Casual;Pretend Play,"April 11, 2018",1.0.5,4.1 and up,,,,,Unknown,,,,
Rope Hero: Vice Town,GAME,4.4,452589,99.0,10000000,Free,0.0,Mature 17+,Action,"July 1, 2018",2.2,4.0 and up,,,,,Unknown,,,,
Drive 4x4 Luxury SUV Jeep,GAME,4.2,2183,46.0,500000,Free,0.0,Everyone,Racing,"July 10, 2018",1.12,2.3 and up,,,,,Unknown,,,,
Motocross Mayhem,GAME,3.8,35171,45.0,1000000,Free,0.0,Everyone,Racing,"February 11, 2014",1.2,2.3 and up,,,,,Unknown,,,,
Funny Jokes,FAMILY,3.9,2505,2.9,100000,Free,0.0,Mature 17+,Entertainment,"June 18, 2018",1.2,4.1 and up,,,,,Unknown,,,,
Flight Simulator: Fly Plane 3D,FAMILY,4.0,660613,21.0,50000000,Free,0.0,Everyone,Simulation,"March 1, 2017",1.32,2.3 and up,,,,,Unknown,,,,
Motocross Fun Simulator,FAMILY,3.8,22570,35.0,1000000,Free,0.0,Everyone,Simulation,"January 9, 2017",1.2,2.3.3 and up,,,,,Unknown,,,,
Dino Defends king 3 – Dinosaur T rex Hunter Games,GAME,3.6,182,41.0,50000,Free,0.0,Teen,Adventure,"March 1, 2018",2.1,4.1 and up,,,,,Unknown,,,,
Fast Notes FJ,PRODUCTIVITY,4.2,12,2.2,500,Free,0.0,Everyone,Productivity,"August 12, 2014",8.0.0,2.2 and up,,,,,Unknown,,,,
Block Gun 3D: Haunted Hollow,GAME,3.8,16282,35.0,1000000,Free,0.0,Teen,Action,"October 9, 2017",1.1.4,2.3 and up,,,,,Unknown,,,,
Driving Suv Toyota Car Simulator,FAMILY,3.7,187,54.0,10000,Free,0.0,Everyone,Simulation,"November 12, 2017",1,4.0 and up,,,,,Unknown,,,,
Navy Gunner Shoot War 3D,GAME,4.0,103199,44.0,10000000,Free,0.0,Teen,Action,"August 2, 2018",1.0.7.8,4.2 and up,,,,,Unknown,,,,
Drift Legends,GAME,4.2,33788,27.0,1000000,Free,0.0,Everyone,Racing,"March 29, 2018",1.8.5,4.1 and up,,,,,Unknown,,,,
FK,MEDICAL,4.4,1517,8.5,100000,Free,0.0,Everyone,Medical,"July 13, 2018",2.5.9,2.3 and up,,,,,Unknown,,,,
Fairy Kingdom: World of Magic and Farming,FAMILY,4.4,129542,63.0,1000000,Free,0.0,Everyone,Strategy;Creativity,"July 23, 2018",2.4.9,4.0.3 and up,,,,,Unknown,,,,
FK Željezničar,SPORTS,4.9,1420,20.0,10000,Free,0.0,Everyone,Sports,"July 12, 2018",2.5.0,4.2 and up,,,,,Unknown,,,,
FK CLASSIC FOR YOU,BUSINESS,5.0,1,3.5,10,Free,0.0,Everyone,Business,"February 20, 2018",1.1.0,4.0 and up,,,,,Unknown,,,,
Kernel Manager for Franco Kernel ✨,TOOLS,4.8,12700,10.0,100000,Paid,3.49,Everyone,Tools,"August 3, 2018",3.2.5,5.0 and up,,,,,Unknown,,,,
Ray Financial Calculator Pro,FINANCE,4.0,67,2.4,10000,Paid,2.99,Everyone,Finance,"July 3, 2017",4,3.2 and up,,,,,Unknown,,,,
Toy Truck Rally 3D,GAME,4.0,301895,25.0,50000000,Free,0.0,Everyone,Racing,"May 23, 2018",1.4.4,4.1 and up,,,,,Unknown,,,,
FK Crvena zvezda,SPORTS,4.9,1211,15.0,10000,Free,0.0,Everyone,Sports,"January 22, 2018",1.0.1,4.4 and up,,,,,Unknown,,,,
PRO MX MOTOCROSS 2,GAME,3.8,25275,21.0,5000000,Free,0.0,Everyone,Racing,"August 11, 2017",1.10,2.3 and up,,,,,Unknown,,,,
FK Željezničar Izzy,FAMILY,4.9,119,17.0,1000,Free,0.0,Everyone,Entertainment,"November 18, 2016",1.0,4.4 and up,,,,,Unknown,,,,
FK Atlantas,SPORTS,1.5,2,26.0,5,Free,0.0,Everyone,Sports,"February 21, 2018",1.0,4.1 and up,,,,,Unknown,,,,
FK Dedinje BGD,SPORTS,5.0,36,2.6,100,Free,0.0,Everyone,Sports,"February 11, 2017",1.1,4.0 and up,,,,,Unknown,,,,
FK Crvena Zvezda Izzy,TOOLS,4.8,1456,15.0,50000,Free,0.0,Everyone,Tools,"November 14, 2016",1.2,4.4 and up,,,,,Unknown,,,,
Crazy Freekick,SPORTS,3.9,47688,17.0,5000000,Free,0.0,Everyone,Sports,"May 18, 2016",1.0.15,2.3 and up,,,,,Unknown,,,,
FL State Parks Guide,TRAVEL_AND_LOCAL,3.7,871,45.0,100000,Free,0.0,Everyone,Travel & Local,"October 27, 2017",5.29.23 Domain 253,4.4 and up,,,,,Unknown,,,,
FL SW Fishing Regulations,SPORTS,4.6,60,24.0,1000,Paid,1.99,Everyone,Sports,"March 7, 2014",1.03,2.2 and up,,,,,Unknown,,,,
Permit Test FL Florida DHSMV,FAMILY,4.7,246,11.0,10000,Free,0.0,Everyone,Education,"October 12, 2017",2.9.0,4.1 and up,,,,,Unknown,,,,
FL Lottery Results,FAMILY,4.6,1481,3.1,50000,Free,0.0,Teen,Entertainment,"March 31, 2018",3.7,4.1 and up,,,,,Unknown,,,,
Florida DMV Permit Test -Fl,FAMILY,4.3,87,30.0,10000,Free,0.0,Everyone,Education,"February 15, 2018",6.0.3,4.4 and up,,,,,Unknown,,,,
Lottery Results: Florida,FAMILY,4.2,582,3.2,100000,Free,0.0,Teen,Entertainment,"January 22, 2018",4.0,4.0 and up,,,,,Unknown,,,,
Scratch-Off Guide for FL Lotto,FAMILY,4.6,25,5.6,5000,Free,0.0,Everyone,Entertainment,"July 4, 2018",1.11,4.0.3 and up,,,,,Unknown,,,,
"Charlotte County, FL",PRODUCTIVITY,4.7,10,7.1,1000,Free,0.0,Everyone,Productivity,"February 23, 2017",3.9.4,4.0.3 and up,,,,,Unknown,,,,
Results for FL Lottery,NEWS_AND_MAGAZINES,4.6,146,7.1,10000,Free,0.0,Everyone,News & Magazines,"February 28, 2017",3.0,4.1 and up,,,,,Unknown,,,,
Check Lottery Tickets - Florida,FAMILY,2.0,27,31.0,5000,Free,0.0,Teen,Entertainment,"October 17, 2017",2.1,4.0.3 and up,,,,,Unknown,,,,
Fish|Hunt FL,LIFESTYLE,3.6,853,34.0,100000,Free,0.0,Everyone,Lifestyle,"March 22, 2018",3.2.0,4.1 and up,,,,,Unknown,,,,
Florida 511,TOOLS,3.2,148,9.2,50000,Free,0.0,Everyone,Tools,"August 14, 2017",1.0.18,4.0.3 and up,,,,,Unknown,,,,
Florida Storms,WEATHER,3.8,116,36.0,10000,Free,0.0,Everyone,Weather,"December 26, 2017",2.0.11,4.4 and up,,,,,Unknown,,,,
FL Racing Manager 2018 Lite,SPORTS,4.0,1338,15.0,100000,Free,0.0,Everyone,Sports,"March 17, 2018",1.18,3.0 and up,,,,,Unknown,,,,
Florida Tides & Weather,WEATHER,3.8,30,2.0,1000,Paid,6.99,Everyone,Weather,"May 6, 2015",2.0.0,2.3 and up,,,,,Unknown,,,,
FL Tax-Verify,BUSINESS,3.8,17,6.1,5000,Free,0.0,Everyone,Business,"November 9, 2016",1.1.3,4.0 and up,,,,,Unknown,,,,
FL Racing Manager 2015 Pro,SPORTS,4.4,656,22.0,5000,Paid,0.99,Everyone,Sports,"March 12, 2016",0.858,3.0 and up,,,,,Unknown,,,,
Lottery Driver- Florida Result,FAMILY,4.4,70,4.4,5000,Free,0.0,Teen,Entertainment,"April 16, 2017",2.5,4.1 and up,,,,,Unknown,,,,
Florida Travel Guide,TRAVEL_AND_LOCAL,3.8,11,86.0,1000,Free,0.0,Everyone,Travel & Local,"July 11, 2018",6.8.2,4.1 and up,,,,,Unknown,,,,
The Florida Trail Guide,TRAVEL_AND_LOCAL,4.3,100,13.0,5000,Free,0.0,Everyone,Travel & Local,"April 1, 2017",6.0.18,4.1 and up,,,,,Unknown,,,,
Florida - Pocket Brainbook,BOOKS_AND_REFERENCE,4.6,7,12.0,1000,Free,0.0,Everyone,Books & Reference,"March 19, 2018",1.0.9,4.4 and up,,,,,Unknown,,,,
Lottery Ticket Checker - Florida Results & Lotto,TOOLS,1.0,3,41.0,500,Free,0.0,Everyone,Tools,"December 12, 2017",1.0,4.2 and up,,,,,Unknown,,,,
Florida Statutes (FL Code),BOOKS_AND_REFERENCE,3.2,5,8.2,1000,Free,0.0,Everyone,Books & Reference,"October 21, 2017",1.5,4.4 and up,,,,,Unknown,,,,
Discovery Church Florida,LIFESTYLE,4.7,40,8.0,1000,Free,0.0,Teen,Lifestyle,"June 25, 2018",3.8.0,4.1 and up,,,,,Unknown,,,,
FL Racing Manager 2018 Pro,SPORTS,4.3,340,15.0,5000,Paid,1.99,Everyone,Sports,"March 17, 2018",1.18,3.0 and up,,,,,Unknown,,,,
Florida Driver License Test,FAMILY,4.5,65,0.47,5000,Free,0.0,Everyone,Education,"January 30, 2016",2.0,2.1 and up,,,,,Unknown,,,,
Free Florida DMV Test 2018,FAMILY,4.1,665,5.3,50000,Free,0.0,Everyone,Education,"May 24, 2018",8.1,4.0.3 and up,,,,,Unknown,,,,
Canvas FL,FAMILY,4.9,36,9.4,1000,Free,0.0,Teen,Education,"June 25, 2018",3.8.0,4.1 and up,,,,,Unknown,,,,
Florida Lottery Results,NEWS_AND_MAGAZINES,4.1,763,2.2,100000,Free,0.0,Everyone,News & Magazines,"December 18, 2015",2.0,2.3.3 and up,,,,,Unknown,,,,
Florida Cooling Supply HVAC,PRODUCTIVITY,4.2,6,43.0,500,Free,0.0,Everyone,Productivity,"July 27, 2018",8.1.10.41,4.4 and up,,,,,Unknown,,,,
Restaurant Inspections - FL,HEALTH_AND_FITNESS,3.5,143,0.226,10000,Free,0.0,Everyone,Health & Fitness,"June 12, 2013",1.1,2.2 and up,,,,,Unknown,,,,
Florida Keys,TRAVEL_AND_LOCAL,4.2,92,20.0,10000,Free,0.0,Everyone,Travel & Local,"April 6, 2017",4.1,4.0.3 and up,,,,,Unknown,,,,
South Florida AA Meetings,LIFESTYLE,5.0,10,21.0,1000,Free,0.0,Everyone,Lifestyle,"May 24, 2018",2.18,4.1 and up,,,,,Unknown,,,,
Florida Travel Guide - TOURIAS,TRAVEL_AND_LOCAL,3.8,80,37.0,10000,Free,0.0,Everyone,Travel & Local,"July 30, 2018",3.21,4.0 and up,,,,,Unknown,,,,
Florida State Gameday,SPORTS,4.7,1566,26.0,50000,Free,0.0,Everyone,Sports,"July 13, 2018",9.19.2,4.1 and up,,,,,Unknown,,,,
"News-Journal-Daytona Beach, FL",NEWS_AND_MAGAZINES,4.5,76,7.8,5000,Free,0.0,Everyone,News & Magazines,"July 3, 2018",5.0,4.4 and up,,,,,Unknown,,,,
"Trinity Church Deltona, FL",LIFESTYLE,5.0,33,28.0,500,Free,0.0,Everyone,Lifestyle,"May 7, 2018",1.9.0.0,2.3.3 and up,,,,,Unknown,,,,
FL Drone 2,PHOTOGRAPHY,3.3,41,7.8,5000,Free,0.0,Everyone,Photography,"August 17, 2017",1.0.7,2.2 and up,,,,,Unknown,,,,
"Beacon Baptist Jupiter, FL",LIFESTYLE,5.0,14,2.6,100,Free,0.0,Everyone,Lifestyle,"October 13, 2017",2.4,4.0.3 and up,,,,,Unknown,,,,
University of Florida,FAMILY,4.0,168,7.6,10000,Free,0.0,Everyone,Education,"October 2, 2017",2.0,4.1 and up,,,,,Unknown,,,,
"Ocala Star Banner, FL",NEWS_AND_MAGAZINES,4.5,75,8.1,5000,Free,0.0,Everyone,News & Magazines,"July 25, 2018",5.1,4.4 and up,,,,,Unknown,,,,
Alachua County Sheriff FL,LIFESTYLE,3.2,5,9.5,100,Free,0.0,Everyone,Lifestyle,"May 13, 2015",1.0,4.0 and up,,,,,Unknown,,,,
Lotto Results - Mega Millions Powerball Lottery US,NEWS_AND_MAGAZINES,4.5,14221,1.8,1000000,Free,0.0,Teen,News & Magazines,"December 11, 2015",2.0.3,2.3.3 and up,,,,,Unknown,,,,
Jax Sheriff (FL),LIFESTYLE,4.2,53,16.0,5000,Free,0.0,Everyone,Lifestyle,"June 25, 2018",2.0.1,4.1 and up,,,,,Unknown,,,,
Hidden Object Florida Vacation Adventure Fun Game,FAMILY,3.7,126,45.0,10000,Free,0.0,Everyone,Casual,"June 18, 2018",1.4,4.0.3 and up,,,,,Unknown,,,,
WFLA News Channel 8 - Tampa FL,NEWS_AND_MAGAZINES,3.8,133,14.0,10000,Free,0.0,Everyone,News & Magazines,"July 18, 2018",v4.30.0.8,5.0 and up,,,,,Unknown,,,,
Florida Beach Wallpapers HD,TRAVEL_AND_LOCAL,5.0,3,12.0,100,Free,0.0,Everyone,Travel & Local,"December 30, 2015",1.8.1,4.1 and up,,,,,Unknown,,,,
My MLS App,LIFESTYLE,4.1,1213,13.0,100000,Free,0.0,Everyone,Lifestyle,"June 4, 2018",2.8.4,4.0.3 and up,,,,,Unknown,,,,
Employ Florida Mobile,BUSINESS,2.9,97,9.9,10000,Free,0.0,Everyone,Business,"June 13, 2018",4.5.9,4.0.3 and up,,,,,Unknown,,,,
PriorityONE Credit Union of Fl,FINANCE,4.7,178,12.0,1000,Free,0.0,Everyone,Finance,"June 12, 2018",5.9.1.0,5.0 and up,,,,,Unknown,,,,
Florida Wildflowers,FAMILY,5.0,5,69.0,1000,Free,0.0,Everyone,Education,"July 10, 2017",1.5,4.1 and up,,,,,Unknown,,,,
Florida Blue,HEALTH_AND_FITNESS,3.2,499,34.0,100000,Free,0.0,Everyone,Health & Fitness,"July 10, 2018",4.2.1,7.0 and up,,,,,Unknown,,,,
Florida Tech Mobile,FAMILY,3.8,87,5.4,5000,Free,0.0,Everyone,Education,"September 13, 2016",5.2,4.1 and up,,,,,Unknown,,,,
Florida Offline Road Map,TRAVEL_AND_LOCAL,3.8,144,8.7,10000,Free,0.0,Everyone,Travel & Local,"October 2, 2014",5.0,2.3.3 and up,,,,,Unknown,,,,
Florida Map offline,TRAVEL_AND_LOCAL,4.6,8,18.0,1000,Free,0.0,Everyone,Travel & Local,"June 22, 2018",1.73,4.3 and up,,,,,Unknown,,,,
"The Ledger - Lakeland, Florida",NEWS_AND_MAGAZINES,4.6,89,5.7,5000,Free,0.0,Everyone,News & Magazines,"February 17, 2018",5.0,4.4 and up,,,,,Unknown,,,,
FRONTLINE COMMANDO,GAME,4.4,1351833,12.0,10000000,Free,0.0,Teen,Action,"October 28, 2013",3.0.3,2.1 and up,,,,,Unknown,,,,
Gainesville Florida Police Department,LIFESTYLE,4.8,4,15.0,500,Free,0.0,Everyone,Lifestyle,"November 22, 2017",1.1,4.1 and up,,,,,Unknown,,,,
Gainesville Bus Tracker,MAPS_AND_NAVIGATION,4.2,63,1.6,10000,Free,0.0,Everyone,Maps & Navigation,"August 25, 2015",1.0.6,4.0 and up,,,,,Unknown,,,,
Florida Today,NEWS_AND_MAGAZINES,3.3,202,38.0,10000,Free,0.0,Everyone 10+,News & Magazines,"June 20, 2018",5.9.5,5.0 and up,,,,,Unknown,,,,
Florida HSMV Driver License,FAMILY,3.9,14,11.0,1000,Free,0.0,Everyone,Education,"January 13, 2015",1.3,4.0 and up,,,,,Unknown,,,,
WSVN - 7 News Miami,NEWS_AND_MAGAZINES,4.5,3320,14.0,100000,Free,0.0,Everyone,News & Magazines,"August 3, 2018",v4.30.0.9,5.0 and up,,,,,Unknown,,,,
First Federal Bank of Florida,FINANCE,4.3,133,30.0,10000,Free,0.0,Everyone,Finance,"May 23, 2018",18.1.79,5.0 and up,,,,,Unknown,,,,
South Florida MLS,LIFESTYLE,4.4,133,13.0,10000,Free,0.0,Everyone,Lifestyle,"June 2, 2018",2.8.4,4.0.3 and up,,,,,Unknown,,,,
FN Cam,PHOTOGRAPHY,3.4,181,10.0,10000,Free,0.0,Everyone,Photography,"January 13, 2016",1.1.5,4.0.3 and up,,,,,Unknown,,,,
How it Works: FN SCAR assault rifle,FAMILY,4.6,44,45.0,10000,Free,0.0,Everyone,Casual,"January 9, 2018",2.1.9f7,4.0.3 and up,,,,,Unknown,,,,
FutureNet your social app,SOCIAL,4.2,2093,7.0,100000,Free,0.0,Teen,Social,"March 8, 2018",3.36,4.2 and up,,,,,Unknown,,,,
Ninja FN Button,FAMILY,4.8,12,12.0,1000,Free,0.0,Teen,Entertainment,"July 4, 2018",1.1,4.0 and up,,,,,Unknown,,,,
Wallpapers FN SCAR H,PERSONALIZATION,5.0,4,9.2,100,Free,0.0,Teen,Personalization,"April 12, 2018",1.0,4.1 and up,,,,,Unknown,,,,
FN,BUSINESS,5.0,14,3.3,50,Free,0.0,Everyone,Business,"February 1, 2018",1.0,4.0 and up,,,,,Unknown,,,,
F N Bail Bonds,LIFESTYLE,3.8,4,14.0,500,Free,0.0,Everyone,Lifestyle,"January 6, 2017",1.4,4.0.3 and up,,,,,Unknown,,,,
SB · FN 1870 Mobile Banking,FINANCE,2.9,139,3.3,10000,Free,0.0,Everyone,Finance,"June 19, 2017",3.0.5,4.0 and up,,,,,Unknown,,,,
PIP-Camera FN Photo Effect,PHOTOGRAPHY,4.6,8,9.0,1000,Free,0.0,Everyone,Photography,"December 4, 2016",1.0,2.3 and up,,,,,Unknown,,,,
Bullet - FN Theme,PERSONALIZATION,3.8,143,0.24,5000,Free,0.0,Everyone,Personalization,"July 31, 2013",1.0,2.2 and up,,,,,Unknown,,,,
Gun Builder ELITE,GAME,4.1,88941,34.0,1000000,Free,0.0,Teen,Action,"July 26, 2016",3.1.7,4.0 and up,,,,,Unknown,,,,
Magnum 3.0 Gun Custom SImulator,GAME,4.5,16815,59.0,1000000,Free,0.0,Teen,Action,"August 4, 2018",1.0404,4.0.3 and up,,,,,Unknown,,,,
Circle Colors Pack-FN Theme,PERSONALIZATION,4.2,6,0.089,50,Paid,0.99,Everyone,Personalization,"August 9, 2013",1.0,2.2 and up,,,,,Unknown,,,,
Pint - FN Theme,PERSONALIZATION,2.5,6,0.234,100,Free,0.0,Everyone,Personalization,"August 10, 2013",1.0,2.2 and up,,,,,Unknown,,,,
HAL-9000 - FN Theme,PERSONALIZATION,3.5,159,0.257,10000,Free,0.0,Everyone,Personalization,"August 16, 2013",1.0,2.2 and up,,,,,Unknown,,,,
Fresh News,NEWS_AND_MAGAZINES,4.4,2207,9.8,100000,Free,0.0,Everyone,News & Magazines,"July 26, 2018",41.0,4.1 and up,,,,,Unknown,,,,
Fruit Ninja Classic,GAME,4.3,85468,36.0,1000000,Paid,0.99,Everyone,Arcade,"June 8, 2018",2.4.1.485300,4.0.3 and up,,,,,Unknown,,,,
Hunting Safari 3D,SPORTS,4.2,36183,20.0,5000000,Free,0.0,Teen,Sports,"January 20, 2018",1.4,2.1 and up,,,,,Unknown,,,,
Gun Club Armory,GAME,4.2,55014,28.0,1000000,Free,0.0,Teen,Action,"December 4, 2017",1.2.6,4.1 and up,,,,,Unknown,,,,
Ethical Hacking,FAMILY,4.1,128,3.2,10000,Free,0.0,Everyone,Education,"July 9, 2018",1.3,4.0.3 and up,,,,,Unknown,,,,
Armed Cam Gun Pack,GAME,4.2,1012,50.0,10000,Free,0.0,Teen,Action,"January 18, 2015",1.0.2,3.0 and up,,,,,Unknown,,,,
Zombie Defense,FAMILY,4.3,275048,41.0,10000000,Free,0.0,Teen,Strategy,"June 22, 2018",12.2,2.3 and up,,,,,Unknown,,,,
Fo File Manager,TOOLS,4.5,1916,0.364,100000,Free,0.0,Everyone,Tools,"December 31, 2015",1.8.8,2.1 and up,,,,,Unknown,,,,
Alarm.fo – choose your info,SOCIAL,4.4,19,3.1,1000,Free,0.0,Everyone,Social,"May 29, 2018",1.4.8,4.1 and up,,,,,Unknown,,,,
FO Bixby,PERSONALIZATION,5.0,5,0.861,100,Paid,0.99,Everyone,Personalization,"April 25, 2018",0.2,7.0 and up,,,,,Unknown,,,,
Pin-fo,FAMILY,4.6,19,1.6,500,Free,0.0,Everyone,Entertainment,"August 15, 2016",3rd Release Aug 2016,2.2 and up,,,,,Unknown,,,,
Mu.F.O.,GAME,5.0,2,16.0,1,Paid,0.99,Everyone,Arcade,"March 3, 2017",1.0,2.3 and up,,,,,Unknown,,,,
Fo Fo Fish,GAME,3.4,5,21.0,50,Free,0.0,Everyone,Arcade,"August 25, 2015",1.0,2.3 and up,,,,,Unknown,,,,
Neon Blue Gaming Wallpaper&Theme fo Lenovo K8 Note,BUSINESS,4.6,7,2.0,500,Free,0.0,Everyone,Business,"August 24, 2017",1.0.0,2.3.3 and up,,,,,Unknown,,,,
Stylish Fonts,PERSONALIZATION,3.8,153176,4.3,10000000,Free,0.0,Everyone,Personalization,"August 7, 2018",1.17,4.0.3 and up,,,,,Unknown,,,,
4x4 Jeep Racer,GAME,4.1,7279,54.0,1000000,Free,0.0,Everyone,Racing,"March 9, 2018",1.5,4.0 and up,,,,,Unknown,,,,
FunForMobile Ringtones & Chat,SOCIAL,4.4,68358,7.2,5000000,Free,0.0,Mature 17+,Social,"May 7, 2016",3.22,4.1 and up,,,,,Unknown,,,,
Free Slideshow Maker & Video Editor,PHOTOGRAPHY,4.2,162564,11.0,10000000,Free,0.0,Everyone,Photography,"August 5, 2018",5.2,4.0 and up,,,,,Unknown,,,,
Frontline Terrorist Battle Shoot: Free FPS Shooter,GAME,4.2,9183,49.0,1000000,Free,0.0,Mature 17+,Action,"June 22, 2018",1.1,4.4 and up,,,,,Unknown,,,,
BankNordik,FINANCE,3.9,28,15.0,5000,Free,0.0,Everyone,Finance,"August 8, 2018",7.3.2,5.0 and up,,,,,Unknown,,,,
Sona - Nær við allastaðni,LIFESTYLE,4.2,31,25.0,1000,Free,0.0,Everyone,Lifestyle,"August 2, 2018",1.6.3,4.4 and up,,,,,Unknown,,,,
Mad Dash Fo' Cash,GAME,5.0,14,16.0,100,Free,0.0,Everyone,Arcade,"June 19, 2017",2.5a,4.1 and up,,,,,Unknown,,,,
Launcher Theme for LG K10 2018,PERSONALIZATION,4.0,649,11.0,100000,Free,0.0,Everyone,Personalization,"March 30, 2017",1.0,2.3.3 and up,,,,,Unknown,,,,
Mobile Kick,SPORTS,4.3,111809,40.0,10000000,Free,0.0,Everyone,Sports,"February 7, 2018",1.0.21,4.1 and up,,,,,Unknown,,,,
English To Shona Dictionary,BOOKS_AND_REFERENCE,4.6,60,3.7,10000,Free,0.0,Everyone,Books & Reference,"July 10, 2016",1.4,3.0 and up,,,,,Unknown,,,,
Thumbnail Maker,PHOTOGRAPHY,4.4,26252,24.0,1000000,Free,0.0,Everyone,Photography,"May 26, 2018",1.7,4.2 and up,,,,,Unknown,,,,
Fon WiFi App – WiFi Connect,TOOLS,4.1,222,16.0,50000,Free,0.0,Everyone,Tools,"July 26, 2018",2.2.4,4.4 and up,,,,,Unknown,,,,
MOD-MASTER for Minecraft PE (Pocket Edition) Free,TOOLS,4.2,271908,8.1,10000000,Free,0.0,Everyone,Tools,"August 2, 2018",3.3.0,4.0 and up,,,,,Unknown,,,,
MX Player Codec (ARMv7),LIBRARIES_AND_DEMO,4.3,332083,6.3,10000000,Free,0.0,Everyone,Libraries & Demo,"April 23, 2018",1.9.19,4.0 and up,,,,,Unknown,,,,
FeaturePoints: Free Gift Cards,FAMILY,3.9,121321,46.0,5000000,Free,0.0,Everyone,Entertainment,"October 22, 2016",8.7,4.0.3 and up,,,,,Unknown,,,,
Draw with FP sDraw,TOOLS,4.3,3268,0.467,100000,Free,0.0,Everyone,Tools,"December 16, 2017",6.6,2.0 and up,,,,,Unknown,,,,
FP Click sound changer,PERSONALIZATION,3.5,178,1.4,10000,Free,0.0,Everyone,Personalization,"December 26, 2015",1.0,1.6 and up,,,,,Unknown,,,,
FP Legacy,MAPS_AND_NAVIGATION,4.0,3,44.0,1000,Free,0.0,Everyone,Maps & Navigation,"July 2, 2018",3.4.0,4.0 and up,,,,,Unknown,,,,
Race Manager FP,GAME,3.8,196,11.0,5000,Free,0.0,Everyone,Racing,"November 3, 2014",2.1,2.2 and up,,,,,Unknown,,,,
FreedomPop Messaging Phone/SIM,COMMUNICATION,3.6,9894,39.0,500000,Free,0.0,Everyone,Communication,"July 26, 2018",23.01.1265.0712,4.1 and up,,,,,Unknown,,,,
PhotoFunia,PHOTOGRAPHY,4.3,316378,4.4,10000000,Free,0.0,Everyone,Photography,"June 3, 2017",4.0.7.0,2.3 and up,,,,,Unknown,,,,
Fingerprint Quick Action,TOOLS,4.2,8484,1.7,1000000,Free,0.0,Everyone,Tools,"July 22, 2018",0.15.2,6.0 and up,,,,,Unknown,,,,
GKPB FP Online Church,LIFESTYLE,5.0,32,7.9,1000,Free,0.0,Everyone,Lifestyle,"December 31, 2017",0.7.1,4.4 and up,,,,,Unknown,,,,
FP BW LCD View,FAMILY,3.4,16,1.2,500,Free,0.0,Everyone,Entertainment,"March 31, 2016",1.0,4.0.3 and up,,,,,Unknown,,,,
FP Charging Daydream,PERSONALIZATION,3.5,96,3.8,5000,Free,0.0,Everyone,Personalization,"November 23, 2015",2.0,4.2 and up,,,,,Unknown,,,,
FP Runner,GAME,3.7,38,29.0,1000,Free,0.0,Everyone,Arcade,"June 29, 2016",1.12,3.1 and up,,,,,Unknown,,,,
Finger Scanner Gestures,TOOLS,4.2,2531,3.3,100000,Free,0.0,Everyone,Tools,"July 30, 2017",1.2.4,6.0 and up,,,,,Unknown,,,,
FP FCU,FINANCE,3.6,48,26.0,5000,Free,0.0,Everyone,Finance,"April 5, 2018",4.6.71,4.0.3 and up,,,,,Unknown,,,,
SCM FPS Status,BUSINESS,4.2,123,3.3,10000,Free,0.0,Everyone,Business,"April 28, 2018",3.5,2.3 and up,,,,,Unknown,,,,
Hondata Mobile,MAPS_AND_NAVIGATION,4.3,334,0.676,10000,Free,0.0,Everyone,Maps & Navigation,"August 23, 2016",1.3,2.3.3 and up,,,,,Unknown,,,,
FreedomPop Friends for Free Data,TOOLS,4.4,58,2.5,5000,Free,0.0,Everyone,Tools,"July 24, 2018",2017.07.24,4.1 and up,,,,,Unknown,,,,
Fisher-Price® Smart Connect™,TOOLS,2.7,422,72.0,50000,Free,0.0,Everyone,Tools,"February 23, 2018",2.4.1,4.4 and up,,,,,Unknown,,,,
Fingerprint Lock Screen Prank,TOOLS,4.1,10786,4.3,1000000,Free,0.0,Everyone,Tools,"December 9, 2017",5.0,4.0 and up,,,,,Unknown,,,,
Fast Tract Diet,HEALTH_AND_FITNESS,4.4,35,2.4,1000,Paid,7.99,Everyone,Health & Fitness,"August 8, 2018",1.9.3,4.2 and up,,,,,Unknown,,,,
FP Разбитый дисплей,FAMILY,4.5,922,0.552,50000,Free,0.0,Everyone,Entertainment,"September 20, 2014",1.1,1.6 and up,,,,,Unknown,,,,
FreedomPop Diagnostics,TOOLS,2.9,452,7.0,100000,Free,0.0,Everyone,Tools,"July 17, 2017",1.03.123.0713,4.0.3 and up,,,,,Unknown,,,,
NFP 2018,EVENTS,4.8,8,16.0,500,Free,0.0,Everyone,Events,"January 9, 2018",1.0.3,4.2 and up,,,,,Unknown,,,,
Modern Counter Terrorist FPS Shoot,GAME,4.0,795,41.0,100000,Free,0.0,Teen,Action,"August 29, 2017",1.2,2.3 and up,,,,,Unknown,,,,
FQ METER,PRODUCTIVITY,3.9,17,2.4,1000,Free,0.0,Everyone,Productivity,"April 23, 2017",1.1,4.0 and up,,,,,Unknown,,,,
Monster Ride Pro,GAME,5.0,1,24.0,10,Free,0.0,Everyone,Racing,"March 5, 2018",2.0,2.3 and up,,,,,Unknown,,,,
BEBONCOOL GAMEPAD V1.0,GAME,3.9,404,2.2,100000,Free,0.0,Everyone,Arcade,"August 30, 2017",1.2,4.0 and up,,,,,Unknown,,,,
Union League,FAMILY,4.0,939,38.0,10000,Free,0.0,Everyone,Role Playing,"June 8, 2018",1.0.0.96,4.1 and up,,,,,Unknown,,,,
Fortune Quest: Savior,FAMILY,3.6,135,75.0,10000,Free,0.0,Everyone 10+,Role Playing,"June 1, 2018",1.022,4.4 and up,,,,,Unknown,,,,
Modern Counter 3: FPS Multiplayers battlegro 3,FAMILY,4.1,17,50.0,1000,Free,0.0,Everyone,Strategy,"March 16, 2018",15,4.1 and up,,,,,Unknown,,,,
Modern Strike Online,GAME,4.3,834117,44.0,10000000,Free,0.0,Teen,Action,"July 30, 2018",1.25.4,4.1 and up,,,,,Unknown,,,,
Trine 2: Complete Story,GAME,3.8,252,11.0,10000,Paid,16.99,Teen,Action,"February 27, 2015",2.22,5.0 and up,,,,,Unknown,,,,
Modern Counter Terror Attack – Shooting Game,GAME,4.2,340,72.0,50000,Free,0.0,Mature 17+,Action,"October 27, 2017",1.0,4.1 and up,,,,,Unknown,,,,
Big Hunter,GAME,4.3,245455,84.0,10000000,Free,0.0,Everyone 10+,Action,"May 31, 2018",2.8.6,4.0 and up,,,,,Unknown,,,,
"sugar, sugar",FAMILY,4.2,1405,9.5,10000,Paid,1.2,Everyone,Puzzle,"June 5, 2018",2.7,2.3 and up,,,,,Unknown,,,,
ChopAssistant,TOOLS,4.2,455,2.8,50000,Free,0.0,Everyone,Tools,"February 28, 2017",1.6,6.0 and up,,,,,Unknown,,,,
Modern Counter Global Strike 3D,GAME,4.1,297,48.0,50000,Free,0.0,Teen,Action,"March 28, 2018",1.2,4.1 and up,,,,,Unknown,,,,
Modern Counter Global Strike 3D V2,GAME,4.0,368,48.0,50000,Free,0.0,Everyone 10+,Action,"March 28, 2018",1.7,4.1 and up,,,,,Unknown,,,,
HipChat - beta version,COMMUNICATION,4.1,1035,20.0,50000,Free,0.0,Everyone,Communication,"August 7, 2018",3.20.001,4.1 and up,,,,,Unknown,,,,
Winter Wonderland,GAME,4.0,1287,38.0,50000,Free,0.0,Everyone,Word,"December 18, 2013",1.0,2.2 and up,,,,,Unknown,,,,
Soccer Clubs Logo Quiz,GAME,4.2,21661,16.0,1000000,Free,0.0,Everyone,Trivia,"May 24, 2018",1.3.81,4.0 and up,,,,,Unknown,,,,
Sid Story,GAME,4.4,28510,78.0,500000,Free,0.0,Teen,Card,"August 1, 2018",2.6.6,4.0.3 and up,,,,,Unknown,,,,
Reindeer VPN - Proxy VPN,TOOLS,4.2,7339,4.0,100000,Free,0.0,Everyone,Tools,"May 10, 2018",1.74,4.1 and up,,,,,Unknown,,,,
Inf VPN - Global Proxy & Unlimited Free WIFI VPN,TOOLS,4.7,61445,7.8,1000000,Free,0.0,Everyone,Tools,"July 26, 2018",1.9.734,4.1 and up,,,,,Unknown,,,,
Fuel Rewards® program,LIFESTYLE,4.6,32433,46.0,1000000,Free,0.0,Everyone,Lifestyle,"June 26, 2018",2.9.1,5.0 and up,,,,,Unknown,,,,
Fr Daoud Lamei,SOCIAL,4.7,2036,6.8,100000,Free,0.0,Everyone,Social,"May 20, 2018",1.72,4.0.3 and up,,,,,Unknown,,,,
FR Roster,TOOLS,4.1,174,12.0,5000,Free,0.0,Everyone,Tools,"July 30, 2018",6.04,4.4 and up,,,,,Unknown,,,,
Fr Ignacio Outreach,FAMILY,4.9,52,19.0,1000,Free,0.0,Everyone,Education,"January 19, 2018",1.0,4.4 and up,,,,,Unknown,,,,
FR: My Famous Lover,FAMILY,4.0,185,28.0,10000,Free,0.0,Teen,Entertainment,"August 6, 2015",1.3.0,3.0 and up,,,,,Unknown,,,,
Fatal Raid - No.1 Mobile FPS,GAME,4.3,56496,81.0,1000000,Free,0.0,Teen,Action,"August 7, 2018",1.5.447,4.0 and up,,,,,Unknown,,,,
Poker Pro.Fr,GAME,4.2,5442,17.0,100000,Free,0.0,Teen,Card,"May 22, 2018",4.1.3,2.3 and up,,,,,Unknown,,,,
Scoreboard FR,LIFESTYLE,4.3,3,15.0,100,Free,0.0,Everyone,Lifestyle,"August 7, 2018",2.1,4.2 and up,,,,,Unknown,,,,
Castle Clash: RPG War and Strategy FR,FAMILY,4.7,376223,24.0,1000000,Free,0.0,Everyone,Strategy,"July 18, 2018",1.4.2,4.1 and up,,,,,Unknown,,,,
Fr Lupupa Sermons,BUSINESS,4.8,19,21.0,100,Free,0.0,Everyone,Business,"June 12, 2018",1.0,4.4 and up,,,,,Unknown,,,,
Fr Agnel Pune,FAMILY,4.1,80,13.0,1000,Free,0.0,Everyone,Education,"June 13, 2018",2.0.20,4.0.3 and up,,,,,Unknown,,,,
FR: My Secret Pets! ,FAMILY,4.0,785,31.0,50000,Free,0.0,Teen,Entertainment,"June 3, 2015",1.3.1,3.0 and up,,,,,Unknown,,,,
Golden Dictionary (FR-AR),BOOKS_AND_REFERENCE,4.2,5775,4.9,500000,Free,0.0,Everyone,Books & Reference,"July 19, 2018",7.0.4.6,4.2 and up,,,,,Unknown,,,,
HTC Sense Input - FR,TOOLS,4.0,885,8.0,100000,Free,0.0,Everyone,Tools,"October 30, 2015",1.0.612928,5.0 and up,,,,,Unknown,,,,
Fanfic-FR,BOOKS_AND_REFERENCE,3.3,52,3.6,5000,Free,0.0,Teen,Books & Reference,"August 5, 2017",0.3.4,4.1 and up,,,,,Unknown,,,,
Fr. Daoud Lamei,FAMILY,5.0,22,8.6,1000,Free,0.0,Teen,Education,"June 27, 2018",3.8.0,4.1 and up,,,,,Unknown,,,,
Fr Agnel Ambarnath,FAMILY,4.2,117,13.0,5000,Free,0.0,Everyone,Education,"June 13, 2018",2.0.20,4.0.3 and up,,,,,Unknown,,,,
Manga-FR - Anime Vostfr,COMICS,3.4,291,13.0,10000,Free,0.0,Everyone,Comics,"May 15, 2017",2.0.1,4.0 and up,,,,,Unknown,,,,
Bulgarian French Dictionary Fr,BOOKS_AND_REFERENCE,4.6,603,7.4,10000,Free,0.0,Everyone,Books & Reference,"June 19, 2016",2.96,4.1 and up,,,,,Unknown,,,,
News Minecraft.fr,NEWS_AND_MAGAZINES,3.8,881,2.3,100000,Free,0.0,Everyone,News & Magazines,"January 20, 2014",1.5,1.6 and up,,,,,Unknown,,,,
FR Tides,WEATHER,3.8,1195,0.582,100000,Free,0.0,Everyone,Weather,"February 16, 2014",6.0,2.1 and up,,,,,Unknown,,,,
Chemin (fr),BOOKS_AND_REFERENCE,4.8,44,0.619,1000,Free,0.0,Everyone,Books & Reference,"March 23, 2014",0.8,2.2 and up,,,,,Unknown,,,,
FR Calculator,FAMILY,4.0,7,2.6,500,Free,0.0,Everyone,Education,"June 18, 2017",1.0.0,4.1 and up,,,,,Unknown,,,,
Sya9a Maroc - FR,FAMILY,4.5,38,53.0,5000,Free,0.0,Everyone,Education,"July 25, 2017",1.48,4.1 and up,,,,,Unknown,,,,
Fr. Mike Schmitz Audio Teachings,FAMILY,5.0,4,3.6,100,Free,0.0,Everyone,Education,"July 6, 2018",1.0,4.1 and up,,,,,Unknown,,,,
iHoroscope - 2018 Daily Horoscope & Astrology,LIFESTYLE,4.5,398307,19.0,10000000,Free,0.0,Everyone,Lifestyle,"July 25, 2018",Varies with device,Varies with device,,,,,Unknown,,,,
